{
"type": "FeatureCollection",
"name": "theta360",
"crs": { "type": "name", "properties": { "name": "urn:ogc:def:crs:OGC:1.3:CRS84" } },
"features": [
{ "type": "Feature", "properties": { "Name": "R0010102.JPG", "Date": "2020-04-15", "Time": "10:16:38", "North": "", "Azimuth": null, "Cam. Maker": "RICOH                ", "Cam. Model": "RICOH THETA SC     , ... ]", "Timestamp": "2020-04-15T10:16:38", "id": 0 }, "geometry": { "type": "Point", "coordinates": [ 136.921966666666663, 35.548533333333332 ] } },
{ "type": "Feature", "properties": { "Name": "R0010664.JPG", "Date": "2021-10-11", "Time": "15:51:38", "North": "", "Azimuth": null, "Cam. Maker": "RICOH                ", "Cam. Model": "RICOH THETA SC     , ... ]", "Timestamp": "2021-10-11T15:51:38", "id": 1 }, "geometry": { "type": "Point", "coordinates": [ 136.923083333333324, 35.550016666666664 ] } },
{ "type": "Feature", "properties": { "Name": "R0010670.JPG", "Date": "2021-10-11", "Time": "15:53:41", "North": "", "Azimuth": null, "Cam. Maker": "RICOH                ", "Cam. Model": "RICOH THETA SC     , ... ]", "Timestamp": "2021-10-11T15:53:41", "id": 2 }, "geometry": { "type": "Point", "coordinates": [ 136.922883333333317, 35.550166666666662 ] } },
{ "type": "Feature", "properties": { "Name": "R0011208.JPG", "Date": "2021-11-25", "Time": "11:33:25", "North": "", "Azimuth": null, "Cam. Maker": "RICOH                ", "Cam. Model": "RICOH THETA SC     , ... ]", "Timestamp": "2021-11-25T11:33:25", "id": 3 }, "geometry": { "type": "Point", "coordinates": [ 136.922183333333322, 35.549216666666666 ] } },
{ "type": "Feature", "properties": { "Name": "R0010116.JPG", "Date": "2020-04-15", "Time": "10:22:42", "North": "", "Azimuth": null, "Cam. Maker": "RICOH                ", "Cam. Model": "RICOH THETA SC     , ... ]", "Timestamp": "2020-04-15T10:22:42", "id": 4 }, "geometry": { "type": "Point", "coordinates": [ 136.923216666666661, 35.548133333333332 ] } },
{ "type": "Feature", "properties": { "Name": "R0011220.JPG", "Date": "2021-11-25", "Time": "11:42:36", "North": "", "Azimuth": null, "Cam. Maker": "RICOH                ", "Cam. Model": "RICOH THETA SC     , ... ]", "Timestamp": "2021-11-25T11:42:36", "id": 5 }, "geometry": { "type": "Point", "coordinates": [ 136.921433333333312, 35.549066666666661 ] } },
{ "type": "Feature", "properties": { "Name": "R0010658.JPG", "Date": "2021-10-11", "Time": "15:50:13", "North": "", "Azimuth": null, "Cam. Maker": "RICOH                ", "Cam. Model": "RICOH THETA SC     , ... ]", "Timestamp": "2021-10-11T15:50:13", "id": 6 }, "geometry": { "type": "Point", "coordinates": [ 136.923316666666665, 35.54995 ] } },
{ "type": "Feature", "properties": { "Name": "R0010880.JPG", "Date": "2021-10-14", "Time": "14:58:22", "North": "", "Azimuth": null, "Cam. Maker": "RICOH                ", "Cam. Model": "RICOH THETA SC     , ... ]", "Timestamp": "2021-10-14T14:58:22", "id": 7 }, "geometry": { "type": "Point", "coordinates": [ 136.922688888888871, 35.554788888888886 ] } },
{ "type": "Feature", "properties": { "Name": "R0010894.JPG", "Date": "2021-10-14", "Time": "15:02:40", "North": "", "Azimuth": null, "Cam. Maker": "RICOH                ", "Cam. Model": "RICOH THETA SC     , ... ]", "Timestamp": "2021-10-14T15:02:40", "id": 8 }, "geometry": { "type": "Point", "coordinates": [ 136.922530555555539, 35.553575 ] } },
{ "type": "Feature", "properties": { "Name": "R0011234.JPG", "Date": "2021-11-25", "Time": "11:46:14", "North": "", "Azimuth": null, "Cam. Maker": "RICOH                ", "Cam. Model": "RICOH THETA SC     , ... ]", "Timestamp": "2021-11-25T11:46:14", "id": 9 }, "geometry": { "type": "Point", "coordinates": [ 136.921233333333333, 35.549733333333329 ] } },
{ "type": "Feature", "properties": { "Name": "seizaitoutikaku.JPG", "Date": "2021-11-25", "Time": "12:18:31", "North": "", "Azimuth": null, "Cam. Maker": "RICOH                ", "Cam. Model": "RICOH THETA SC     , ... ]", "Timestamp": "2021-11-25T12:18:31", "id": 10 }, "geometry": { "type": "Point", "coordinates": [ 136.919233333333324, 35.553277777777772 ] } },
{ "type": "Feature", "properties": { "Name": "R0010843.JPG", "Date": "2021-10-14", "Time": "14:47:12", "North": "", "Azimuth": null, "Cam. Maker": "RICOH                ", "Cam. Model": "RICOH THETA SC     , ... ]", "Timestamp": "2021-10-14T14:47:12", "id": 11 }, "geometry": { "type": "Point", "coordinates": [ 136.921666666666653, 35.554516666666665 ] } },
{ "type": "Feature", "properties": { "Name": "R0010857.JPG", "Date": "2021-10-14", "Time": "14:52:04", "North": "", "Azimuth": null, "Cam. Maker": "RICOH                ", "Cam. Model": "RICOH THETA SC     , ... ]", "Timestamp": "2021-10-14T14:52:04", "id": 12 }, "geometry": { "type": "Point", "coordinates": [ 136.922291666666666, 35.553838888888883 ] } },
{ "type": "Feature", "properties": { "Name": "R0010466.JPG", "Date": "2021-10-06", "Time": "12:53:15", "North": "", "Azimuth": null, "Cam. Maker": "RICOH                ", "Cam. Model": "RICOH THETA SC     , ... ]", "Timestamp": "2021-10-06T12:53:15", "id": 13 }, "geometry": { "type": "Point", "coordinates": [ 136.925083333333333, 35.547883333333331 ] } },
{ "type": "Feature", "properties": { "Name": "R0010300.JPG", "Date": "2020-04-15", "Time": "11:30:25", "North": "", "Azimuth": null, "Cam. Maker": "RICOH                ", "Cam. Model": "RICOH THETA SC     , ... ]", "Timestamp": "2020-04-15T11:30:25", "id": 14 }, "geometry": { "type": "Point", "coordinates": [ 136.9216, 35.549066666666668 ] } },
{ "type": "Feature", "properties": { "Name": "R0010314.JPG", "Date": "2020-04-15", "Time": "11:34:22", "North": "", "Azimuth": null, "Cam. Maker": "RICOH                ", "Cam. Model": "RICOH THETA SC     , ... ]", "Timestamp": "2020-04-15T11:34:22", "id": 15 }, "geometry": { "type": "Point", "coordinates": [ 136.921033333333327, 35.54865 ] } },
{ "type": "Feature", "properties": { "Name": "R0010472.JPG", "Date": "2021-10-06", "Time": "12:55:03", "North": "", "Azimuth": null, "Cam. Maker": "RICOH                ", "Cam. Model": "RICOH THETA SC     , ... ]", "Timestamp": "2021-10-06T12:55:03", "id": 16 }, "geometry": { "type": "Point", "coordinates": [ 136.92475, 35.547383333333329 ] } },
{ "type": "Feature", "properties": { "Name": "R0011022.JPG", "Date": "2021-10-19", "Time": "09:56:12", "North": "", "Azimuth": null, "Cam. Maker": "RICOH                ", "Cam. Model": "RICOH THETA SC     , ... ]", "Timestamp": "2021-10-19T09:56:12", "id": 17 }, "geometry": { "type": "Point", "coordinates": [ 136.921633333333318, 35.5528 ] } },
{ "type": "Feature", "properties": { "Name": "R0010328.JPG", "Date": "2020-04-15", "Time": "11:42:12", "North": "", "Azimuth": null, "Cam. Maker": "RICOH                ", "Cam. Model": "RICOH THETA SC     , ... ]", "Timestamp": "2020-04-15T11:42:12", "id": 18 }, "geometry": { "type": "Point", "coordinates": [ 136.922333333333341, 35.54955 ] } },
{ "type": "Feature", "properties": { "Name": "R0011036.JPG", "Date": "2021-10-19", "Time": "10:07:40", "North": "", "Azimuth": null, "Cam. Maker": "RICOH                ", "Cam. Model": "RICOH THETA SC     , ... ]", "Timestamp": "2021-10-19T10:07:40", "id": 19 }, "geometry": { "type": "Point", "coordinates": [ 136.921466666666646, 35.552433333333333 ] } },
{ "type": "Feature", "properties": { "Name": "minakinotyaya.JPG", "Date": "2021-11-29", "Time": "10:15:02", "North": "", "Azimuth": null, "Cam. Maker": "RICOH                ", "Cam. Model": "RICOH THETA SC     , ... ]", "Timestamp": "2021-11-29T10:15:02", "id": 20 }, "geometry": { "type": "Point", "coordinates": [ 136.918530555555549, 35.554933333333331 ] } },
{ "type": "Feature", "properties": { "Name": "R0010499.JPG", "Date": "2021-10-11", "Time": "12:39:59", "North": "", "Azimuth": null, "Cam. Maker": "RICOH                ", "Cam. Model": "RICOH THETA SC     , ... ]", "Timestamp": "2021-10-11T12:39:59", "id": 21 }, "geometry": { "type": "Point", "coordinates": [ 136.921097222222215, 35.54676388888889 ] } },
{ "type": "Feature", "properties": { "Name": "R0010512.JPG", "Date": "2021-10-11", "Time": "14:56:25", "North": "", "Azimuth": null, "Cam. Maker": "RICOH                ", "Cam. Model": "RICOH THETA SC     , ... ]", "Timestamp": "2021-10-11T14:56:25", "id": 22 }, "geometry": { "type": "Point", "coordinates": [ 136.926566666666645, 35.551416666666661 ] } },
{ "type": "Feature", "properties": { "Name": "R0010274.JPG", "Date": "2020-04-15", "Time": "11:20:21", "North": "", "Azimuth": null, "Cam. Maker": "RICOH                ", "Cam. Model": "RICOH THETA SC     , ... ]", "Timestamp": "2020-04-15T11:20:21", "id": 23 }, "geometry": { "type": "Point", "coordinates": [ 136.920233333333329, 35.550166666666669 ] } },
{ "type": "Feature", "properties": { "Name": "R0010260.JPG", "Date": "2020-04-15", "Time": "11:13:04", "North": "", "Azimuth": null, "Cam. Maker": "RICOH                ", "Cam. Model": "RICOH THETA SC     , ... ]", "Timestamp": "2020-04-15T11:13:04", "id": 24 }, "geometry": { "type": "Point", "coordinates": [ 136.9209, 35.5502 ] } },
{ "type": "Feature", "properties": { "Name": "R0011156.JPG", "Date": "2021-11-18", "Time": "14:33:25", "North": "", "Azimuth": null, "Cam. Maker": "RICOH                ", "Cam. Model": "RICOH THETA SC     , ... ]", "Timestamp": "2021-11-18T14:33:25", "id": 25 }, "geometry": { "type": "Point", "coordinates": [ 136.923116666666658, 35.554455555555556 ] } },
{ "type": "Feature", "properties": { "Name": "R0010248.JPG", "Date": "2020-04-15", "Time": "11:02:34", "North": "", "Azimuth": null, "Cam. Maker": "RICOH                ", "Cam. Model": "RICOH THETA SC     , ... ]", "Timestamp": "2020-04-15T11:02:34", "id": 26 }, "geometry": { "type": "Point", "coordinates": [ 136.921783333333337, 35.550783333333335 ] } },
{ "type": "Feature", "properties": { "Name": "R0011195.JPG", "Date": "2021-11-25", "Time": "11:06:56", "North": "", "Azimuth": null, "Cam. Maker": "RICOH                ", "Cam. Model": "RICOH THETA SC     , ... ]", "Timestamp": "2021-11-25T11:06:56", "id": 27 }, "geometry": { "type": "Point", "coordinates": [ 136.924725, 35.551208333333328 ] } },
{ "type": "Feature", "properties": { "Name": "R0011181.JPG", "Date": "2021-11-25", "Time": "10:08:40", "North": "", "Azimuth": null, "Cam. Maker": "RICOH                ", "Cam. Model": "RICOH THETA SC     , ... ]", "Timestamp": "2021-11-25T10:08:40", "id": 28 }, "geometry": { "type": "Point", "coordinates": [ 136.921916666666647, 35.553466666666665 ] } },
{ "type": "Feature", "properties": { "Name": "R0010076.JPG", "Date": "2020-04-15", "Time": "09:59:29", "North": "", "Azimuth": null, "Cam. Maker": "RICOH                ", "Cam. Model": "RICOH THETA SC     , ... ]", "Timestamp": "2020-04-15T09:59:29", "id": 29 }, "geometry": { "type": "Point", "coordinates": [ 136.91985, 35.549533333333336 ] } },
{ "type": "Feature", "properties": { "Name": "R0011368.JPG", "Date": "2021-11-29", "Time": "11:41:05", "North": "", "Azimuth": null, "Cam. Maker": "RICOH                ", "Cam. Model": "RICOH THETA SC     , ... ]", "Timestamp": "2021-11-29T11:41:05", "id": 30 }, "geometry": { "type": "Point", "coordinates": [ 136.92095, 35.546466666666667 ] } },
{ "type": "Feature", "properties": { "Name": "R0010710.JPG", "Date": "2021-10-11", "Time": "16:15:33", "North": "", "Azimuth": null, "Cam. Maker": "RICOH                ", "Cam. Model": "RICOH THETA SC     , ... ]", "Timestamp": "2021-10-11T16:15:33", "id": 31 }, "geometry": { "type": "Point", "coordinates": [ 136.924319444444421, 35.552277777777775 ] } },
{ "type": "Feature", "properties": { "Name": "R0010704.JPG", "Date": "2021-10-11", "Time": "16:14:27", "North": "", "Azimuth": null, "Cam. Maker": "RICOH                ", "Cam. Model": "RICOH THETA SC     , ... ]", "Timestamp": "2021-10-11T16:14:27", "id": 32 }, "geometry": { "type": "Point", "coordinates": [ 136.92446666666666, 35.551883333333329 ] } },
{ "type": "Feature", "properties": { "Name": "R0010062.JPG", "Date": "2020-04-15", "Time": "09:52:42", "North": "", "Azimuth": null, "Cam. Maker": "RICOH                ", "Cam. Model": "RICOH THETA SC     , ... ]", "Timestamp": "2020-04-15T09:52:42", "id": 33 }, "geometry": { "type": "Point", "coordinates": [ 136.920383333333319, 35.550333333333334 ] } },
{ "type": "Feature", "properties": { "Name": "R0011354.JPG", "Date": "2021-11-29", "Time": "11:36:18", "North": "", "Azimuth": null, "Cam. Maker": "RICOH                ", "Cam. Model": "RICOH THETA SC     , ... ]", "Timestamp": "2021-11-29T11:36:18", "id": 34 }, "geometry": { "type": "Point", "coordinates": [ 136.920986111111091, 35.547697222222219 ] } },
{ "type": "Feature", "properties": { "Name": "R0011432.JPG", "Date": "2021-11-29", "Time": "12:34:39", "North": "", "Azimuth": null, "Cam. Maker": "RICOH                ", "Cam. Model": "RICOH THETA SC     , ... ]", "Timestamp": "2021-11-29T12:34:39", "id": 35 }, "geometry": { "type": "Point", "coordinates": [ 136.9229, 35.5538 ] } },
{ "type": "Feature", "properties": { "Name": "R0011426.JPG", "Date": "2021-11-29", "Time": "12:14:30", "North": "", "Azimuth": null, "Cam. Maker": "RICOH                ", "Cam. Model": "RICOH THETA SC     , ... ]", "Timestamp": "2021-11-29T12:14:30", "id": 36 }, "geometry": { "type": "Point", "coordinates": [ 136.919766666666646, 35.55005 ] } },
{ "type": "Feature", "properties": { "Name": "R0010738.JPG", "Date": "2021-10-11", "Time": "16:24:19", "North": "", "Azimuth": null, "Cam. Maker": "RICOH                ", "Cam. Model": "RICOH THETA SC     , ... ]", "Timestamp": "2021-10-11T16:24:19", "id": 37 }, "geometry": { "type": "Point", "coordinates": [ 136.923525, 35.552494444444442 ] } },
{ "type": "Feature", "properties": { "Name": "R0011340.JPG", "Date": "2021-11-29", "Time": "11:18:40", "North": "", "Azimuth": null, "Cam. Maker": "RICOH                ", "Cam. Model": "RICOH THETA SC     , ... ]", "Timestamp": "2021-11-29T11:18:40", "id": 38 }, "geometry": { "type": "Point", "coordinates": [ 136.920683333333329, 35.54875 ] } },
{ "type": "Feature", "properties": { "Name": "R0011397.JPG", "Date": "2021-11-29", "Time": "11:49:06", "North": "", "Azimuth": null, "Cam. Maker": "RICOH                ", "Cam. Model": "RICOH THETA SC     , ... ]", "Timestamp": "2021-11-29T11:49:06", "id": 39 }, "geometry": { "type": "Point", "coordinates": [ 136.922866666666664, 35.543566666666663 ] } },
{ "type": "Feature", "properties": { "Name": "R0010089.JPG", "Date": "2020-04-15", "Time": "10:11:35", "North": "", "Azimuth": null, "Cam. Maker": "RICOH                ", "Cam. Model": "RICOH THETA SC     , ... ]", "Timestamp": "2020-04-15T10:11:35", "id": 40 }, "geometry": { "type": "Point", "coordinates": [ 136.920783333333333, 35.548883333333336 ] } },
{ "type": "Feature", "properties": { "Name": "R0010937.JPG", "Date": "2021-10-14", "Time": "15:30:11", "North": "", "Azimuth": null, "Cam. Maker": "RICOH                ", "Cam. Model": "RICOH THETA SC     , ... ]", "Timestamp": "2021-10-14T15:30:11", "id": 41 }, "geometry": { "type": "Point", "coordinates": [ 136.923166666666646, 35.551883333333329 ] } },
{ "type": "Feature", "properties": { "Name": "R0010923.JPG", "Date": "2021-10-14", "Time": "15:23:27", "North": "", "Azimuth": null, "Cam. Maker": "RICOH                ", "Cam. Model": "RICOH THETA SC     , ... ]", "Timestamp": "2021-10-14T15:23:27", "id": 42 }, "geometry": { "type": "Point", "coordinates": [ 136.922072222222226, 35.552497222222222 ] } },
{ "type": "Feature", "properties": { "Name": "R0011383.JPG", "Date": "2021-11-29", "Time": "11:45:27", "North": "", "Azimuth": null, "Cam. Maker": "RICOH                ", "Cam. Model": "RICOH THETA SC     , ... ]", "Timestamp": "2021-11-29T11:45:27", "id": 43 }, "geometry": { "type": "Point", "coordinates": [ 136.921766666666656, 35.544966666666667 ] } },
{ "type": "Feature", "properties": { "Name": "R0010922.JPG", "Date": "2021-10-14", "Time": "15:23:09", "North": "", "Azimuth": null, "Cam. Maker": "RICOH                ", "Cam. Model": "RICOH THETA SC     , ... ]", "Timestamp": "2021-10-14T15:23:09", "id": 44 }, "geometry": { "type": "Point", "coordinates": [ 136.922123266740925, 35.55256412616901 ] } },
{ "type": "Feature", "properties": { "Name": "R0011382.JPG", "Date": "2021-11-29", "Time": "11:45:09", "North": "", "Azimuth": null, "Cam. Maker": "RICOH                ", "Cam. Model": "RICOH THETA SC     , ... ]", "Timestamp": "2021-11-29T11:45:09", "id": 45 }, "geometry": { "type": "Point", "coordinates": [ 136.921816666666643, 35.545116666666665 ] } },
{ "type": "Feature", "properties": { "Name": "R0010088.JPG", "Date": "2020-04-15", "Time": "10:11:14", "North": "", "Azimuth": null, "Cam. Maker": "RICOH                ", "Cam. Model": "RICOH THETA SC     , ... ]", "Timestamp": "2020-04-15T10:11:14", "id": 46 }, "geometry": { "type": "Point", "coordinates": [ 136.92076666666668, 35.548983333333332 ] } },
{ "type": "Feature", "properties": { "Name": "R0011396.JPG", "Date": "2021-11-29", "Time": "11:48:50", "North": "", "Azimuth": null, "Cam. Maker": "RICOH                ", "Cam. Model": "RICOH THETA SC     , ... ]", "Timestamp": "2021-11-29T11:48:50", "id": 47 }, "geometry": { "type": "Point", "coordinates": [ 136.92275, 35.54365 ] } },
{ "type": "Feature", "properties": { "Name": "R0010936.JPG", "Date": "2021-10-14", "Time": "15:29:59", "North": "", "Azimuth": null, "Cam. Maker": "RICOH                ", "Cam. Model": "RICOH THETA SC     , ... ]", "Timestamp": "2021-10-14T15:29:59", "id": 48 }, "geometry": { "type": "Point", "coordinates": [ 136.923116666666658, 35.551886111111109 ] } },
{ "type": "Feature", "properties": { "Name": "R0010739.JPG", "Date": "2021-10-11", "Time": "16:24:30", "North": "", "Azimuth": null, "Cam. Maker": "RICOH                ", "Cam. Model": "RICOH THETA SC     , ... ]", "Timestamp": "2021-10-11T16:24:30", "id": 49 }, "geometry": { "type": "Point", "coordinates": [ 136.923466666666656, 35.55246666666666 ] } },
{ "type": "Feature", "properties": { "Name": "R0011427.JPG", "Date": "2021-11-29", "Time": "12:14:42", "North": "", "Azimuth": null, "Cam. Maker": "RICOH                ", "Cam. Model": "RICOH THETA SC     , ... ]", "Timestamp": "2021-11-29T12:14:42", "id": 50 }, "geometry": { "type": "Point", "coordinates": [ 136.9198, 35.550116666666661 ] } },
{ "type": "Feature", "properties": { "Name": "R0011341.JPG", "Date": "2021-11-29", "Time": "11:18:56", "North": "", "Azimuth": null, "Cam. Maker": "RICOH                ", "Cam. Model": "RICOH THETA SC     , ... ]", "Timestamp": "2021-11-29T11:18:56", "id": 51 }, "geometry": { "type": "Point", "coordinates": [ 136.920766666666651, 35.548694444444443 ] } },
{ "type": "Feature", "properties": { "Name": "R0011355.JPG", "Date": "2021-11-29", "Time": "11:36:41", "North": "", "Azimuth": null, "Cam. Maker": "RICOH                ", "Cam. Model": "RICOH THETA SC     , ... ]", "Timestamp": "2021-11-29T11:36:41", "id": 52 }, "geometry": { "type": "Point", "coordinates": [ 136.92083333333332, 35.5477 ] } },
{ "type": "Feature", "properties": { "Name": "R0011433.JPG", "Date": "2021-11-29", "Time": "12:35:35", "North": "", "Azimuth": null, "Cam. Maker": "RICOH                ", "Cam. Model": "RICOH THETA SC     , ... ]", "Timestamp": "2021-11-29T12:35:35", "id": 53 }, "geometry": { "type": "Point", "coordinates": [ 136.922866666666664, 35.553916666666666 ] } },
{ "type": "Feature", "properties": { "Name": "R0010705.JPG", "Date": "2021-10-11", "Time": "16:14:38", "North": "", "Azimuth": null, "Cam. Maker": "RICOH                ", "Cam. Model": "RICOH THETA SC     , ... ]", "Timestamp": "2021-10-11T16:14:38", "id": 54 }, "geometry": { "type": "Point", "coordinates": [ 136.924366666666657, 35.551916666666664 ] } },
{ "type": "Feature", "properties": { "Name": "R0010063.JPG", "Date": "2020-04-15", "Time": "09:53:07", "North": "", "Azimuth": null, "Cam. Maker": "RICOH                ", "Cam. Model": "RICOH THETA SC     , ... ]", "Timestamp": "2020-04-15T09:53:07", "id": 55 }, "geometry": { "type": "Point", "coordinates": [ 136.920216666666676, 35.550383333333336 ] } },
{ "type": "Feature", "properties": { "Name": "R0011369.JPG", "Date": "2021-11-29", "Time": "11:41:19", "North": "", "Azimuth": null, "Cam. Maker": "RICOH                ", "Cam. Model": "RICOH THETA SC     , ... ]", "Timestamp": "2021-11-29T11:41:19", "id": 56 }, "geometry": { "type": "Point", "coordinates": [ 136.920966666666658, 35.54635 ] } },
{ "type": "Feature", "properties": { "Name": "R0010077.JPG", "Date": "2020-04-15", "Time": "10:00:04", "North": "", "Azimuth": null, "Cam. Maker": "RICOH                ", "Cam. Model": "RICOH THETA SC     , ... ]", "Timestamp": "2020-04-15T10:00:04", "id": 57 }, "geometry": { "type": "Point", "coordinates": [ 136.919916666666666, 35.549483333333335 ] } },
{ "type": "Feature", "properties": { "Name": "R0010711.JPG", "Date": "2021-10-11", "Time": "16:15:43", "North": "", "Azimuth": null, "Cam. Maker": "RICOH                ", "Cam. Model": "RICOH THETA SC     , ... ]", "Timestamp": "2021-10-11T16:15:43", "id": 58 }, "geometry": { "type": "Point", "coordinates": [ 136.92423888888888, 35.552302777777776 ] } },
{ "type": "Feature", "properties": { "Name": "R0011180.JPG", "Date": "2021-11-25", "Time": "10:08:24", "North": "", "Azimuth": null, "Cam. Maker": "RICOH                ", "Cam. Model": "RICOH THETA SC     , ... ]", "Timestamp": "2021-11-25T10:08:24", "id": 59 }, "geometry": { "type": "Point", "coordinates": [ 136.921966666666663, 35.553516666666667 ] } },
{ "type": "Feature", "properties": { "Name": "R0011194.JPG", "Date": "2021-11-25", "Time": "11:06:42", "North": "", "Azimuth": null, "Cam. Maker": "RICOH                ", "Cam. Model": "RICOH THETA SC     , ... ]", "Timestamp": "2021-11-25T11:06:42", "id": 60 }, "geometry": { "type": "Point", "coordinates": [ 136.924641666666645, 35.551213888888888 ] } },
{ "type": "Feature", "properties": { "Name": "R0010249.JPG", "Date": "2020-04-15", "Time": "11:03:09", "North": "", "Azimuth": null, "Cam. Maker": "RICOH                ", "Cam. Model": "RICOH THETA SC     , ... ]", "Timestamp": "2020-04-15T11:03:09", "id": 61 }, "geometry": { "type": "Point", "coordinates": [ 136.92175, 35.55083333333333 ] } },
{ "type": "Feature", "properties": { "Name": "R0011157.JPG", "Date": "2021-11-18", "Time": "14:33:40", "North": "", "Azimuth": null, "Cam. Maker": "RICOH                ", "Cam. Model": "RICOH THETA SC     , ... ]", "Timestamp": "2021-11-18T14:33:40", "id": 62 }, "geometry": { "type": "Point", "coordinates": [ 136.923091666666664, 35.554333333333332 ] } },
{ "type": "Feature", "properties": { "Name": "R0010261.JPG", "Date": "2020-04-15", "Time": "11:13:18", "North": "", "Azimuth": null, "Cam. Maker": "RICOH                ", "Cam. Model": "RICOH THETA SC     , ... ]", "Timestamp": "2020-04-15T11:13:18", "id": 63 }, "geometry": { "type": "Point", "coordinates": [ 136.920783333333333, 35.5502 ] } },
{ "type": "Feature", "properties": { "Name": "tekunikaruG.JPG", "Date": "2021-11-18", "Time": "14:01:10", "North": "", "Azimuth": null, "Cam. Maker": "RICOH                ", "Cam. Model": "RICOH THETA SC     , ... ]", "Timestamp": "2021-11-18T14:01:10", "id": 64 }, "geometry": { "type": "Point", "coordinates": [ 136.918336111111103, 35.554455555555556 ] } },
{ "type": "Feature", "properties": { "Name": "R0010507.JPG", "Date": "2021-10-11", "Time": "14:39:20", "North": "", "Azimuth": null, "Cam. Maker": "RICOH                ", "Cam. Model": "RICOH THETA SC     , ... ]", "Timestamp": "2021-10-11T14:39:20", "id": 65 }, "geometry": { "type": "Point", "coordinates": [ 136.928066666666666, 35.549583333333331 ] } },
{ "type": "Feature", "properties": { "Name": "R0010513.JPG", "Date": "2021-10-11", "Time": "14:56:41", "North": "", "Azimuth": null, "Cam. Maker": "RICOH                ", "Cam. Model": "RICOH THETA SC     , ... ]", "Timestamp": "2021-10-11T14:56:41", "id": 66 }, "geometry": { "type": "Point", "coordinates": [ 136.92653333333331, 35.55145 ] } },
{ "type": "Feature", "properties": { "Name": "R0010275.JPG", "Date": "2020-04-15", "Time": "11:20:31", "North": "", "Azimuth": null, "Cam. Maker": "RICOH                ", "Cam. Model": "RICOH THETA SC     , ... ]", "Timestamp": "2020-04-15T11:20:31", "id": 67 }, "geometry": { "type": "Point", "coordinates": [ 136.92016666666666, 35.55015 ] } },
{ "type": "Feature", "properties": { "Name": "R0010498.JPG", "Date": "2021-10-06", "Time": "13:06:59", "North": "", "Azimuth": null, "Cam. Maker": "RICOH                ", "Cam. Model": "RICOH THETA SC     , ... ]", "Timestamp": "2021-10-06T13:06:59", "id": 68 }, "geometry": { "type": "Point", "coordinates": [ 136.922805555555556, 35.548316666666665 ] } },
{ "type": "Feature", "properties": { "Name": "R0011037.JPG", "Date": "2021-10-19", "Time": "10:07:50", "North": "", "Azimuth": null, "Cam. Maker": "RICOH                ", "Cam. Model": "RICOH THETA SC     , ... ]", "Timestamp": "2021-10-19T10:07:50", "id": 69 }, "geometry": { "type": "Point", "coordinates": [ 136.921416666666659, 35.55245 ] } },
{ "type": "Feature", "properties": { "Name": "R0010329.JPG", "Date": "2020-04-15", "Time": "11:42:27", "North": "", "Azimuth": null, "Cam. Maker": "RICOH                ", "Cam. Model": "RICOH THETA SC     , ... ]", "Timestamp": "2020-04-15T11:42:27", "id": 70 }, "geometry": { "type": "Point", "coordinates": [ 136.922416666666663, 35.5495 ] } },
{ "type": "Feature", "properties": { "Name": "R0011023.JPG", "Date": "2021-10-19", "Time": "09:56:26", "North": "", "Azimuth": null, "Cam. Maker": "RICOH                ", "Cam. Model": "RICOH THETA SC     , ... ]", "Timestamp": "2021-10-19T09:56:26", "id": 71 }, "geometry": { "type": "Point", "coordinates": [ 136.921672222222213, 35.552683333333327 ] } },
{ "type": "Feature", "properties": { "Name": "R0010315.JPG", "Date": "2020-04-15", "Time": "11:34:30", "North": "", "Azimuth": null, "Cam. Maker": "RICOH                ", "Cam. Model": "RICOH THETA SC     , ... ]", "Timestamp": "2020-04-15T11:34:30", "id": 72 }, "geometry": { "type": "Point", "coordinates": [ 136.921, 35.548633333333335 ] } },
{ "type": "Feature", "properties": { "Name": "R0010473.JPG", "Date": "2021-10-06", "Time": "12:55:21", "North": "", "Azimuth": null, "Cam. Maker": "RICOH                ", "Cam. Model": "RICOH THETA SC     , ... ]", "Timestamp": "2021-10-06T12:55:21", "id": 73 }, "geometry": { "type": "Point", "coordinates": [ 136.924644444444425, 35.547294444444439 ] } },
{ "type": "Feature", "properties": { "Name": "R0010467.JPG", "Date": "2021-10-06", "Time": "12:53:35", "North": "", "Azimuth": null, "Cam. Maker": "RICOH                ", "Cam. Model": "RICOH THETA SC     , ... ]", "Timestamp": "2021-10-06T12:53:35", "id": 74 }, "geometry": { "type": "Point", "coordinates": [ 136.925033333333317, 35.547783333333328 ] } },
{ "type": "Feature", "properties": { "Name": "R0010301.JPG", "Date": "2020-04-15", "Time": "11:30:49", "North": "", "Azimuth": null, "Cam. Maker": "RICOH                ", "Cam. Model": "RICOH THETA SC     , ... ]", "Timestamp": "2020-04-15T11:30:49", "id": 75 }, "geometry": { "type": "Point", "coordinates": [ 136.921683333333334, 35.54913333333333 ] } },
{ "type": "Feature", "properties": { "Name": "R0010856.JPG", "Date": "2021-10-14", "Time": "14:51:54", "North": "", "Azimuth": null, "Cam. Maker": "RICOH                ", "Cam. Model": "RICOH THETA SC     , ... ]", "Timestamp": "2021-10-14T14:51:54", "id": 76 }, "geometry": { "type": "Point", "coordinates": [ 136.922208333333316, 35.553813888888889 ] } },
{ "type": "Feature", "properties": { "Name": "R0010842.JPG", "Date": "2021-10-14", "Time": "14:46:55", "North": "", "Azimuth": null, "Cam. Maker": "RICOH                ", "Cam. Model": "RICOH THETA SC     , ... ]", "Timestamp": "2021-10-14T14:46:55", "id": 77 }, "geometry": { "type": "Point", "coordinates": [ 136.92165, 35.554466666666663 ] } },
{ "type": "Feature", "properties": { "Name": "R0010895.JPG", "Date": "2021-10-14", "Time": "15:02:55", "North": "", "Azimuth": null, "Cam. Maker": "RICOH                ", "Cam. Model": "RICOH THETA SC     , ... ]", "Timestamp": "2021-10-14T15:02:55", "id": 78 }, "geometry": { "type": "Point", "coordinates": [ 136.922586111111116, 35.553511111111106 ] } },
{ "type": "Feature", "properties": { "Name": "R0011235.JPG", "Date": "2021-11-25", "Time": "11:46:32", "North": "", "Azimuth": null, "Cam. Maker": "RICOH                ", "Cam. Model": "RICOH THETA SC     , ... ]", "Timestamp": "2021-11-25T11:46:32", "id": 79 }, "geometry": { "type": "Point", "coordinates": [ 136.9212, 35.549816666666665 ] } },
{ "type": "Feature", "properties": { "Name": "R0011221.JPG", "Date": "2021-11-25", "Time": "11:42:48", "North": "", "Azimuth": null, "Cam. Maker": "RICOH                ", "Cam. Model": "RICOH THETA SC     , ... ]", "Timestamp": "2021-11-25T11:42:48", "id": 80 }, "geometry": { "type": "Point", "coordinates": [ 136.921416666666659, 35.5491 ] } },
{ "type": "Feature", "properties": { "Name": "R0010881.JPG", "Date": "2021-10-14", "Time": "14:58:36", "North": "", "Azimuth": null, "Cam. Maker": "RICOH                ", "Cam. Model": "RICOH THETA SC     , ... ]", "Timestamp": "2021-10-14T14:58:36", "id": 81 }, "geometry": { "type": "Point", "coordinates": [ 136.922641666666664, 35.554663888888889 ] } },
{ "type": "Feature", "properties": { "Name": "R0010659.JPG", "Date": "2021-10-11", "Time": "15:50:32", "North": "", "Azimuth": null, "Cam. Maker": "RICOH                ", "Cam. Model": "RICOH THETA SC     , ... ]", "Timestamp": "2021-10-11T15:50:32", "id": 82 }, "geometry": { "type": "Point", "coordinates": [ 136.923316666666665, 35.550016666666664 ] } },
{ "type": "Feature", "properties": { "Name": "R0010671.JPG", "Date": "2021-10-11", "Time": "15:54:02", "North": "", "Azimuth": null, "Cam. Maker": "RICOH                ", "Cam. Model": "RICOH THETA SC     , ... ]", "Timestamp": "2021-10-11T15:54:02", "id": 83 }, "geometry": { "type": "Point", "coordinates": [ 136.922891666666658, 35.550258333333332 ] } },
{ "type": "Feature", "properties": { "Name": "R0010117.JPG", "Date": "2020-04-15", "Time": "10:23:01", "North": "", "Azimuth": null, "Cam. Maker": "RICOH                ", "Cam. Model": "RICOH THETA SC     , ... ]", "Timestamp": "2020-04-15T10:23:01", "id": 84 }, "geometry": { "type": "Point", "coordinates": [ 136.923333333333346, 35.5481 ] } },
{ "type": "Feature", "properties": { "Name": "R0011209.JPG", "Date": "2021-11-25", "Time": "11:33:36", "North": "", "Azimuth": null, "Cam. Maker": "RICOH                ", "Cam. Model": "RICOH THETA SC     , ... ]", "Timestamp": "2021-11-25T11:33:36", "id": 85 }, "geometry": { "type": "Point", "coordinates": [ 136.922166666666669, 35.549266666666668 ] } },
{ "type": "Feature", "properties": { "Name": "R0010103.JPG", "Date": "2020-04-15", "Time": "10:16:54", "North": "", "Azimuth": null, "Cam. Maker": "RICOH                ", "Cam. Model": "RICOH THETA SC     , ... ]", "Timestamp": "2020-04-15T10:16:54", "id": 86 }, "geometry": { "type": "Point", "coordinates": [ 136.922033333333331, 35.548533333333332 ] } },
{ "type": "Feature", "properties": { "Name": "R0010665.JPG", "Date": "2021-10-11", "Time": "15:52:01", "North": "", "Azimuth": null, "Cam. Maker": "RICOH                ", "Cam. Model": "RICOH THETA SC     , ... ]", "Timestamp": "2021-10-11T15:52:01", "id": 87 }, "geometry": { "type": "Point", "coordinates": [ 136.923083333333324, 35.55005 ] } },
{ "type": "Feature", "properties": { "Name": "R0010115.JPG", "Date": "2020-04-15", "Time": "10:22:19", "North": "", "Azimuth": null, "Cam. Maker": "RICOH                ", "Cam. Model": "RICOH THETA SC     , ... ]", "Timestamp": "2020-04-15T10:22:19", "id": 88 }, "geometry": { "type": "Point", "coordinates": [ 136.9231, 35.548216666666669 ] } },
{ "type": "Feature", "properties": { "Name": "R0010673.JPG", "Date": "2021-10-11", "Time": "15:54:48", "North": "", "Azimuth": null, "Cam. Maker": "RICOH                ", "Cam. Model": "RICOH THETA SC     , ... ]", "Timestamp": "2021-10-11T15:54:48", "id": 89 }, "geometry": { "type": "Point", "coordinates": [ 136.92285, 35.5503 ] } },
{ "type": "Feature", "properties": { "Name": "R0010667.JPG", "Date": "2021-10-11", "Time": "15:52:47", "North": "", "Azimuth": null, "Cam. Maker": "RICOH                ", "Cam. Model": "RICOH THETA SC     , ... ]", "Timestamp": "2021-10-11T15:52:47", "id": 90 }, "geometry": { "type": "Point", "coordinates": [ 136.923133333333311, 35.550133333333328 ] } },
{ "type": "Feature", "properties": { "Name": "R0010101.JPG", "Date": "2020-04-15", "Time": "10:16:00", "North": "", "Azimuth": null, "Cam. Maker": "RICOH                ", "Cam. Model": "RICOH THETA SC     , ... ]", "Timestamp": "2020-04-15T10:16:00", "id": 91 }, "geometry": { "type": "Point", "coordinates": [ 136.921883333333341, 35.548516666666664 ] } },
{ "type": "Feature", "properties": { "Name": "R0011237.JPG", "Date": "2021-11-25", "Time": "11:47:03", "North": "", "Azimuth": null, "Cam. Maker": "RICOH                ", "Cam. Model": "RICOH THETA SC     , ... ]", "Timestamp": "2021-11-25T11:47:03", "id": 92 }, "geometry": { "type": "Point", "coordinates": [ 136.921116666666649, 35.549944444444442 ] } },
{ "type": "Feature", "properties": { "Name": "R0010129.JPG", "Date": "2020-04-15", "Time": "10:26:09", "North": "", "Azimuth": null, "Cam. Maker": "RICOH                ", "Cam. Model": "RICOH THETA SC     , ... ]", "Timestamp": "2020-04-15T10:26:09", "id": 93 }, "geometry": { "type": "Point", "coordinates": [ 136.9243, 35.54805 ] } },
{ "type": "Feature", "properties": { "Name": "R0010897.JPG", "Date": "2021-10-14", "Time": "15:03:24", "North": "", "Azimuth": null, "Cam. Maker": "RICOH                ", "Cam. Model": "RICOH THETA SC     , ... ]", "Timestamp": "2021-10-14T15:03:24", "id": 94 }, "geometry": { "type": "Point", "coordinates": [ 136.922680555555559, 35.55335 ] } },
{ "type": "Feature", "properties": { "Name": "R0010883.JPG", "Date": "2021-10-14", "Time": "14:59:02", "North": "", "Azimuth": null, "Cam. Maker": "RICOH                ", "Cam. Model": "RICOH THETA SC     , ... ]", "Timestamp": "2021-10-14T14:59:02", "id": 95 }, "geometry": { "type": "Point", "coordinates": [ 136.922577777777775, 35.554552777777772 ] } },
{ "type": "Feature", "properties": { "Name": "R0011223.JPG", "Date": "2021-11-25", "Time": "11:43:08", "North": "", "Azimuth": null, "Cam. Maker": "RICOH                ", "Cam. Model": "RICOH THETA SC     , ... ]", "Timestamp": "2021-11-25T11:43:08", "id": 96 }, "geometry": { "type": "Point", "coordinates": [ 136.921388888888885, 35.549177777777778 ] } },
{ "type": "Feature", "properties": { "Name": "R0010868.JPG", "Date": "2021-10-14", "Time": "14:54:53", "North": "", "Azimuth": null, "Cam. Maker": "RICOH                ", "Cam. Model": "RICOH THETA SC     , ... ]", "Timestamp": "2021-10-14T14:54:53", "id": 97 }, "geometry": { "type": "Point", "coordinates": [ 136.922766666666661, 35.554530555555552 ] } },
{ "type": "Feature", "properties": { "Name": "R0010854.JPG", "Date": "2021-10-14", "Time": "14:51:33", "North": "", "Azimuth": null, "Cam. Maker": "RICOH                ", "Cam. Model": "RICOH THETA SC     , ... ]", "Timestamp": "2021-10-14T14:51:33", "id": 98 }, "geometry": { "type": "Point", "coordinates": [ 136.922172222222201, 35.553838888888883 ] } },
{ "type": "Feature", "properties": { "Name": "R0010840.JPG", "Date": "2021-10-14", "Time": "14:46:26", "North": "", "Azimuth": null, "Cam. Maker": "RICOH                ", "Cam. Model": "RICOH THETA SC     , ... ]", "Timestamp": "2021-10-14T14:46:26", "id": 99 }, "geometry": { "type": "Point", "coordinates": [ 136.921566666666649, 35.554283333333331 ] } },
{ "type": "Feature", "properties": { "Name": "R0010698.JPG", "Date": "2021-10-11", "Time": "16:13:17", "North": "", "Azimuth": null, "Cam. Maker": "RICOH                ", "Cam. Model": "RICOH THETA SC     , ... ]", "Timestamp": "2021-10-11T16:13:17", "id": 100 }, "geometry": { "type": "Point", "coordinates": [ 136.9245, 35.551466666666663 ] } },
{ "type": "Feature", "properties": { "Name": "R0010471.JPG", "Date": "2021-10-06", "Time": "12:54:45", "North": "", "Azimuth": null, "Cam. Maker": "RICOH                ", "Cam. Model": "RICOH THETA SC     , ... ]", "Timestamp": "2021-10-06T12:54:45", "id": 101 }, "geometry": { "type": "Point", "coordinates": [ 136.924841666666651, 35.547472222222218 ] } },
{ "type": "Feature", "properties": { "Name": "R0010317.JPG", "Date": "2020-04-15", "Time": "11:39:24", "North": "", "Azimuth": null, "Cam. Maker": "RICOH                ", "Cam. Model": "RICOH THETA SC     , ... ]", "Timestamp": "2020-04-15T11:39:24", "id": 102 }, "geometry": { "type": "Point", "coordinates": [ 136.921533333333343, 35.549066666666668 ] } },
{ "type": "Feature", "properties": { "Name": "R0011009.JPG", "Date": "2021-10-19", "Time": "09:53:20", "North": "", "Azimuth": null, "Cam. Maker": "RICOH                ", "Cam. Model": "RICOH THETA SC     , ... ]", "Timestamp": "2021-10-19T09:53:20", "id": 103 }, "geometry": { "type": "Point", "coordinates": [ 136.920894444444428, 35.553002777777778 ] } },
{ "type": "Feature", "properties": { "Name": "R0010303.JPG", "Date": "2020-04-15", "Time": "11:31:31", "North": "", "Azimuth": null, "Cam. Maker": "RICOH                ", "Cam. Model": "RICOH THETA SC     , ... ]", "Timestamp": "2020-04-15T11:31:31", "id": 104 }, "geometry": { "type": "Point", "coordinates": [ 136.921716666666669, 35.549066666666668 ] } },
{ "type": "Feature", "properties": { "Name": "R0010465.JPG", "Date": "2021-10-06", "Time": "12:53:00", "North": "", "Azimuth": null, "Cam. Maker": "RICOH                ", "Cam. Model": "RICOH THETA SC     , ... ]", "Timestamp": "2021-10-06T12:53:00", "id": 105 }, "geometry": { "type": "Point", "coordinates": [ 136.925083333333333, 35.548 ] } },
{ "type": "Feature", "properties": { "Name": "R0011035.JPG", "Date": "2021-10-19", "Time": "10:07:24", "North": "", "Azimuth": null, "Cam. Maker": "RICOH                ", "Cam. Model": "RICOH THETA SC     , ... ]", "Timestamp": "2021-10-19T10:07:24", "id": 106 }, "geometry": { "type": "Point", "coordinates": [ 136.921416666666659, 35.552366666666664 ] } },
{ "type": "Feature", "properties": { "Name": "R0011021.JPG", "Date": "2021-10-19", "Time": "09:55:58", "North": "", "Azimuth": null, "Cam. Maker": "RICOH                ", "Cam. Model": "RICOH THETA SC     , ... ]", "Timestamp": "2021-10-19T09:55:58", "id": 107 }, "geometry": { "type": "Point", "coordinates": [ 136.921583333333331, 35.552883333333334 ] } },
{ "type": "Feature", "properties": { "Name": "R0010459.JPG", "Date": "2021-10-06", "Time": "12:50:34", "North": "", "Azimuth": null, "Cam. Maker": "RICOH                ", "Cam. Model": "RICOH THETA SC     , ... ]", "Timestamp": "2021-10-06T12:50:34", "id": 108 }, "geometry": { "type": "Point", "coordinates": [ 136.92535, 35.5486 ] } },
{ "type": "Feature", "properties": { "Name": "R0010505.JPG", "Date": "2021-10-11", "Time": "12:58:24", "North": "", "Azimuth": null, "Cam. Maker": "RICOH                ", "Cam. Model": "RICOH THETA SC     , ... ]", "Timestamp": "2021-10-11T12:58:24", "id": 109 }, "geometry": { "type": "Point", "coordinates": [ 136.921016666666645, 35.54875 ] } },
{ "type": "Feature", "properties": { "Name": "R0010263.JPG", "Date": "2020-04-15", "Time": "11:14:56", "North": "", "Azimuth": null, "Cam. Maker": "RICOH                ", "Cam. Model": "RICOH THETA SC     , ... ]", "Timestamp": "2020-04-15T11:14:56", "id": 110 }, "geometry": { "type": "Point", "coordinates": [ 136.9206, 35.55025 ] } },
{ "type": "Feature", "properties": { "Name": "R0010277.JPG", "Date": "2020-04-15", "Time": "11:20:55", "North": "", "Azimuth": null, "Cam. Maker": "RICOH                ", "Cam. Model": "RICOH THETA SC     , ... ]", "Timestamp": "2020-04-15T11:20:55", "id": 111 }, "geometry": { "type": "Point", "coordinates": [ 136.920066666666656, 35.54998333333333 ] } },
{ "type": "Feature", "properties": { "Name": "R0010511.JPG", "Date": "2021-10-11", "Time": "14:56:12", "North": "", "Azimuth": null, "Cam. Maker": "RICOH                ", "Cam. Model": "RICOH THETA SC     , ... ]", "Timestamp": "2021-10-11T14:56:12", "id": 112 }, "geometry": { "type": "Point", "coordinates": [ 136.926583333333326, 35.551466666666663 ] } },
{ "type": "Feature", "properties": { "Name": "R0010539.JPG", "Date": "2021-10-11", "Time": "15:03:08", "North": "", "Azimuth": null, "Cam. Maker": "RICOH                ", "Cam. Model": "RICOH THETA SC     , ... ]", "Timestamp": "2021-10-11T15:03:08", "id": 113 }, "geometry": { "type": "Point", "coordinates": [ 136.9251, 35.551266666666663 ] } },
{ "type": "Feature", "properties": { "Name": "R0011155.JPG", "Date": "2021-11-18", "Time": "14:33:11", "North": "", "Azimuth": null, "Cam. Maker": "RICOH                ", "Cam. Model": "RICOH THETA SC     , ... ]", "Timestamp": "2021-11-18T14:33:11", "id": 114 }, "geometry": { "type": "Point", "coordinates": [ 136.9232, 35.55455 ] } },
{ "type": "Feature", "properties": { "Name": "R0011182.JPG", "Date": "2021-11-25", "Time": "10:09:03", "North": "", "Azimuth": null, "Cam. Maker": "RICOH                ", "Cam. Model": "RICOH THETA SC     , ... ]", "Timestamp": "2021-11-25T10:09:03", "id": 115 }, "geometry": { "type": "Point", "coordinates": [ 136.921866666666659, 35.55345 ] } },
{ "type": "Feature", "properties": { "Name": "R0010288.JPG", "Date": "2020-04-15", "Time": "11:25:01", "North": "", "Azimuth": null, "Cam. Maker": "RICOH                ", "Cam. Model": "RICOH THETA SC     , ... ]", "Timestamp": "2020-04-15T11:25:01", "id": 116 }, "geometry": { "type": "Point", "coordinates": [ 136.9206, 35.549566666666664 ] } },
{ "type": "Feature", "properties": { "Name": "R0011196.JPG", "Date": "2021-11-25", "Time": "11:07:19", "North": "", "Azimuth": null, "Cam. Maker": "RICOH                ", "Cam. Model": "RICOH THETA SC     , ... ]", "Timestamp": "2021-11-25T11:07:19", "id": 117 }, "geometry": { "type": "Point", "coordinates": [ 136.924825, 35.551183333333327 ] } },
{ "type": "Feature", "properties": { "Name": "R0010061.JPG", "Date": "2020-04-15", "Time": "09:52:12", "North": "", "Azimuth": null, "Cam. Maker": "RICOH                ", "Cam. Model": "RICOH THETA SC     , ... ]", "Timestamp": "2020-04-15T09:52:12", "id": 118 }, "geometry": { "type": "Point", "coordinates": [ 136.920533333333339, 35.550283333333333 ] } },
{ "type": "Feature", "properties": { "Name": "R0011419.JPG", "Date": "2021-11-29", "Time": "12:11:58", "North": "", "Azimuth": null, "Cam. Maker": "RICOH                ", "Cam. Model": "RICOH THETA SC     , ... ]", "Timestamp": "2021-11-29T12:11:58", "id": 119 }, "geometry": { "type": "Point", "coordinates": [ 136.919036111111097, 35.54933888888889 ] } },
{ "type": "Feature", "properties": { "Name": "R0010707.JPG", "Date": "2021-10-11", "Time": "16:15:01", "North": "", "Azimuth": null, "Cam. Maker": "RICOH                ", "Cam. Model": "RICOH THETA SC     , ... ]", "Timestamp": "2021-10-11T16:15:01", "id": 120 }, "geometry": { "type": "Point", "coordinates": [ 136.924319444444421, 35.552066666666661 ] } },
{ "type": "Feature", "properties": { "Name": "R0010713.JPG", "Date": "2021-10-11", "Time": "16:16:19", "North": "", "Azimuth": null, "Cam. Maker": "RICOH                ", "Cam. Model": "RICOH THETA SC     , ... ]", "Timestamp": "2021-10-11T16:16:19", "id": 121 }, "geometry": { "type": "Point", "coordinates": [ 136.924077777777768, 35.55235 ] } },
{ "type": "Feature", "properties": { "Name": "R0010075.JPG", "Date": "2020-04-15", "Time": "09:58:40", "North": "", "Azimuth": null, "Cam. Maker": "RICOH                ", "Cam. Model": "RICOH THETA SC     , ... ]", "Timestamp": "2020-04-15T09:58:40", "id": 122 }, "geometry": { "type": "Point", "coordinates": [ 136.919783333333328, 35.5496 ] } },
{ "type": "Feature", "properties": { "Name": "R0011343.JPG", "Date": "2021-11-29", "Time": "11:19:23", "North": "", "Azimuth": null, "Cam. Maker": "RICOH                ", "Cam. Model": "RICOH THETA SC     , ... ]", "Timestamp": "2021-11-29T11:19:23", "id": 123 }, "geometry": { "type": "Point", "coordinates": [ 136.920822222222199, 35.548733333333331 ] } },
{ "type": "Feature", "properties": { "Name": "R0011425.JPG", "Date": "2021-11-29", "Time": "12:14:16", "North": "", "Azimuth": null, "Cam. Maker": "RICOH                ", "Cam. Model": "RICOH THETA SC     , ... ]", "Timestamp": "2021-11-29T12:14:16", "id": 124 }, "geometry": { "type": "Point", "coordinates": [ 136.919633333333337, 35.550066666666666 ] } },
{ "type": "Feature", "properties": { "Name": "R0011431.JPG", "Date": "2021-11-29", "Time": "12:34:09", "North": "", "Azimuth": null, "Cam. Maker": "RICOH                ", "Cam. Model": "RICOH THETA SC     , ... ]", "Timestamp": "2021-11-29T12:34:09", "id": 125 }, "geometry": { "type": "Point", "coordinates": [ 136.922783333333314, 35.553816666666663 ] } },
{ "type": "Feature", "properties": { "Name": "R0010049.JPG", "Date": "2020-04-15", "Time": "09:45:54", "North": "", "Azimuth": null, "Cam. Maker": "RICOH                ", "Cam. Model": "RICOH THETA SC     , ... ]", "Timestamp": "2020-04-15T09:45:54", "id": 126 }, "geometry": { "type": "Point", "coordinates": [ 136.920066666666656, 35.5505 ] } },
{ "type": "Feature", "properties": { "Name": "R0011357.JPG", "Date": "2021-11-29", "Time": "11:37:18", "North": "", "Azimuth": null, "Cam. Maker": "RICOH                ", "Cam. Model": "RICOH THETA SC     , ... ]", "Timestamp": "2021-11-29T11:37:18", "id": 127 }, "geometry": { "type": "Point", "coordinates": [ 136.920666666666648, 35.547616666666663 ] } },
{ "type": "Feature", "properties": { "Name": "R0010908.JPG", "Date": "2021-10-14", "Time": "15:18:40", "North": "", "Azimuth": null, "Cam. Maker": "RICOH                ", "Cam. Model": "RICOH THETA SC     , ... ]", "Timestamp": "2021-10-14T15:18:40", "id": 128 }, "geometry": { "type": "Point", "coordinates": [ 136.923147222222212, 35.552425 ] } },
{ "type": "Feature", "properties": { "Name": "R0011380.JPG", "Date": "2021-11-29", "Time": "11:44:16", "North": "", "Azimuth": null, "Cam. Maker": "RICOH                ", "Cam. Model": "RICOH THETA SC     , ... ]", "Timestamp": "2021-11-29T11:44:16", "id": 129 }, "geometry": { "type": "Point", "coordinates": [ 136.921733333333322, 35.545383333333334 ] } },
{ "type": "Feature", "properties": { "Name": "R0010920.JPG", "Date": "2021-10-14", "Time": "15:22:34", "North": "", "Azimuth": null, "Cam. Maker": "RICOH                ", "Cam. Model": "RICOH THETA SC     , ... ]", "Timestamp": "2021-10-14T15:22:34", "id": 130 }, "geometry": { "type": "Point", "coordinates": [ 136.922181726497286, 35.552689151606764 ] } },
{ "type": "Feature", "properties": { "Name": "R0010934.JPG", "Date": "2021-10-14", "Time": "15:25:52", "North": "", "Azimuth": null, "Cam. Maker": "RICOH                ", "Cam. Model": "RICOH THETA SC     , ... ]", "Timestamp": "2021-10-14T15:25:52", "id": 131 }, "geometry": { "type": "Point", "coordinates": [ 136.92298333333332, 35.55195 ] } },
{ "type": "Feature", "properties": { "Name": "R0011394.JPG", "Date": "2021-11-29", "Time": "11:48:18", "North": "", "Azimuth": null, "Cam. Maker": "RICOH                ", "Cam. Model": "RICOH THETA SC     , ... ]", "Timestamp": "2021-11-29T11:48:18", "id": 132 }, "geometry": { "type": "Point", "coordinates": [ 136.922566666666654, 35.543866666666666 ] } },
{ "type": "Feature", "properties": { "Name": "nae.JPG", "Date": "2021-11-25", "Time": "12:19:46", "North": "", "Azimuth": null, "Cam. Maker": "RICOH                ", "Cam. Model": "RICOH THETA SC     , ... ]", "Timestamp": "2021-11-25T12:19:46", "id": 133 }, "geometry": { "type": "Point", "coordinates": [ 136.919036111111097, 35.553561111111108 ] } },
{ "type": "Feature", "properties": { "Name": "R0010935.JPG", "Date": "2021-10-14", "Time": "15:27:04", "North": "", "Azimuth": null, "Cam. Maker": "RICOH                ", "Cam. Model": "RICOH THETA SC     , ... ]", "Timestamp": "2021-10-14T15:27:04", "id": 134 }, "geometry": { "type": "Point", "coordinates": [ 136.923183333333327, 35.551866666666662 ] } },
{ "type": "Feature", "properties": { "Name": "R0011395.JPG", "Date": "2021-11-29", "Time": "11:48:34", "North": "", "Azimuth": null, "Cam. Maker": "RICOH                ", "Cam. Model": "RICOH THETA SC     , ... ]", "Timestamp": "2021-11-29T11:48:34", "id": 135 }, "geometry": { "type": "Point", "coordinates": [ 136.92265, 35.543766666666663 ] } },
{ "type": "Feature", "properties": { "Name": "R0011381.JPG", "Date": "2021-11-29", "Time": "11:44:50", "North": "", "Azimuth": null, "Cam. Maker": "RICOH                ", "Cam. Model": "RICOH THETA SC     , ... ]", "Timestamp": "2021-11-29T11:44:50", "id": 136 }, "geometry": { "type": "Point", "coordinates": [ 136.9218, 35.545233333333329 ] } },
{ "type": "Feature", "properties": { "Name": "R0010921.JPG", "Date": "2021-10-14", "Time": "15:22:53", "North": "", "Azimuth": null, "Cam. Maker": "RICOH                ", "Cam. Model": "RICOH THETA SC     , ... ]", "Timestamp": "2021-10-14T15:22:53", "id": 137 }, "geometry": { "type": "Point", "coordinates": [ 136.922155993258059, 35.552631843713307 ] } },
{ "type": "Feature", "properties": { "Name": "R0010909.JPG", "Date": "2021-10-14", "Time": "15:18:56", "North": "", "Azimuth": null, "Cam. Maker": "RICOH                ", "Cam. Model": "RICOH THETA SC     , ... ]", "Timestamp": "2021-10-14T15:18:56", "id": 138 }, "geometry": { "type": "Point", "coordinates": [ 136.923022222222215, 35.552477777777774 ] } },
{ "type": "Feature", "properties": { "Name": "R0011430.JPG", "Date": "2021-11-29", "Time": "12:33:20", "North": "", "Azimuth": null, "Cam. Maker": "RICOH                ", "Cam. Model": "RICOH THETA SC     , ... ]", "Timestamp": "2021-11-29T12:33:20", "id": 139 }, "geometry": { "type": "Point", "coordinates": [ 136.922666666666657, 35.55375 ] } },
{ "type": "Feature", "properties": { "Name": "R0011356.JPG", "Date": "2021-11-29", "Time": "11:36:59", "North": "", "Azimuth": null, "Cam. Maker": "RICOH                ", "Cam. Model": "RICOH THETA SC     , ... ]", "Timestamp": "2021-11-29T11:36:59", "id": 140 }, "geometry": { "type": "Point", "coordinates": [ 136.920711111111103, 35.547663888888884 ] } },
{ "type": "Feature", "properties": { "Name": "R0010048.JPG", "Date": "2020-04-15", "Time": "09:45:41", "North": "", "Azimuth": null, "Cam. Maker": "RICOH                ", "Cam. Model": "RICOH THETA SC     , ... ]", "Timestamp": "2020-04-15T09:45:41", "id": 141 }, "geometry": { "type": "Point", "coordinates": [ 136.920183333333341, 35.550483333333332 ] } },
{ "type": "Feature", "properties": { "Name": "R0011342.JPG", "Date": "2021-11-29", "Time": "11:19:07", "North": "", "Azimuth": null, "Cam. Maker": "RICOH                ", "Cam. Model": "RICOH THETA SC     , ... ]", "Timestamp": "2021-11-29T11:19:07", "id": 142 }, "geometry": { "type": "Point", "coordinates": [ 136.9208, 35.548683333333329 ] } },
{ "type": "Feature", "properties": { "Name": "R0011424.JPG", "Date": "2021-11-29", "Time": "12:14:00", "North": "", "Azimuth": null, "Cam. Maker": "RICOH                ", "Cam. Model": "RICOH THETA SC     , ... ]", "Timestamp": "2021-11-29T12:14:00", "id": 143 }, "geometry": { "type": "Point", "coordinates": [ 136.919483333333318, 35.550166666666662 ] } },
{ "type": "Feature", "properties": { "Name": "R0010712.JPG", "Date": "2021-10-11", "Time": "16:16:08", "North": "", "Azimuth": null, "Cam. Maker": "RICOH                ", "Cam. Model": "RICOH THETA SC     , ... ]", "Timestamp": "2021-10-11T16:16:08", "id": 144 }, "geometry": { "type": "Point", "coordinates": [ 136.924155555555558, 35.552319444444443 ] } },
{ "type": "Feature", "properties": { "Name": "R0010074.JPG", "Date": "2020-04-15", "Time": "09:58:07", "North": "", "Azimuth": null, "Cam. Maker": "RICOH                ", "Cam. Model": "RICOH THETA SC     , ... ]", "Timestamp": "2020-04-15T09:58:07", "id": 145 }, "geometry": { "type": "Point", "coordinates": [ 136.919716666666659, 35.549683333333334 ] } },
{ "type": "Feature", "properties": { "Name": "R0010060.JPG", "Date": "2020-04-15", "Time": "09:51:57", "North": "", "Azimuth": null, "Cam. Maker": "RICOH                ", "Cam. Model": "RICOH THETA SC     , ... ]", "Timestamp": "2020-04-15T09:51:57", "id": 146 }, "geometry": { "type": "Point", "coordinates": [ 136.9206, 35.550233333333331 ] } },
{ "type": "Feature", "properties": { "Name": "R0010706.JPG", "Date": "2021-10-11", "Time": "16:14:50", "North": "", "Azimuth": null, "Cam. Maker": "RICOH                ", "Cam. Model": "RICOH THETA SC     , ... ]", "Timestamp": "2021-10-11T16:14:50", "id": 147 }, "geometry": { "type": "Point", "coordinates": [ 136.924333333333323, 35.551983333333332 ] } },
{ "type": "Feature", "properties": { "Name": "R0011418.JPG", "Date": "2021-11-29", "Time": "12:11:42", "North": "", "Azimuth": null, "Cam. Maker": "RICOH                ", "Cam. Model": "RICOH THETA SC     , ... ]", "Timestamp": "2021-11-29T12:11:42", "id": 148 }, "geometry": { "type": "Point", "coordinates": [ 136.919066666666652, 35.5492 ] } },
{ "type": "Feature", "properties": { "Name": "R0011197.JPG", "Date": "2021-11-25", "Time": "11:30:44", "North": "", "Azimuth": null, "Cam. Maker": "RICOH                ", "Cam. Model": "RICOH THETA SC     , ... ]", "Timestamp": "2021-11-25T11:30:44", "id": 149 }, "geometry": { "type": "Point", "coordinates": [ 136.9222, 35.548616666666668 ] } },
{ "type": "Feature", "properties": { "Name": "R0010289.JPG", "Date": "2020-04-15", "Time": "11:25:25", "North": "", "Azimuth": null, "Cam. Maker": "RICOH                ", "Cam. Model": "RICOH THETA SC     , ... ]", "Timestamp": "2020-04-15T11:25:25", "id": 150 }, "geometry": { "type": "Point", "coordinates": [ 136.920683333333329, 35.549516666666669 ] } },
{ "type": "Feature", "properties": { "Name": "R0011183.JPG", "Date": "2021-11-25", "Time": "10:09:16", "North": "", "Azimuth": null, "Cam. Maker": "RICOH                ", "Cam. Model": "RICOH THETA SC     , ... ]", "Timestamp": "2021-11-25T10:09:16", "id": 151 }, "geometry": { "type": "Point", "coordinates": [ 136.921833333333325, 35.553516666666667 ] } },
{ "type": "Feature", "properties": { "Name": "R0011154.JPG", "Date": "2021-11-18", "Time": "14:32:56", "North": "", "Azimuth": null, "Cam. Maker": "RICOH                ", "Cam. Model": "RICOH THETA SC     , ... ]", "Timestamp": "2021-11-18T14:32:56", "id": 152 }, "geometry": { "type": "Point", "coordinates": [ 136.923316666666665, 35.554602777777774 ] } },
{ "type": "Feature", "properties": { "Name": "R0010538.JPG", "Date": "2021-10-11", "Time": "15:02:53", "North": "", "Azimuth": null, "Cam. Maker": "RICOH                ", "Cam. Model": "RICOH THETA SC     , ... ]", "Timestamp": "2021-10-11T15:02:53", "id": 153 }, "geometry": { "type": "Point", "coordinates": [ 136.925166666666655, 35.55125 ] } },
{ "type": "Feature", "properties": { "Name": "R0010276.JPG", "Date": "2020-04-15", "Time": "11:20:44", "North": "", "Azimuth": null, "Cam. Maker": "RICOH                ", "Cam. Model": "RICOH THETA SC     , ... ]", "Timestamp": "2020-04-15T11:20:44", "id": 154 }, "geometry": { "type": "Point", "coordinates": [ 136.920133333333325, 35.55005 ] } },
{ "type": "Feature", "properties": { "Name": "R0010510.JPG", "Date": "2021-10-11", "Time": "14:56:03", "North": "", "Azimuth": null, "Cam. Maker": "RICOH                ", "Cam. Model": "RICOH THETA SC     , ... ]", "Timestamp": "2021-10-11T14:56:03", "id": 155 }, "geometry": { "type": "Point", "coordinates": [ 136.926627777777782, 35.551466666666663 ] } },
{ "type": "Feature", "properties": { "Name": "R0010504.JPG", "Date": "2021-10-11", "Time": "12:57:41", "North": "", "Azimuth": null, "Cam. Maker": "RICOH                ", "Cam. Model": "RICOH THETA SC     , ... ]", "Timestamp": "2021-10-11T12:57:41", "id": 156 }, "geometry": { "type": "Point", "coordinates": [ 136.920966666666658, 35.548633333333335 ] } },
{ "type": "Feature", "properties": { "Name": "R0010262.JPG", "Date": "2020-04-15", "Time": "11:13:30", "North": "", "Azimuth": null, "Cam. Maker": "RICOH                ", "Cam. Model": "RICOH THETA SC     , ... ]", "Timestamp": "2020-04-15T11:13:30", "id": 157 }, "geometry": { "type": "Point", "coordinates": [ 136.920683333333329, 35.550216666666664 ] } },
{ "type": "Feature", "properties": { "Name": "R0011020.JPG", "Date": "2021-10-19", "Time": "09:55:45", "North": "", "Azimuth": null, "Cam. Maker": "RICOH                ", "Cam. Model": "RICOH THETA SC     , ... ]", "Timestamp": "2021-10-19T09:55:45", "id": 158 }, "geometry": { "type": "Point", "coordinates": [ 136.921516666666662, 35.55295 ] } },
{ "type": "Feature", "properties": { "Name": "tamokuteki.JPG", "Date": "2021-11-18", "Time": "13:28:37", "North": "", "Azimuth": null, "Cam. Maker": "RICOH                ", "Cam. Model": "RICOH THETA SC     , ... ]", "Timestamp": "2021-11-18T13:28:37", "id": 159 }, "geometry": { "type": "Point", "coordinates": [ 136.918291666666647, 35.555625 ] } },
{ "type": "Feature", "properties": { "Name": "R0010458.JPG", "Date": "2021-10-06", "Time": "12:50:18", "North": "", "Azimuth": null, "Cam. Maker": "RICOH                ", "Cam. Model": "RICOH THETA SC     , ... ]", "Timestamp": "2021-10-06T12:50:18", "id": 160 }, "geometry": { "type": "Point", "coordinates": [ 136.925416666666649, 35.548666666666662 ] } },
{ "type": "Feature", "properties": { "Name": "R0011034.JPG", "Date": "2021-10-19", "Time": "10:07:12", "North": "", "Azimuth": null, "Cam. Maker": "RICOH                ", "Cam. Model": "RICOH THETA SC     , ... ]", "Timestamp": "2021-10-19T10:07:12", "id": 161 }, "geometry": { "type": "Point", "coordinates": [ 136.921416666666659, 35.55233333333333 ] } },
{ "type": "Feature", "properties": { "Name": "R0010302.JPG", "Date": "2020-04-15", "Time": "11:31:11", "North": "", "Azimuth": null, "Cam. Maker": "RICOH                ", "Cam. Model": "RICOH THETA SC     , ... ]", "Timestamp": "2020-04-15T11:31:11", "id": 162 }, "geometry": { "type": "Point", "coordinates": [ 136.92175, 35.54915 ] } },
{ "type": "Feature", "properties": { "Name": "R0010464.JPG", "Date": "2021-10-06", "Time": "12:52:36", "North": "", "Azimuth": null, "Cam. Maker": "RICOH                ", "Cam. Model": "RICOH THETA SC     , ... ]", "Timestamp": "2021-10-06T12:52:36", "id": 163 }, "geometry": { "type": "Point", "coordinates": [ 136.925041666666658, 35.548083333333331 ] } },
{ "type": "Feature", "properties": { "Name": "R0010470.JPG", "Date": "2021-10-06", "Time": "12:54:26", "North": "", "Azimuth": null, "Cam. Maker": "RICOH                ", "Cam. Model": "RICOH THETA SC     , ... ]", "Timestamp": "2021-10-06T12:54:26", "id": 164 }, "geometry": { "type": "Point", "coordinates": [ 136.924916666666661, 35.547566666666668 ] } },
{ "type": "Feature", "properties": { "Name": "R0011008.JPG", "Date": "2021-10-19", "Time": "09:53:09", "North": "", "Azimuth": null, "Cam. Maker": "RICOH                ", "Cam. Model": "RICOH THETA SC     , ... ]", "Timestamp": "2021-10-19T09:53:09", "id": 165 }, "geometry": { "type": "Point", "coordinates": [ 136.920925, 35.552897222222221 ] } },
{ "type": "Feature", "properties": { "Name": "R0010316.JPG", "Date": "2020-04-15", "Time": "11:39:11", "North": "", "Azimuth": null, "Cam. Maker": "RICOH                ", "Cam. Model": "RICOH THETA SC     , ... ]", "Timestamp": "2020-04-15T11:39:11", "id": 166 }, "geometry": { "type": "Point", "coordinates": [ 136.921516666666662, 35.549016666666667 ] } },
{ "type": "Feature", "properties": { "Name": "R0010699.JPG", "Date": "2021-10-11", "Time": "16:13:29", "North": "", "Azimuth": null, "Cam. Maker": "RICOH                ", "Cam. Model": "RICOH THETA SC     , ... ]", "Timestamp": "2021-10-11T16:13:29", "id": 167 }, "geometry": { "type": "Point", "coordinates": [ 136.924433333333326, 35.551533333333332 ] } },
{ "type": "Feature", "properties": { "Name": "R0010841.JPG", "Date": "2021-10-14", "Time": "14:46:40", "North": "", "Azimuth": null, "Cam. Maker": "RICOH                ", "Cam. Model": "RICOH THETA SC     , ... ]", "Timestamp": "2021-10-14T14:46:40", "id": 168 }, "geometry": { "type": "Point", "coordinates": [ 136.921616666666665, 35.554366666666667 ] } },
{ "type": "Feature", "properties": { "Name": "R0010855.JPG", "Date": "2021-10-14", "Time": "14:51:43", "North": "", "Azimuth": null, "Cam. Maker": "RICOH                ", "Cam. Model": "RICOH THETA SC     , ... ]", "Timestamp": "2021-10-14T14:51:43", "id": 169 }, "geometry": { "type": "Point", "coordinates": [ 136.922194444444443, 35.553825 ] } },
{ "type": "Feature", "properties": { "Name": "R0010869.JPG", "Date": "2021-10-14", "Time": "14:55:05", "North": "", "Azimuth": null, "Cam. Maker": "RICOH                ", "Cam. Model": "RICOH THETA SC     , ... ]", "Timestamp": "2021-10-14T14:55:05", "id": 170 }, "geometry": { "type": "Point", "coordinates": [ 136.922813888888868, 35.554575 ] } },
{ "type": "Feature", "properties": { "Name": "R0010882.JPG", "Date": "2021-10-14", "Time": "14:58:52", "North": "", "Azimuth": null, "Cam. Maker": "RICOH                ", "Cam. Model": "RICOH THETA SC     , ... ]", "Timestamp": "2021-10-14T14:58:52", "id": 171 }, "geometry": { "type": "Point", "coordinates": [ 136.9226, 35.55455 ] } },
{ "type": "Feature", "properties": { "Name": "R0011222.JPG", "Date": "2021-11-25", "Time": "11:42:59", "North": "", "Azimuth": null, "Cam. Maker": "RICOH                ", "Cam. Model": "RICOH THETA SC     , ... ]", "Timestamp": "2021-11-25T11:42:59", "id": 172 }, "geometry": { "type": "Point", "coordinates": [ 136.921416666666659, 35.54915 ] } },
{ "type": "Feature", "properties": { "Name": "R0010128.JPG", "Date": "2020-04-15", "Time": "10:25:56", "North": "", "Azimuth": null, "Cam. Maker": "RICOH                ", "Cam. Model": "RICOH THETA SC     , ... ]", "Timestamp": "2020-04-15T10:25:56", "id": 173 }, "geometry": { "type": "Point", "coordinates": [ 136.92425, 35.548 ] } },
{ "type": "Feature", "properties": { "Name": "R0011236.JPG", "Date": "2021-11-25", "Time": "11:46:50", "North": "", "Azimuth": null, "Cam. Maker": "RICOH                ", "Cam. Model": "RICOH THETA SC     , ... ]", "Timestamp": "2021-11-25T11:46:50", "id": 174 }, "geometry": { "type": "Point", "coordinates": [ 136.921163888888884, 35.549888888888887 ] } },
{ "type": "Feature", "properties": { "Name": "R0010896.JPG", "Date": "2021-10-14", "Time": "15:03:10", "North": "", "Azimuth": null, "Cam. Maker": "RICOH                ", "Cam. Model": "RICOH THETA SC     , ... ]", "Timestamp": "2021-10-14T15:03:10", "id": 175 }, "geometry": { "type": "Point", "coordinates": [ 136.922633333333323, 35.55345 ] } },
{ "type": "Feature", "properties": { "Name": "R0010666.JPG", "Date": "2021-10-11", "Time": "15:52:24", "North": "", "Azimuth": null, "Cam. Maker": "RICOH                ", "Cam. Model": "RICOH THETA SC     , ... ]", "Timestamp": "2021-10-11T15:52:24", "id": 176 }, "geometry": { "type": "Point", "coordinates": [ 136.923116666666658, 35.550116666666661 ] } },
{ "type": "Feature", "properties": { "Name": "R0010100.JPG", "Date": "2020-04-15", "Time": "10:15:32", "North": "", "Azimuth": null, "Cam. Maker": "RICOH                ", "Cam. Model": "RICOH THETA SC     , ... ]", "Timestamp": "2020-04-15T10:15:32", "id": 177 }, "geometry": { "type": "Point", "coordinates": [ 136.92175, 35.54846666666667 ] } },
{ "type": "Feature", "properties": { "Name": "R0010114.JPG", "Date": "2020-04-15", "Time": "10:22:05", "North": "", "Azimuth": null, "Cam. Maker": "RICOH                ", "Cam. Model": "RICOH THETA SC     , ... ]", "Timestamp": "2020-04-15T10:22:05", "id": 178 }, "geometry": { "type": "Point", "coordinates": [ 136.923033333333336, 35.548266666666663 ] } },
{ "type": "Feature", "properties": { "Name": "R0010672.JPG", "Date": "2021-10-11", "Time": "15:54:14", "North": "", "Azimuth": null, "Cam. Maker": "RICOH                ", "Cam. Model": "RICOH THETA SC     , ... ]", "Timestamp": "2021-10-11T15:54:14", "id": 179 }, "geometry": { "type": "Point", "coordinates": [ 136.92285, 35.550266666666666 ] } },
{ "type": "Feature", "properties": { "Name": "R0010892.JPG", "Date": "2021-10-14", "Time": "15:02:15", "North": "", "Azimuth": null, "Cam. Maker": "RICOH                ", "Cam. Model": "RICOH THETA SC     , ... ]", "Timestamp": "2021-10-14T15:02:15", "id": 180 }, "geometry": { "type": "Point", "coordinates": [ 136.9225, 35.5537 ] } },
{ "type": "Feature", "properties": { "Name": "R0011232.JPG", "Date": "2021-11-25", "Time": "11:45:35", "North": "", "Azimuth": null, "Cam. Maker": "RICOH                ", "Cam. Model": "RICOH THETA SC     , ... ]", "Timestamp": "2021-11-25T11:45:35", "id": 181 }, "geometry": { "type": "Point", "coordinates": [ 136.92125, 35.5496 ] } },
{ "type": "Feature", "properties": { "Name": "R0011226.JPG", "Date": "2021-11-25", "Time": "11:43:55", "North": "", "Azimuth": null, "Cam. Maker": "RICOH                ", "Cam. Model": "RICOH THETA SC     , ... ]", "Timestamp": "2021-11-25T11:43:55", "id": 182 }, "geometry": { "type": "Point", "coordinates": [ 136.921383333333324, 35.54933333333333 ] } },
{ "type": "Feature", "properties": { "Name": "R0010138.JPG", "Date": "2020-04-15", "Time": "10:29:02", "North": "", "Azimuth": null, "Cam. Maker": "RICOH                ", "Cam. Model": "RICOH THETA SC     , ... ]", "Timestamp": "2020-04-15T10:29:02", "id": 183 }, "geometry": { "type": "Point", "coordinates": [ 136.924233333333319, 35.548633333333335 ] } },
{ "type": "Feature", "properties": { "Name": "R0010886.JPG", "Date": "2021-10-14", "Time": "14:59:51", "North": "", "Azimuth": null, "Cam. Maker": "RICOH                ", "Cam. Model": "RICOH THETA SC     , ... ]", "Timestamp": "2021-10-14T14:59:51", "id": 184 }, "geometry": { "type": "Point", "coordinates": [ 136.922636111111103, 35.554497222222217 ] } },
{ "type": "Feature", "properties": { "Name": "R0010676.JPG", "Date": "2021-10-11", "Time": "16:09:22", "North": "", "Azimuth": null, "Cam. Maker": "RICOH                ", "Cam. Model": "RICOH THETA SC     , ... ]", "Timestamp": "2021-10-11T16:09:22", "id": 185 }, "geometry": { "type": "Point", "coordinates": [ 136.924729868153264, 35.550164825586492 ] } },
{ "type": "Feature", "properties": { "Name": "R0010110.JPG", "Date": "2020-04-15", "Time": "10:20:09", "North": "", "Azimuth": null, "Cam. Maker": "RICOH                ", "Cam. Model": "RICOH THETA SC     , ... ]", "Timestamp": "2020-04-15T10:20:09", "id": 186 }, "geometry": { "type": "Point", "coordinates": [ 136.922666666666657, 35.54845 ] } },
{ "type": "Feature", "properties": { "Name": "R0010104.JPG", "Date": "2020-04-15", "Time": "10:17:12", "North": "", "Azimuth": null, "Cam. Maker": "RICOH                ", "Cam. Model": "RICOH THETA SC     , ... ]", "Timestamp": "2020-04-15T10:17:12", "id": 187 }, "geometry": { "type": "Point", "coordinates": [ 136.922116666666653, 35.548583333333333 ] } },
{ "type": "Feature", "properties": { "Name": "R0010662.JPG", "Date": "2021-10-11", "Time": "15:51:14", "North": "", "Azimuth": null, "Cam. Maker": "RICOH                ", "Cam. Model": "RICOH THETA SC     , ... ]", "Timestamp": "2021-10-11T15:51:14", "id": 188 }, "geometry": { "type": "Point", "coordinates": [ 136.92315, 35.55 ] } },
{ "type": "Feature", "properties": { "Name": "R0010851.JPG", "Date": "2021-10-14", "Time": "14:50:47", "North": "", "Azimuth": null, "Cam. Maker": "RICOH                ", "Cam. Model": "RICOH THETA SC     , ... ]", "Timestamp": "2021-10-14T14:50:47", "id": 189 }, "geometry": { "type": "Point", "coordinates": [ 136.922033333333331, 35.55383333333333 ] } },
{ "type": "Feature", "properties": { "Name": "R0010689.JPG", "Date": "2021-10-11", "Time": "16:11:47", "North": "", "Azimuth": null, "Cam. Maker": "RICOH                ", "Cam. Model": "RICOH THETA SC     , ... ]", "Timestamp": "2021-10-11T16:11:47", "id": 190 }, "geometry": { "type": "Point", "coordinates": [ 136.924769444444422, 35.551011111111109 ] } },
{ "type": "Feature", "properties": { "Name": "R0010845.JPG", "Date": "2021-10-14", "Time": "14:49:08", "North": "", "Azimuth": null, "Cam. Maker": "RICOH                ", "Cam. Model": "RICOH THETA SC     , ... ]", "Timestamp": "2021-10-14T14:49:08", "id": 191 }, "geometry": { "type": "Point", "coordinates": [ 136.921730555555541, 35.553841666666663 ] } },
{ "type": "Feature", "properties": { "Name": "R0010879.JPG", "Date": "2021-10-14", "Time": "14:58:08", "North": "", "Azimuth": null, "Cam. Maker": "RICOH                ", "Cam. Model": "RICOH THETA SC     , ... ]", "Timestamp": "2021-10-14T14:58:08", "id": 192 }, "geometry": { "type": "Point", "coordinates": [ 136.922733333333326, 35.5549 ] } },
{ "type": "Feature", "properties": { "Name": "R0011030.JPG", "Date": "2021-10-19", "Time": "10:00:20", "North": "", "Azimuth": null, "Cam. Maker": "RICOH                ", "Cam. Model": "RICOH THETA SC     , ... ]", "Timestamp": "2021-10-19T10:00:20", "id": 193 }, "geometry": { "type": "Point", "coordinates": [ 136.922711111111113, 35.551216666666662 ] } },
{ "type": "Feature", "properties": { "Name": "R0010448.JPG", "Date": "2021-10-06", "Time": "12:45:58", "North": "", "Azimuth": null, "Cam. Maker": "RICOH                ", "Cam. Model": "RICOH THETA SC     , ... ]", "Timestamp": "2021-10-06T12:45:58", "id": 194 }, "geometry": { "type": "Point", "coordinates": [ 136.925902777777765, 35.549213888888886 ] } },
{ "type": "Feature", "properties": { "Name": "R0011024.JPG", "Date": "2021-10-19", "Time": "09:56:39", "North": "", "Azimuth": null, "Cam. Maker": "RICOH                ", "Cam. Model": "RICOH THETA SC     , ... ]", "Timestamp": "2021-10-19T09:56:39", "id": 195 }, "geometry": { "type": "Point", "coordinates": [ 136.921697222222207, 35.55255833333333 ] } },
{ "type": "Feature", "properties": { "Name": "R0010312.JPG", "Date": "2020-04-15", "Time": "11:33:55", "North": "", "Azimuth": null, "Cam. Maker": "RICOH                ", "Cam. Model": "RICOH THETA SC     , ... ]", "Timestamp": "2020-04-15T11:33:55", "id": 196 }, "geometry": { "type": "Point", "coordinates": [ 136.921166666666664, 35.54865 ] } },
{ "type": "Feature", "properties": { "Name": "R0010474.JPG", "Date": "2021-10-06", "Time": "12:55:40", "North": "", "Azimuth": null, "Cam. Maker": "RICOH                ", "Cam. Model": "RICOH THETA SC     , ... ]", "Timestamp": "2021-10-06T12:55:40", "id": 197 }, "geometry": { "type": "Point", "coordinates": [ 136.924533333333329, 35.547216666666664 ] } },
{ "type": "Feature", "properties": { "Name": "R0010460.JPG", "Date": "2021-10-06", "Time": "12:50:53", "North": "", "Azimuth": null, "Cam. Maker": "RICOH                ", "Cam. Model": "RICOH THETA SC     , ... ]", "Timestamp": "2021-10-06T12:50:53", "id": 198 }, "geometry": { "type": "Point", "coordinates": [ 136.925286111111092, 35.54848888888889 ] } },
{ "type": "Feature", "properties": { "Name": "R0010306.JPG", "Date": "2020-04-15", "Time": "11:32:21", "North": "", "Azimuth": null, "Cam. Maker": "RICOH                ", "Cam. Model": "RICOH THETA SC     , ... ]", "Timestamp": "2020-04-15T11:32:21", "id": 199 }, "geometry": { "type": "Point", "coordinates": [ 136.9216, 35.5488 ] } },
{ "type": "Feature", "properties": { "Name": "R0011018.JPG", "Date": "2021-10-19", "Time": "09:55:18", "North": "", "Azimuth": null, "Cam. Maker": "RICOH                ", "Cam. Model": "RICOH THETA SC     , ... ]", "Timestamp": "2021-10-19T09:55:18", "id": 200 }, "geometry": { "type": "Point", "coordinates": [ 136.9214, 35.553133333333328 ] } },
{ "type": "Feature", "properties": { "Name": "R0010528.JPG", "Date": "2021-10-11", "Time": "15:00:13", "North": "", "Azimuth": null, "Cam. Maker": "RICOH                ", "Cam. Model": "RICOH THETA SC     , ... ]", "Timestamp": "2021-10-11T15:00:13", "id": 201 }, "geometry": { "type": "Point", "coordinates": [ 136.925966666666653, 35.5515 ] } },
{ "type": "Feature", "properties": { "Name": "R0011178.JPG", "Date": "2021-11-25", "Time": "10:07:57", "North": "", "Azimuth": null, "Cam. Maker": "RICOH                ", "Cam. Model": "RICOH THETA SC     , ... ]", "Timestamp": "2021-11-25T10:07:57", "id": 202 }, "geometry": { "type": "Point", "coordinates": [ 136.922033333333331, 35.55363333333333 ] } },
{ "type": "Feature", "properties": { "Name": "R0010266.JPG", "Date": "2020-04-15", "Time": "11:17:03", "North": "", "Azimuth": null, "Cam. Maker": "RICOH                ", "Cam. Model": "RICOH THETA SC     , ... ]", "Timestamp": "2020-04-15T11:17:03", "id": 203 }, "geometry": { "type": "Point", "coordinates": [ 136.9209, 35.550166666666669 ] } },
{ "type": "Feature", "properties": { "Name": "R0010514.JPG", "Date": "2021-10-11", "Time": "14:56:55", "North": "", "Azimuth": null, "Cam. Maker": "RICOH                ", "Cam. Model": "RICOH THETA SC     , ... ]", "Timestamp": "2021-10-11T14:56:55", "id": 204 }, "geometry": { "type": "Point", "coordinates": [ 136.9265, 35.551383333333334 ] } },
{ "type": "Feature", "properties": { "Name": "R0010272.JPG", "Date": "2020-04-15", "Time": "11:19:37", "North": "", "Azimuth": null, "Cam. Maker": "RICOH                ", "Cam. Model": "RICOH THETA SC     , ... ]", "Timestamp": "2020-04-15T11:19:37", "id": 205 }, "geometry": { "type": "Point", "coordinates": [ 136.920416666666654, 35.550133333333335 ] } },
{ "type": "Feature", "properties": { "Name": "R0010299.JPG", "Date": "2020-04-15", "Time": "11:29:16", "North": "", "Azimuth": null, "Cam. Maker": "RICOH                ", "Cam. Model": "RICOH THETA SC     , ... ]", "Timestamp": "2020-04-15T11:29:16", "id": 206 }, "geometry": { "type": "Point", "coordinates": [ 136.921466666666674, 35.548983333333332 ] } },
{ "type": "Feature", "properties": { "Name": "R0011187.JPG", "Date": "2021-11-25", "Time": "10:10:17", "North": "", "Azimuth": null, "Cam. Maker": "RICOH                ", "Cam. Model": "RICOH THETA SC     , ... ]", "Timestamp": "2021-11-25T10:10:17", "id": 207 }, "geometry": { "type": "Point", "coordinates": [ 136.921677777777774, 35.553636111111111 ] } },
{ "type": "Feature", "properties": { "Name": "R0011193.JPG", "Date": "2021-11-25", "Time": "11:06:23", "North": "", "Azimuth": null, "Cam. Maker": "RICOH                ", "Cam. Model": "RICOH THETA SC     , ... ]", "Timestamp": "2021-11-25T11:06:23", "id": 208 }, "geometry": { "type": "Point", "coordinates": [ 136.924575018126035, 35.55122273912248 ] } },
{ "type": "Feature", "properties": { "Name": "R0011420.JPG", "Date": "2021-11-29", "Time": "12:12:53", "North": "", "Azimuth": null, "Cam. Maker": "RICOH                ", "Cam. Model": "RICOH THETA SC     , ... ]", "Timestamp": "2021-11-29T12:12:53", "id": 209 }, "geometry": { "type": "Point", "coordinates": [ 136.919216666666671, 35.5499 ] } },
{ "type": "Feature", "properties": { "Name": "R0010058.JPG", "Date": "2020-04-15", "Time": "09:50:56", "North": "", "Azimuth": null, "Cam. Maker": "RICOH                ", "Cam. Model": "RICOH THETA SC     , ... ]", "Timestamp": "2020-04-15T09:50:56", "id": 210 }, "geometry": { "type": "Point", "coordinates": [ 136.920733333333345, 35.5503 ] } },
{ "type": "Feature", "properties": { "Name": "R0011346.JPG", "Date": "2021-11-29", "Time": "11:34:03", "North": "", "Azimuth": null, "Cam. Maker": "RICOH                ", "Cam. Model": "RICOH THETA SC     , ... ]", "Timestamp": "2021-11-29T11:34:03", "id": 211 }, "geometry": { "type": "Point", "coordinates": [ 136.921283333333321, 35.547916666666666 ] } },
{ "type": "Feature", "properties": { "Name": "R0011352.JPG", "Date": "2021-11-29", "Time": "11:35:42", "North": "", "Azimuth": null, "Cam. Maker": "RICOH                ", "Cam. Model": "RICOH THETA SC     , ... ]", "Timestamp": "2021-11-29T11:35:42", "id": 212 }, "geometry": { "type": "Point", "coordinates": [ 136.921166666666664, 35.547716666666666 ] } },
{ "type": "Feature", "properties": { "Name": "R0011434.JPG", "Date": "2021-11-29", "Time": "12:36:00", "North": "", "Azimuth": null, "Cam. Maker": "RICOH                ", "Cam. Model": "RICOH THETA SC     , ... ]", "Timestamp": "2021-11-29T12:36:00", "id": 213 }, "geometry": { "type": "Point", "coordinates": [ 136.922883333333317, 35.553983333333328 ] } },
{ "type": "Feature", "properties": { "Name": "R0010702.JPG", "Date": "2021-10-11", "Time": "16:14:03", "North": "", "Azimuth": null, "Cam. Maker": "RICOH                ", "Cam. Model": "RICOH THETA SC     , ... ]", "Timestamp": "2021-10-11T16:14:03", "id": 214 }, "geometry": { "type": "Point", "coordinates": [ 136.924483333333313, 35.551733333333331 ] } },
{ "type": "Feature", "properties": { "Name": "R0010064.JPG", "Date": "2020-04-15", "Time": "09:53:28", "North": "", "Azimuth": null, "Cam. Maker": "RICOH                ", "Cam. Model": "RICOH THETA SC     , ... ]", "Timestamp": "2020-04-15T09:53:28", "id": 215 }, "geometry": { "type": "Point", "coordinates": [ 136.92005, 35.5504 ] } },
{ "type": "Feature", "properties": { "Name": "R0010070.JPG", "Date": "2020-04-15", "Time": "09:55:30", "North": "", "Azimuth": null, "Cam. Maker": "RICOH                ", "Cam. Model": "RICOH THETA SC     , ... ]", "Timestamp": "2020-04-15T09:55:30", "id": 216 }, "geometry": { "type": "Point", "coordinates": [ 136.9197, 35.54985 ] } },
{ "type": "Feature", "properties": { "Name": "R0011408.JPG", "Date": "2021-11-29", "Time": "12:08:50", "North": "", "Azimuth": null, "Cam. Maker": "RICOH                ", "Cam. Model": "RICOH THETA SC     , ... ]", "Timestamp": "2021-11-29T12:08:50", "id": 217 }, "geometry": { "type": "Point", "coordinates": [ 136.919666666666643, 35.548083333333331 ] } },
{ "type": "Feature", "properties": { "Name": "R0010716.JPG", "Date": "2021-10-11", "Time": "16:16:57", "North": "", "Azimuth": null, "Cam. Maker": "RICOH                ", "Cam. Model": "RICOH THETA SC     , ... ]", "Timestamp": "2021-10-11T16:16:57", "id": 218 }, "geometry": { "type": "Point", "coordinates": [ 136.923816666666653, 35.552483333333328 ] } },
{ "type": "Feature", "properties": { "Name": "R0010925.JPG", "Date": "2021-10-14", "Time": "15:23:55", "North": "", "Azimuth": null, "Cam. Maker": "RICOH                ", "Cam. Model": "RICOH THETA SC     , ... ]", "Timestamp": "2021-10-14T15:23:55", "id": 219 }, "geometry": { "type": "Point", "coordinates": [ 136.922030555555551, 35.552308333333329 ] } },
{ "type": "Feature", "properties": { "Name": "R0011385.JPG", "Date": "2021-11-29", "Time": "11:45:59", "North": "", "Azimuth": null, "Cam. Maker": "RICOH                ", "Cam. Model": "RICOH THETA SC     , ... ]", "Timestamp": "2021-11-29T11:45:59", "id": 220 }, "geometry": { "type": "Point", "coordinates": [ 136.922, 35.544783333333335 ] } },
{ "type": "Feature", "properties": { "Name": "R0011391.JPG", "Date": "2021-11-29", "Time": "11:47:33", "North": "", "Azimuth": null, "Cam. Maker": "RICOH                ", "Cam. Model": "RICOH THETA SC     , ... ]", "Timestamp": "2021-11-29T11:47:33", "id": 221 }, "geometry": { "type": "Point", "coordinates": [ 136.922266666666644, 35.5442 ] } },
{ "type": "Feature", "properties": { "Name": "R0010931.JPG", "Date": "2021-10-14", "Time": "15:25:09", "North": "", "Azimuth": null, "Cam. Maker": "RICOH                ", "Cam. Model": "RICOH THETA SC     , ... ]", "Timestamp": "2021-10-14T15:25:09", "id": 222 }, "geometry": { "type": "Point", "coordinates": [ 136.922666666666657, 35.552016666666667 ] } },
{ "type": "Feature", "properties": { "Name": "R0010919.JPG", "Date": "2021-10-14", "Time": "15:22:24", "North": "", "Azimuth": null, "Cam. Maker": "RICOH                ", "Cam. Model": "RICOH THETA SC     , ... ]", "Timestamp": "2021-10-14T15:22:24", "id": 223 }, "geometry": { "type": "Point", "coordinates": [ 136.922224105882151, 35.552698993742091 ] } },
{ "type": "Feature", "properties": { "Name": "R0010918.JPG", "Date": "2021-10-14", "Time": "15:22:15", "North": "", "Azimuth": null, "Cam. Maker": "RICOH                ", "Cam. Model": "RICOH THETA SC     , ... ]", "Timestamp": "2021-10-14T15:22:15", "id": 224 }, "geometry": { "type": "Point", "coordinates": [ 136.922231432337355, 35.55272920448872 ] } },
{ "type": "Feature", "properties": { "Name": "R0011390.JPG", "Date": "2021-11-29", "Time": "11:47:16", "North": "", "Azimuth": null, "Cam. Maker": "RICOH                ", "Cam. Model": "RICOH THETA SC     , ... ]", "Timestamp": "2021-11-29T11:47:16", "id": 225 }, "geometry": { "type": "Point", "coordinates": [ 136.922166666666669, 35.544263888888885 ] } },
{ "type": "Feature", "properties": { "Name": "R0010930.JPG", "Date": "2021-10-14", "Time": "15:24:58", "North": "", "Azimuth": null, "Cam. Maker": "RICOH                ", "Cam. Model": "RICOH THETA SC     , ... ]", "Timestamp": "2021-10-14T15:24:58", "id": 226 }, "geometry": { "type": "Point", "coordinates": [ 136.922566666666654, 35.55205 ] } },
{ "type": "Feature", "properties": { "Name": "R0010924.JPG", "Date": "2021-10-14", "Time": "15:23:42", "North": "", "Azimuth": null, "Cam. Maker": "RICOH                ", "Cam. Model": "RICOH THETA SC     , ... ]", "Timestamp": "2021-10-14T15:23:42", "id": 227 }, "geometry": { "type": "Point", "coordinates": [ 136.922044444444424, 35.552402777777772 ] } },
{ "type": "Feature", "properties": { "Name": "R0011384.JPG", "Date": "2021-11-29", "Time": "11:45:44", "North": "", "Azimuth": null, "Cam. Maker": "RICOH                ", "Cam. Model": "RICOH THETA SC     , ... ]", "Timestamp": "2021-11-29T11:45:44", "id": 228 }, "geometry": { "type": "Point", "coordinates": [ 136.92186944444444, 35.54485 ] } },
{ "type": "Feature", "properties": { "Name": "R0010071.JPG", "Date": "2020-04-15", "Time": "09:55:48", "North": "", "Azimuth": null, "Cam. Maker": "RICOH                ", "Cam. Model": "RICOH THETA SC     , ... ]", "Timestamp": "2020-04-15T09:55:48", "id": 229 }, "geometry": { "type": "Point", "coordinates": [ 136.9196, 35.549883333333334 ] } },
{ "type": "Feature", "properties": { "Name": "R0010717.JPG", "Date": "2021-10-11", "Time": "16:17:09", "North": "", "Azimuth": null, "Cam. Maker": "RICOH                ", "Cam. Model": "RICOH THETA SC     , ... ]", "Timestamp": "2021-10-11T16:17:09", "id": 230 }, "geometry": { "type": "Point", "coordinates": [ 136.923733333333331, 35.552533333333329 ] } },
{ "type": "Feature", "properties": { "Name": "R0011409.JPG", "Date": "2021-11-29", "Time": "12:09:05", "North": "", "Azimuth": null, "Cam. Maker": "RICOH                ", "Cam. Model": "RICOH THETA SC     , ... ]", "Timestamp": "2021-11-29T12:09:05", "id": 231 }, "geometry": { "type": "Point", "coordinates": [ 136.919633333333337, 35.548216666666661 ] } },
{ "type": "Feature", "properties": { "Name": "R0010703.JPG", "Date": "2021-10-11", "Time": "16:14:16", "North": "", "Azimuth": null, "Cam. Maker": "RICOH                ", "Cam. Model": "RICOH THETA SC     , ... ]", "Timestamp": "2021-10-11T16:14:16", "id": 232 }, "geometry": { "type": "Point", "coordinates": [ 136.924494444444434, 35.551827777777774 ] } },
{ "type": "Feature", "properties": { "Name": "R0010065.JPG", "Date": "2020-04-15", "Time": "09:53:53", "North": "", "Azimuth": null, "Cam. Maker": "RICOH                ", "Cam. Model": "RICOH THETA SC     , ... ]", "Timestamp": "2020-04-15T09:53:53", "id": 233 }, "geometry": { "type": "Point", "coordinates": [ 136.920016666666669, 35.5503 ] } },
{ "type": "Feature", "properties": { "Name": "R0011353.JPG", "Date": "2021-11-29", "Time": "11:35:59", "North": "", "Azimuth": null, "Cam. Maker": "RICOH                ", "Cam. Model": "RICOH THETA SC     , ... ]", "Timestamp": "2021-11-29T11:35:59", "id": 234 }, "geometry": { "type": "Point", "coordinates": [ 136.921066666666661, 35.5477 ] } },
{ "type": "Feature", "properties": { "Name": "R0011435.JPG", "Date": "2021-11-29", "Time": "12:36:23", "North": "", "Azimuth": null, "Cam. Maker": "RICOH                ", "Cam. Model": "RICOH THETA SC     , ... ]", "Timestamp": "2021-11-29T12:36:23", "id": 235 }, "geometry": { "type": "Point", "coordinates": [ 136.922916666666652, 35.55405 ] } },
{ "type": "Feature", "properties": { "Name": "R0011421.JPG", "Date": "2021-11-29", "Time": "12:13:10", "North": "", "Azimuth": null, "Cam. Maker": "RICOH                ", "Cam. Model": "RICOH THETA SC     , ... ]", "Timestamp": "2021-11-29T12:13:10", "id": 236 }, "geometry": { "type": "Point", "coordinates": [ 136.91913333333332, 35.55005 ] } },
{ "type": "Feature", "properties": { "Name": "R0011347.JPG", "Date": "2021-11-29", "Time": "11:34:19", "North": "", "Azimuth": null, "Cam. Maker": "RICOH                ", "Cam. Model": "RICOH THETA SC     , ... ]", "Timestamp": "2021-11-29T11:34:19", "id": 237 }, "geometry": { "type": "Point", "coordinates": [ 136.921388888888885, 35.547869444444444 ] } },
{ "type": "Feature", "properties": { "Name": "R0010059.JPG", "Date": "2020-04-15", "Time": "09:51:18", "North": "", "Azimuth": null, "Cam. Maker": "RICOH                ", "Cam. Model": "RICOH THETA SC     , ... ]", "Timestamp": "2020-04-15T09:51:18", "id": 238 }, "geometry": { "type": "Point", "coordinates": [ 136.920633333333342, 35.550233333333331 ] } },
{ "type": "Feature", "properties": { "Name": "R0011192.JPG", "Date": "2021-11-25", "Time": "10:30:19", "North": "", "Azimuth": null, "Cam. Maker": "RICOH                ", "Cam. Model": "RICOH THETA SC     , ... ]", "Timestamp": "2021-11-25T10:30:19", "id": 239 }, "geometry": { "type": "Point", "coordinates": [ 136.921297222222222, 35.552169444444445 ] } },
{ "type": "Feature", "properties": { "Name": "R0011186.JPG", "Date": "2021-11-25", "Time": "10:10:02", "North": "", "Azimuth": null, "Cam. Maker": "RICOH                ", "Cam. Model": "RICOH THETA SC     , ... ]", "Timestamp": "2021-11-25T10:10:02", "id": 240 }, "geometry": { "type": "Point", "coordinates": [ 136.921716666666669, 35.553666666666665 ] } },
{ "type": "Feature", "properties": { "Name": "R0010298.JPG", "Date": "2020-04-15", "Time": "11:28:57", "North": "", "Azimuth": null, "Cam. Maker": "RICOH                ", "Cam. Model": "RICOH THETA SC     , ... ]", "Timestamp": "2020-04-15T11:28:57", "id": 241 }, "geometry": { "type": "Point", "coordinates": [ 136.921383333333324, 35.548983333333332 ] } },
{ "type": "Feature", "properties": { "Name": "R0010515.JPG", "Date": "2021-10-11", "Time": "14:57:06", "North": "", "Azimuth": null, "Cam. Maker": "RICOH                ", "Cam. Model": "RICOH THETA SC     , ... ]", "Timestamp": "2021-10-11T14:57:06", "id": 242 }, "geometry": { "type": "Point", "coordinates": [ 136.92645, 35.551333333333332 ] } },
{ "type": "Feature", "properties": { "Name": "R0010273.JPG", "Date": "2020-04-15", "Time": "11:20:08", "North": "", "Azimuth": null, "Cam. Maker": "RICOH                ", "Cam. Model": "RICOH THETA SC     , ... ]", "Timestamp": "2020-04-15T11:20:08", "id": 243 }, "geometry": { "type": "Point", "coordinates": [ 136.920333333333332, 35.55015 ] } },
{ "type": "Feature", "properties": { "Name": "R0010267.JPG", "Date": "2020-04-15", "Time": "11:17:22", "North": "", "Azimuth": null, "Cam. Maker": "RICOH                ", "Cam. Model": "RICOH THETA SC     , ... ]", "Timestamp": "2020-04-15T11:17:22", "id": 244 }, "geometry": { "type": "Point", "coordinates": [ 136.920866666666655, 35.5501 ] } },
{ "type": "Feature", "properties": { "Name": "R0011179.JPG", "Date": "2021-11-25", "Time": "10:08:11", "North": "", "Azimuth": null, "Cam. Maker": "RICOH                ", "Cam. Model": "RICOH THETA SC     , ... ]", "Timestamp": "2021-11-25T10:08:11", "id": 245 }, "geometry": { "type": "Point", "coordinates": [ 136.922, 35.553583333333329 ] } },
{ "type": "Feature", "properties": { "Name": "R0010501.JPG", "Date": "2021-10-11", "Time": "12:48:35", "North": "", "Azimuth": null, "Cam. Maker": "RICOH                ", "Cam. Model": "RICOH THETA SC     , ... ]", "Timestamp": "2021-10-11T12:48:35", "id": 246 }, "geometry": { "type": "Point", "coordinates": [ 136.921833333333325, 35.547516666666667 ] } },
{ "type": "Feature", "properties": { "Name": "R0010529.JPG", "Date": "2021-10-11", "Time": "15:00:30", "North": "", "Azimuth": null, "Cam. Maker": "RICOH                ", "Cam. Model": "RICOH THETA SC     , ... ]", "Timestamp": "2021-10-11T15:00:30", "id": 247 }, "geometry": { "type": "Point", "coordinates": [ 136.9259, 35.551466666666663 ] } },
{ "type": "Feature", "properties": { "Name": "R0011151.JPG", "Date": "2021-11-18", "Time": "14:32:14", "North": "", "Azimuth": null, "Cam. Maker": "RICOH                ", "Cam. Model": "RICOH THETA SC     , ... ]", "Timestamp": "2021-11-18T14:32:14", "id": 248 }, "geometry": { "type": "Point", "coordinates": [ 136.92371666666665, 35.554616666666661 ] } },
{ "type": "Feature", "properties": { "Name": "R0010461.JPG", "Date": "2021-10-06", "Time": "12:51:35", "North": "", "Azimuth": null, "Cam. Maker": "RICOH                ", "Cam. Model": "RICOH THETA SC     , ... ]", "Timestamp": "2021-10-06T12:51:35", "id": 249 }, "geometry": { "type": "Point", "coordinates": [ 136.92520833333333, 35.548402777777774 ] } },
{ "type": "Feature", "properties": { "Name": "R0011019.JPG", "Date": "2021-10-19", "Time": "09:55:32", "North": "", "Azimuth": null, "Cam. Maker": "RICOH                ", "Cam. Model": "RICOH THETA SC     , ... ]", "Timestamp": "2021-10-19T09:55:32", "id": 250 }, "geometry": { "type": "Point", "coordinates": [ 136.921433333333312, 35.553033333333332 ] } },
{ "type": "Feature", "properties": { "Name": "R0010307.JPG", "Date": "2020-04-15", "Time": "11:32:42", "North": "", "Azimuth": null, "Cam. Maker": "RICOH                ", "Cam. Model": "RICOH THETA SC     , ... ]", "Timestamp": "2020-04-15T11:32:42", "id": 251 }, "geometry": { "type": "Point", "coordinates": [ 136.921533333333343, 35.548716666666664 ] } },
{ "type": "Feature", "properties": { "Name": "R0010313.JPG", "Date": "2020-04-15", "Time": "11:34:13", "North": "", "Azimuth": null, "Cam. Maker": "RICOH                ", "Cam. Model": "RICOH THETA SC     , ... ]", "Timestamp": "2020-04-15T11:34:13", "id": 252 }, "geometry": { "type": "Point", "coordinates": [ 136.921083333333343, 35.54865 ] } },
{ "type": "Feature", "properties": { "Name": "R0010475.JPG", "Date": "2021-10-06", "Time": "12:55:59", "North": "", "Azimuth": null, "Cam. Maker": "RICOH                ", "Cam. Model": "RICOH THETA SC     , ... ]", "Timestamp": "2021-10-06T12:55:59", "id": 253 }, "geometry": { "type": "Point", "coordinates": [ 136.92446666666666, 35.547133333333335 ] } },
{ "type": "Feature", "properties": { "Name": "R0011025.JPG", "Date": "2021-10-19", "Time": "09:56:50", "North": "", "Azimuth": null, "Cam. Maker": "RICOH                ", "Cam. Model": "RICOH THETA SC     , ... ]", "Timestamp": "2021-10-19T09:56:50", "id": 254 }, "geometry": { "type": "Point", "coordinates": [ 136.92165277777778, 35.552458333333334 ] } },
{ "type": "Feature", "properties": { "Name": "R0011031.JPG", "Date": "2021-10-19", "Time": "10:00:38", "North": "", "Azimuth": null, "Cam. Maker": "RICOH                ", "Cam. Model": "RICOH THETA SC     , ... ]", "Timestamp": "2021-10-19T10:00:38", "id": 255 }, "geometry": { "type": "Point", "coordinates": [ 136.922772222222221, 35.551138888888886 ] } },
{ "type": "Feature", "properties": { "Name": "R0010449.JPG", "Date": "2021-10-06", "Time": "12:46:17", "North": "", "Azimuth": null, "Cam. Maker": "RICOH                ", "Cam. Model": "RICOH THETA SC     , ... ]", "Timestamp": "2021-10-06T12:46:17", "id": 256 }, "geometry": { "type": "Point", "coordinates": [ 136.925838888888876, 35.549152777777778 ] } },
{ "type": "Feature", "properties": { "Name": "R0010878.JPG", "Date": "2021-10-14", "Time": "14:57:15", "North": "", "Azimuth": null, "Cam. Maker": "RICOH                ", "Cam. Model": "RICOH THETA SC     , ... ]", "Timestamp": "2021-10-14T14:57:15", "id": 257 }, "geometry": { "type": "Point", "coordinates": [ 136.922341666666654, 35.554927777777777 ] } },
{ "type": "Feature", "properties": { "Name": "R0010844.JPG", "Date": "2021-10-14", "Time": "14:48:51", "North": "", "Azimuth": null, "Cam. Maker": "RICOH                ", "Cam. Model": "RICOH THETA SC     , ... ]", "Timestamp": "2021-10-14T14:48:51", "id": 258 }, "geometry": { "type": "Point", "coordinates": [ 136.921627777777758, 35.553866666666664 ] } },
{ "type": "Feature", "properties": { "Name": "R0010688.JPG", "Date": "2021-10-11", "Time": "16:11:37", "North": "", "Azimuth": null, "Cam. Maker": "RICOH                ", "Cam. Model": "RICOH THETA SC     , ... ]", "Timestamp": "2021-10-11T16:11:37", "id": 259 }, "geometry": { "type": "Point", "coordinates": [ 136.92485, 35.55096666666666 ] } },
{ "type": "Feature", "properties": { "Name": "R0010850.JPG", "Date": "2021-10-14", "Time": "14:50:33", "North": "", "Azimuth": null, "Cam. Maker": "RICOH                ", "Cam. Model": "RICOH THETA SC     , ... ]", "Timestamp": "2021-10-14T14:50:33", "id": 260 }, "geometry": { "type": "Point", "coordinates": [ 136.921963888888882, 35.553816666666663 ] } },
{ "type": "Feature", "properties": { "Name": "R0010105.JPG", "Date": "2020-04-15", "Time": "10:17:31", "North": "", "Azimuth": null, "Cam. Maker": "RICOH                ", "Cam. Model": "RICOH THETA SC     , ... ]", "Timestamp": "2020-04-15T10:17:31", "id": 261 }, "geometry": { "type": "Point", "coordinates": [ 136.9222, 35.548616666666668 ] } },
{ "type": "Feature", "properties": { "Name": "R0010663.JPG", "Date": "2021-10-11", "Time": "15:51:26", "North": "", "Azimuth": null, "Cam. Maker": "RICOH                ", "Cam. Model": "RICOH THETA SC     , ... ]", "Timestamp": "2021-10-11T15:51:26", "id": 262 }, "geometry": { "type": "Point", "coordinates": [ 136.923116666666658, 35.549966666666663 ] } },
{ "type": "Feature", "properties": { "Name": "R0010677.JPG", "Date": "2021-10-11", "Time": "16:09:31", "North": "", "Azimuth": null, "Cam. Maker": "RICOH                ", "Cam. Model": "RICOH THETA SC     , ... ]", "Timestamp": "2021-10-11T16:09:31", "id": 263 }, "geometry": { "type": "Point", "coordinates": [ 136.924708333333314, 35.550227777777778 ] } },
{ "type": "Feature", "properties": { "Name": "R0010111.JPG", "Date": "2020-04-15", "Time": "10:20:25", "North": "", "Azimuth": null, "Cam. Maker": "RICOH                ", "Cam. Model": "RICOH THETA SC     , ... ]", "Timestamp": "2020-04-15T10:20:25", "id": 264 }, "geometry": { "type": "Point", "coordinates": [ 136.922733333333326, 35.548383333333334 ] } },
{ "type": "Feature", "properties": { "Name": "R0010139.JPG", "Date": "2020-04-15", "Time": "10:29:40", "North": "", "Azimuth": null, "Cam. Maker": "RICOH                ", "Cam. Model": "RICOH THETA SC     , ... ]", "Timestamp": "2020-04-15T10:29:40", "id": 265 }, "geometry": { "type": "Point", "coordinates": [ 136.9242, 35.54865 ] } },
{ "type": "Feature", "properties": { "Name": "R0011227.JPG", "Date": "2021-11-25", "Time": "11:44:07", "North": "", "Azimuth": null, "Cam. Maker": "RICOH                ", "Cam. Model": "RICOH THETA SC     , ... ]", "Timestamp": "2021-11-25T11:44:07", "id": 266 }, "geometry": { "type": "Point", "coordinates": [ 136.92135, 35.549383333333331 ] } },
{ "type": "Feature", "properties": { "Name": "R0010887.JPG", "Date": "2021-10-14", "Time": "15:00:03", "North": "", "Azimuth": null, "Cam. Maker": "RICOH                ", "Cam. Model": "RICOH THETA SC     , ... ]", "Timestamp": "2021-10-14T15:00:03", "id": 267 }, "geometry": { "type": "Point", "coordinates": [ 136.922669444444438, 35.55448333333333 ] } },
{ "type": "Feature", "properties": { "Name": "R0010893.JPG", "Date": "2021-10-14", "Time": "15:02:28", "North": "", "Azimuth": null, "Cam. Maker": "RICOH                ", "Cam. Model": "RICOH THETA SC     , ... ]", "Timestamp": "2021-10-14T15:02:28", "id": 268 }, "geometry": { "type": "Point", "coordinates": [ 136.9225, 35.553638888888884 ] } },
{ "type": "Feature", "properties": { "Name": "R0011233.JPG", "Date": "2021-11-25", "Time": "11:45:51", "North": "", "Azimuth": null, "Cam. Maker": "RICOH                ", "Cam. Model": "RICOH THETA SC     , ... ]", "Timestamp": "2021-11-25T11:45:51", "id": 269 }, "geometry": { "type": "Point", "coordinates": [ 136.92125, 35.549666666666667 ] } },
{ "type": "Feature", "properties": { "Name": "R0010885.JPG", "Date": "2021-10-14", "Time": "14:59:33", "North": "", "Azimuth": null, "Cam. Maker": "RICOH                ", "Cam. Model": "RICOH THETA SC     , ... ]", "Timestamp": "2021-10-14T14:59:33", "id": 270 }, "geometry": { "type": "Point", "coordinates": [ 136.922608333333329, 35.554536111111105 ] } },
{ "type": "Feature", "properties": { "Name": "R0011225.JPG", "Date": "2021-11-25", "Time": "11:43:39", "North": "", "Azimuth": null, "Cam. Maker": "RICOH                ", "Cam. Model": "RICOH THETA SC     , ... ]", "Timestamp": "2021-11-25T11:43:39", "id": 271 }, "geometry": { "type": "Point", "coordinates": [ 136.921333333333337, 35.549266666666668 ] } },
{ "type": "Feature", "properties": { "Name": "R0011231.JPG", "Date": "2021-11-25", "Time": "11:45:14", "North": "", "Azimuth": null, "Cam. Maker": "RICOH                ", "Cam. Model": "RICOH THETA SC     , ... ]", "Timestamp": "2021-11-25T11:45:14", "id": 272 }, "geometry": { "type": "Point", "coordinates": [ 136.92125, 35.54955 ] } },
{ "type": "Feature", "properties": { "Name": "R0010649.JPG", "Date": "2021-10-11", "Time": "15:46:57", "North": "", "Azimuth": null, "Cam. Maker": "RICOH                ", "Cam. Model": "RICOH THETA SC     , ... ]", "Timestamp": "2021-10-11T15:46:57", "id": 273 }, "geometry": { "type": "Point", "coordinates": [ 136.923558333333318, 35.54986944444444 ] } },
{ "type": "Feature", "properties": { "Name": "R0010891.JPG", "Date": "2021-10-14", "Time": "15:02:02", "North": "", "Azimuth": null, "Cam. Maker": "RICOH                ", "Cam. Model": "RICOH THETA SC     , ... ]", "Timestamp": "2021-10-14T15:02:02", "id": 274 }, "geometry": { "type": "Point", "coordinates": [ 136.922475, 35.553761111111108 ] } },
{ "type": "Feature", "properties": { "Name": "R0010661.JPG", "Date": "2021-10-11", "Time": "15:51:01", "North": "", "Azimuth": null, "Cam. Maker": "RICOH                ", "Cam. Model": "RICOH THETA SC     , ... ]", "Timestamp": "2021-10-11T15:51:01", "id": 275 }, "geometry": { "type": "Point", "coordinates": [ 136.9232, 35.55 ] } },
{ "type": "Feature", "properties": { "Name": "R0011219.JPG", "Date": "2021-11-25", "Time": "11:42:22", "North": "", "Azimuth": null, "Cam. Maker": "RICOH                ", "Cam. Model": "RICOH THETA SC     , ... ]", "Timestamp": "2021-11-25T11:42:22", "id": 276 }, "geometry": { "type": "Point", "coordinates": [ 136.921397222222225, 35.549016666666667 ] } },
{ "type": "Feature", "properties": { "Name": "R0010107.JPG", "Date": "2020-04-15", "Time": "10:18:21", "North": "", "Azimuth": null, "Cam. Maker": "RICOH                ", "Cam. Model": "RICOH THETA SC     , ... ]", "Timestamp": "2020-04-15T10:18:21", "id": 277 }, "geometry": { "type": "Point", "coordinates": [ 136.922416666666663, 35.548516666666664 ] } },
{ "type": "Feature", "properties": { "Name": "R0010113.JPG", "Date": "2020-04-15", "Time": "10:21:52", "North": "", "Azimuth": null, "Cam. Maker": "RICOH                ", "Cam. Model": "RICOH THETA SC     , ... ]", "Timestamp": "2020-04-15T10:21:52", "id": 278 }, "geometry": { "type": "Point", "coordinates": [ 136.92298333333332, 35.548333333333332 ] } },
{ "type": "Feature", "properties": { "Name": "R0010675.JPG", "Date": "2021-10-11", "Time": "15:56:45", "North": "", "Azimuth": null, "Cam. Maker": "RICOH                ", "Cam. Model": "RICOH THETA SC     , ... ]", "Timestamp": "2021-10-11T15:56:45", "id": 279 }, "geometry": { "type": "Point", "coordinates": [ 136.92283333333333, 35.550266666666666 ] } },
{ "type": "Feature", "properties": { "Name": "R0010846.JPG", "Date": "2021-10-14", "Time": "14:49:22", "North": "", "Azimuth": null, "Cam. Maker": "RICOH                ", "Cam. Model": "RICOH THETA SC     , ... ]", "Timestamp": "2021-10-14T14:49:22", "id": 280 }, "geometry": { "type": "Point", "coordinates": [ 136.921788888888869, 35.553844444444444 ] } },
{ "type": "Feature", "properties": { "Name": "R0010852.JPG", "Date": "2021-10-14", "Time": "14:51:01", "North": "", "Azimuth": null, "Cam. Maker": "RICOH                ", "Cam. Model": "RICOH THETA SC     , ... ]", "Timestamp": "2021-10-14T14:51:01", "id": 281 }, "geometry": { "type": "Point", "coordinates": [ 136.922086111111099, 35.55385 ] } },
{ "type": "Feature", "properties": { "Name": "R0010339.JPG", "Date": "2020-04-15", "Time": "11:45:04", "North": "", "Azimuth": null, "Cam. Maker": "RICOH                ", "Cam. Model": "RICOH THETA SC     , ... ]", "Timestamp": "2020-04-15T11:45:04", "id": 282 }, "geometry": { "type": "Point", "coordinates": [ 136.92313333333334, 35.549166666666665 ] } },
{ "type": "Feature", "properties": { "Name": "R0011027.JPG", "Date": "2021-10-19", "Time": "09:57:15", "North": "", "Azimuth": null, "Cam. Maker": "RICOH                ", "Cam. Model": "RICOH THETA SC     , ... ]", "Timestamp": "2021-10-19T09:57:15", "id": 283 }, "geometry": { "type": "Point", "coordinates": [ 136.921513888888882, 35.552305555555556 ] } },
{ "type": "Feature", "properties": { "Name": "R0011033.JPG", "Date": "2021-10-19", "Time": "10:06:47", "North": "", "Azimuth": null, "Cam. Maker": "RICOH                ", "Cam. Model": "RICOH THETA SC     , ... ]", "Timestamp": "2021-10-19T10:06:47", "id": 284 }, "geometry": { "type": "Point", "coordinates": [ 136.921391667252323, 35.552282215439519 ] } },
{ "type": "Feature", "properties": { "Name": "R0010305.JPG", "Date": "2020-04-15", "Time": "11:32:06", "North": "", "Azimuth": null, "Cam. Maker": "RICOH                ", "Cam. Model": "RICOH THETA SC     , ... ]", "Timestamp": "2020-04-15T11:32:06", "id": 285 }, "geometry": { "type": "Point", "coordinates": [ 136.92165, 35.548883333333336 ] } },
{ "type": "Feature", "properties": { "Name": "R0010463.JPG", "Date": "2021-10-06", "Time": "12:52:14", "North": "", "Azimuth": null, "Cam. Maker": "RICOH                ", "Cam. Model": "RICOH THETA SC     , ... ]", "Timestamp": "2021-10-06T12:52:14", "id": 286 }, "geometry": { "type": "Point", "coordinates": [ 136.925066666666652, 35.5482 ] } },
{ "type": "Feature", "properties": { "Name": "R0010477.JPG", "Date": "2021-10-06", "Time": "12:56:33", "North": "", "Azimuth": null, "Cam. Maker": "RICOH                ", "Cam. Model": "RICOH THETA SC     , ... ]", "Timestamp": "2021-10-06T12:56:33", "id": 287 }, "geometry": { "type": "Point", "coordinates": [ 136.924366666666657, 35.54705 ] } },
{ "type": "Feature", "properties": { "Name": "R0010311.JPG", "Date": "2020-04-15", "Time": "11:33:36", "North": "", "Azimuth": null, "Cam. Maker": "RICOH                ", "Cam. Model": "RICOH THETA SC     , ... ]", "Timestamp": "2020-04-15T11:33:36", "id": 288 }, "geometry": { "type": "Point", "coordinates": [ 136.921266666666668, 35.54865 ] } },
{ "type": "Feature", "properties": { "Name": "R0010488.JPG", "Date": "2021-10-06", "Time": "13:02:29", "North": "", "Azimuth": null, "Cam. Maker": "RICOH                ", "Cam. Model": "RICOH THETA SC     , ... ]", "Timestamp": "2021-10-06T13:02:29", "id": 289 }, "geometry": { "type": "Point", "coordinates": [ 136.923697222222216, 35.547577777777775 ] } },
{ "type": "Feature", "properties": { "Name": "R0011153.JPG", "Date": "2021-11-18", "Time": "14:32:42", "North": "", "Azimuth": null, "Cam. Maker": "RICOH                ", "Cam. Model": "RICOH THETA SC     , ... ]", "Timestamp": "2021-11-18T14:32:42", "id": 290 }, "geometry": { "type": "Point", "coordinates": [ 136.92345, 35.554616666666661 ] } },
{ "type": "Feature", "properties": { "Name": "R0010259.JPG", "Date": "2020-04-15", "Time": "11:12:46", "North": "", "Azimuth": null, "Cam. Maker": "RICOH                ", "Cam. Model": "RICOH THETA SC     , ... ]", "Timestamp": "2020-04-15T11:12:46", "id": 291 }, "geometry": { "type": "Point", "coordinates": [ 136.92091666666667, 35.550266666666666 ] } },
{ "type": "Feature", "properties": { "Name": "R0010271.JPG", "Date": "2020-04-15", "Time": "11:19:19", "North": "", "Azimuth": null, "Cam. Maker": "RICOH                ", "Cam. Model": "RICOH THETA SC     , ... ]", "Timestamp": "2020-04-15T11:19:19", "id": 292 }, "geometry": { "type": "Point", "coordinates": [ 136.9205, 35.550083333333333 ] } },
{ "type": "Feature", "properties": { "Name": "R0010517.JPG", "Date": "2021-10-11", "Time": "14:57:30", "North": "", "Azimuth": null, "Cam. Maker": "RICOH                ", "Cam. Model": "RICOH THETA SC     , ... ]", "Timestamp": "2021-10-11T14:57:30", "id": 293 }, "geometry": { "type": "Point", "coordinates": [ 136.92638333333332, 35.551366666666667 ] } },
{ "type": "Feature", "properties": { "Name": "R0010503.JPG", "Date": "2021-10-11", "Time": "12:57:30", "North": "", "Azimuth": null, "Cam. Maker": "RICOH                ", "Cam. Model": "RICOH THETA SC     , ... ]", "Timestamp": "2021-10-11T12:57:30", "id": 294 }, "geometry": { "type": "Point", "coordinates": [ 136.92091666666667, 35.548683333333329 ] } },
{ "type": "Feature", "properties": { "Name": "R0010265.JPG", "Date": "2020-04-15", "Time": "11:15:31", "North": "", "Azimuth": null, "Cam. Maker": "RICOH                ", "Cam. Model": "RICOH THETA SC     , ... ]", "Timestamp": "2020-04-15T11:15:31", "id": 295 }, "geometry": { "type": "Point", "coordinates": [ 136.920416666666654, 35.550333333333334 ] } },
{ "type": "Feature", "properties": { "Name": "R0011190.JPG", "Date": "2021-11-25", "Time": "10:14:36", "North": "", "Azimuth": null, "Cam. Maker": "RICOH                ", "Cam. Model": "RICOH THETA SC     , ... ]", "Timestamp": "2021-11-25T10:14:36", "id": 296 }, "geometry": { "type": "Point", "coordinates": [ 136.923002777777782, 35.553227777777778 ] } },
{ "type": "Feature", "properties": { "Name": "R0011184.JPG", "Date": "2021-11-25", "Time": "10:09:33", "North": "", "Azimuth": null, "Cam. Maker": "RICOH                ", "Cam. Model": "RICOH THETA SC     , ... ]", "Timestamp": "2021-11-25T10:09:33", "id": 297 }, "geometry": { "type": "Point", "coordinates": [ 136.921783333333337, 35.553566666666661 ] } },
{ "type": "Feature", "properties": { "Name": "R0011437.JPG", "Date": "2021-11-29", "Time": "12:37:12", "North": "", "Azimuth": null, "Cam. Maker": "RICOH                ", "Cam. Model": "RICOH THETA SC     , ... ]", "Timestamp": "2021-11-29T12:37:12", "id": 298 }, "geometry": { "type": "Point", "coordinates": [ 136.922966666666667, 35.554166666666667 ] } },
{ "type": "Feature", "properties": { "Name": "R0010729.JPG", "Date": "2021-10-11", "Time": "16:19:24", "North": "", "Azimuth": null, "Cam. Maker": "RICOH                ", "Cam. Model": "RICOH THETA SC     , ... ]", "Timestamp": "2021-10-11T16:19:24", "id": 299 }, "geometry": { "type": "Point", "coordinates": [ 136.923397222222206, 35.553625 ] } },
{ "type": "Feature", "properties": { "Name": "R0011351.JPG", "Date": "2021-11-29", "Time": "11:35:26", "North": "", "Azimuth": null, "Cam. Maker": "RICOH                ", "Cam. Model": "RICOH THETA SC     , ... ]", "Timestamp": "2021-11-29T11:35:26", "id": 300 }, "geometry": { "type": "Point", "coordinates": [ 136.92125, 35.547716666666666 ] } },
{ "type": "Feature", "properties": { "Name": "R0011345.JPG", "Date": "2021-11-29", "Time": "11:20:26", "North": "", "Azimuth": null, "Cam. Maker": "RICOH                ", "Cam. Model": "RICOH THETA SC     , ... ]", "Timestamp": "2021-11-29T11:20:26", "id": 301 }, "geometry": { "type": "Point", "coordinates": [ 136.920722222222224, 35.54893055555555 ] } },
{ "type": "Feature", "properties": { "Name": "R0011423.JPG", "Date": "2021-11-29", "Time": "12:13:42", "North": "", "Azimuth": null, "Cam. Maker": "RICOH                ", "Cam. Model": "RICOH THETA SC     , ... ]", "Timestamp": "2021-11-29T12:13:42", "id": 302 }, "geometry": { "type": "Point", "coordinates": [ 136.919316666666646, 35.550266666666666 ] } },
{ "type": "Feature", "properties": { "Name": "R0010715.JPG", "Date": "2021-10-11", "Time": "16:16:44", "North": "", "Azimuth": null, "Cam. Maker": "RICOH                ", "Cam. Model": "RICOH THETA SC     , ... ]", "Timestamp": "2021-10-11T16:16:44", "id": 303 }, "geometry": { "type": "Point", "coordinates": [ 136.923922222222217, 35.552427777777773 ] } },
{ "type": "Feature", "properties": { "Name": "R0010073.JPG", "Date": "2020-04-15", "Time": "09:57:40", "North": "", "Azimuth": null, "Cam. Maker": "RICOH                ", "Cam. Model": "RICOH THETA SC     , ... ]", "Timestamp": "2020-04-15T09:57:40", "id": 304 }, "geometry": { "type": "Point", "coordinates": [ 136.919666666666672, 35.549766666666663 ] } },
{ "type": "Feature", "properties": { "Name": "R0010067.JPG", "Date": "2020-04-15", "Time": "09:54:28", "North": "", "Azimuth": null, "Cam. Maker": "RICOH                ", "Cam. Model": "RICOH THETA SC     , ... ]", "Timestamp": "2020-04-15T09:54:28", "id": 305 }, "geometry": { "type": "Point", "coordinates": [ 136.92005, 35.5501 ] } },
{ "type": "Feature", "properties": { "Name": "R0011379.JPG", "Date": "2021-11-29", "Time": "11:44:01", "North": "", "Azimuth": null, "Cam. Maker": "RICOH                ", "Cam. Model": "RICOH THETA SC     , ... ]", "Timestamp": "2021-11-29T11:44:01", "id": 306 }, "geometry": { "type": "Point", "coordinates": [ 136.921733333333322, 35.54548333333333 ] } },
{ "type": "Feature", "properties": { "Name": "R0010701.JPG", "Date": "2021-10-11", "Time": "16:13:52", "North": "", "Azimuth": null, "Cam. Maker": "RICOH                ", "Cam. Model": "RICOH THETA SC     , ... ]", "Timestamp": "2021-10-11T16:13:52", "id": 307 }, "geometry": { "type": "Point", "coordinates": [ 136.92445, 35.551666666666662 ] } },
{ "type": "Feature", "properties": { "Name": "R0010932.JPG", "Date": "2021-10-14", "Time": "15:25:25", "North": "", "Azimuth": null, "Cam. Maker": "RICOH                ", "Cam. Model": "RICOH THETA SC     , ... ]", "Timestamp": "2021-10-14T15:25:25", "id": 308 }, "geometry": { "type": "Point", "coordinates": [ 136.922763888888881, 35.551994444444439 ] } },
{ "type": "Feature", "properties": { "Name": "R0011392.JPG", "Date": "2021-11-29", "Time": "11:47:48", "North": "", "Azimuth": null, "Cam. Maker": "RICOH                ", "Cam. Model": "RICOH THETA SC     , ... ]", "Timestamp": "2021-11-29T11:47:48", "id": 309 }, "geometry": { "type": "Point", "coordinates": [ 136.922366666666647, 35.544083333333333 ] } },
{ "type": "Feature", "properties": { "Name": "R0011386.JPG", "Date": "2021-11-29", "Time": "11:46:15", "North": "", "Azimuth": null, "Cam. Maker": "RICOH                ", "Cam. Model": "RICOH THETA SC     , ... ]", "Timestamp": "2021-11-29T11:46:15", "id": 310 }, "geometry": { "type": "Point", "coordinates": [ 136.922066666666666, 35.544683333333332 ] } },
{ "type": "Feature", "properties": { "Name": "R0010098.JPG", "Date": "2020-04-15", "Time": "10:14:46", "North": "", "Azimuth": null, "Cam. Maker": "RICOH                ", "Cam. Model": "RICOH THETA SC     , ... ]", "Timestamp": "2020-04-15T10:14:46", "id": 311 }, "geometry": { "type": "Point", "coordinates": [ 136.9215, 35.548416666666668 ] } },
{ "type": "Feature", "properties": { "Name": "R0010926.JPG", "Date": "2021-10-14", "Time": "15:24:05", "North": "", "Azimuth": null, "Cam. Maker": "RICOH                ", "Cam. Model": "RICOH THETA SC     , ... ]", "Timestamp": "2021-10-14T15:24:05", "id": 312 }, "geometry": { "type": "Point", "coordinates": [ 136.922145185705716, 35.552205594508301 ] } },
{ "type": "Feature", "properties": { "Name": "R0010099.JPG", "Date": "2020-04-15", "Time": "10:15:05", "North": "", "Azimuth": null, "Cam. Maker": "RICOH                ", "Cam. Model": "RICOH THETA SC     , ... ]", "Timestamp": "2020-04-15T10:15:05", "id": 313 }, "geometry": { "type": "Point", "coordinates": [ 136.921633333333347, 35.548433333333335 ] } },
{ "type": "Feature", "properties": { "Name": "R0011387.JPG", "Date": "2021-11-29", "Time": "11:46:29", "North": "", "Azimuth": null, "Cam. Maker": "RICOH                ", "Cam. Model": "RICOH THETA SC     , ... ]", "Timestamp": "2021-11-29T11:46:29", "id": 314 }, "geometry": { "type": "Point", "coordinates": [ 136.92201666666665, 35.544566666666668 ] } },
{ "type": "Feature", "properties": { "Name": "R0010927.JPG", "Date": "2021-10-14", "Time": "15:24:20", "North": "", "Azimuth": null, "Cam. Maker": "RICOH                ", "Cam. Model": "RICOH THETA SC     , ... ]", "Timestamp": "2021-10-14T15:24:20", "id": 315 }, "geometry": { "type": "Point", "coordinates": [ 136.92225, 35.55215 ] } },
{ "type": "Feature", "properties": { "Name": "R0010933.JPG", "Date": "2021-10-14", "Time": "15:25:37", "North": "", "Azimuth": null, "Cam. Maker": "RICOH                ", "Cam. Model": "RICOH THETA SC     , ... ]", "Timestamp": "2021-10-14T15:25:37", "id": 316 }, "geometry": { "type": "Point", "coordinates": [ 136.922844444444422, 35.551988888888886 ] } },
{ "type": "Feature", "properties": { "Name": "R0011393.JPG", "Date": "2021-11-29", "Time": "11:48:03", "North": "", "Azimuth": null, "Cam. Maker": "RICOH                ", "Cam. Model": "RICOH THETA SC     , ... ]", "Timestamp": "2021-11-29T11:48:03", "id": 317 }, "geometry": { "type": "Point", "coordinates": [ 136.922466666666651, 35.543966666666662 ] } },
{ "type": "Feature", "properties": { "Name": "R0011378.JPG", "Date": "2021-11-29", "Time": "11:43:46", "North": "", "Azimuth": null, "Cam. Maker": "RICOH                ", "Cam. Model": "RICOH THETA SC     , ... ]", "Timestamp": "2021-11-29T11:43:46", "id": 318 }, "geometry": { "type": "Point", "coordinates": [ 136.921766666666656, 35.545583333333333 ] } },
{ "type": "Feature", "properties": { "Name": "R0010066.JPG", "Date": "2020-04-15", "Time": "09:54:07", "North": "", "Azimuth": null, "Cam. Maker": "RICOH                ", "Cam. Model": "RICOH THETA SC     , ... ]", "Timestamp": "2020-04-15T09:54:07", "id": 319 }, "geometry": { "type": "Point", "coordinates": [ 136.920033333333322, 35.550233333333331 ] } },
{ "type": "Feature", "properties": { "Name": "R0010700.JPG", "Date": "2021-10-11", "Time": "16:13:40", "North": "", "Azimuth": null, "Cam. Maker": "RICOH                ", "Cam. Model": "RICOH THETA SC     , ... ]", "Timestamp": "2021-10-11T16:13:40", "id": 320 }, "geometry": { "type": "Point", "coordinates": [ 136.9244, 35.551608333333327 ] } },
{ "type": "Feature", "properties": { "Name": "R0010714.JPG", "Date": "2021-10-11", "Time": "16:16:32", "North": "", "Azimuth": null, "Cam. Maker": "RICOH                ", "Cam. Model": "RICOH THETA SC     , ... ]", "Timestamp": "2021-10-11T16:16:32", "id": 321 }, "geometry": { "type": "Point", "coordinates": [ 136.924011111111099, 35.552380555555551 ] } },
{ "type": "Feature", "properties": { "Name": "R0010072.JPG", "Date": "2020-04-15", "Time": "09:55:57", "North": "", "Azimuth": null, "Cam. Maker": "RICOH                ", "Cam. Model": "RICOH THETA SC     , ... ]", "Timestamp": "2020-04-15T09:55:57", "id": 322 }, "geometry": { "type": "Point", "coordinates": [ 136.9196, 35.549883333333334 ] } },
{ "type": "Feature", "properties": { "Name": "R0011422.JPG", "Date": "2021-11-29", "Time": "12:13:25", "North": "", "Azimuth": null, "Cam. Maker": "RICOH                ", "Cam. Model": "RICOH THETA SC     , ... ]", "Timestamp": "2021-11-29T12:13:25", "id": 323 }, "geometry": { "type": "Point", "coordinates": [ 136.919183333333336, 35.550166666666662 ] } },
{ "type": "Feature", "properties": { "Name": "R0010728.JPG", "Date": "2021-10-11", "Time": "16:19:13", "North": "", "Azimuth": null, "Cam. Maker": "RICOH                ", "Cam. Model": "RICOH THETA SC     , ... ]", "Timestamp": "2021-10-11T16:19:13", "id": 324 }, "geometry": { "type": "Point", "coordinates": [ 136.923405555555547, 35.553533333333327 ] } },
{ "type": "Feature", "properties": { "Name": "R0011436.JPG", "Date": "2021-11-29", "Time": "12:36:39", "North": "", "Azimuth": null, "Cam. Maker": "RICOH                ", "Cam. Model": "RICOH THETA SC     , ... ]", "Timestamp": "2021-11-29T12:36:39", "id": 325 }, "geometry": { "type": "Point", "coordinates": [ 136.92295, 35.554066666666664 ] } },
{ "type": "Feature", "properties": { "Name": "R0011350.JPG", "Date": "2021-11-29", "Time": "11:35:10", "North": "", "Azimuth": null, "Cam. Maker": "RICOH                ", "Cam. Model": "RICOH THETA SC     , ... ]", "Timestamp": "2021-11-29T11:35:10", "id": 326 }, "geometry": { "type": "Point", "coordinates": [ 136.921366666666671, 35.547733333333333 ] } },
{ "type": "Feature", "properties": { "Name": "R0011185.JPG", "Date": "2021-11-25", "Time": "10:09:47", "North": "", "Azimuth": null, "Cam. Maker": "RICOH                ", "Cam. Model": "RICOH THETA SC     , ... ]", "Timestamp": "2021-11-25T10:09:47", "id": 327 }, "geometry": { "type": "Point", "coordinates": [ 136.921766666666656, 35.553627777777777 ] } },
{ "type": "Feature", "properties": { "Name": "R0011191.JPG", "Date": "2021-11-25", "Time": "10:14:54", "North": "", "Azimuth": null, "Cam. Maker": "RICOH                ", "Cam. Model": "RICOH THETA SC     , ... ]", "Timestamp": "2021-11-25T10:14:54", "id": 328 }, "geometry": { "type": "Point", "coordinates": [ 136.923, 35.553138888888888 ] } },
{ "type": "Feature", "properties": { "Name": "R0010502.JPG", "Date": "2021-10-11", "Time": "12:57:16", "North": "", "Azimuth": null, "Cam. Maker": "RICOH                ", "Cam. Model": "RICOH THETA SC     , ... ]", "Timestamp": "2021-10-11T12:57:16", "id": 329 }, "geometry": { "type": "Point", "coordinates": [ 136.92085905974065, 35.548818470830511 ] } },
{ "type": "Feature", "properties": { "Name": "R0010264.JPG", "Date": "2020-04-15", "Time": "11:15:17", "North": "", "Azimuth": null, "Cam. Maker": "RICOH                ", "Cam. Model": "RICOH THETA SC     , ... ]", "Timestamp": "2020-04-15T11:15:17", "id": 330 }, "geometry": { "type": "Point", "coordinates": [ 136.920516666666657, 35.5503 ] } },
{ "type": "Feature", "properties": { "Name": "R0010270.JPG", "Date": "2020-04-15", "Time": "11:18:27", "North": "", "Azimuth": null, "Cam. Maker": "RICOH                ", "Cam. Model": "RICOH THETA SC     , ... ]", "Timestamp": "2020-04-15T11:18:27", "id": 331 }, "geometry": { "type": "Point", "coordinates": [ 136.920583333333326, 35.55005 ] } },
{ "type": "Feature", "properties": { "Name": "R0010516.JPG", "Date": "2021-10-11", "Time": "14:57:19", "North": "", "Azimuth": null, "Cam. Maker": "RICOH                ", "Cam. Model": "RICOH THETA SC     , ... ]", "Timestamp": "2021-10-11T14:57:19", "id": 332 }, "geometry": { "type": "Point", "coordinates": [ 136.926416666666654, 35.5513 ] } },
{ "type": "Feature", "properties": { "Name": "R0010258.JPG", "Date": "2020-04-15", "Time": "11:12:26", "North": "", "Azimuth": null, "Cam. Maker": "RICOH                ", "Cam. Model": "RICOH THETA SC     , ... ]", "Timestamp": "2020-04-15T11:12:26", "id": 333 }, "geometry": { "type": "Point", "coordinates": [ 136.9208, 35.5503 ] } },
{ "type": "Feature", "properties": { "Name": "R0011152.JPG", "Date": "2021-11-18", "Time": "14:32:30", "North": "", "Azimuth": null, "Cam. Maker": "RICOH                ", "Cam. Model": "RICOH THETA SC     , ... ]", "Timestamp": "2021-11-18T14:32:30", "id": 334 }, "geometry": { "type": "Point", "coordinates": [ 136.92355, 35.554616666666661 ] } },
{ "type": "Feature", "properties": { "Name": "R0010489.JPG", "Date": "2021-10-06", "Time": "13:02:50", "North": "", "Azimuth": null, "Cam. Maker": "RICOH                ", "Cam. Model": "RICOH THETA SC     , ... ]", "Timestamp": "2021-10-06T13:02:50", "id": 335 }, "geometry": { "type": "Point", "coordinates": [ 136.923605555555554, 35.547666666666665 ] } },
{ "type": "Feature", "properties": { "Name": "R0010476.JPG", "Date": "2021-10-06", "Time": "12:56:19", "North": "", "Azimuth": null, "Cam. Maker": "RICOH                ", "Cam. Model": "RICOH THETA SC     , ... ]", "Timestamp": "2021-10-06T12:56:19", "id": 336 }, "geometry": { "type": "Point", "coordinates": [ 136.9244, 35.547083333333333 ] } },
{ "type": "Feature", "properties": { "Name": "R0010310.JPG", "Date": "2020-04-15", "Time": "11:33:18", "North": "", "Azimuth": null, "Cam. Maker": "RICOH                ", "Cam. Model": "RICOH THETA SC     , ... ]", "Timestamp": "2020-04-15T11:33:18", "id": 337 }, "geometry": { "type": "Point", "coordinates": [ 136.92135, 35.54865 ] } },
{ "type": "Feature", "properties": { "Name": "R0010304.JPG", "Date": "2020-04-15", "Time": "11:31:50", "North": "", "Azimuth": null, "Cam. Maker": "RICOH                ", "Cam. Model": "RICOH THETA SC     , ... ]", "Timestamp": "2020-04-15T11:31:50", "id": 338 }, "geometry": { "type": "Point", "coordinates": [ 136.921683333333334, 35.548966666666665 ] } },
{ "type": "Feature", "properties": { "Name": "R0010462.JPG", "Date": "2021-10-06", "Time": "12:51:56", "North": "", "Azimuth": null, "Cam. Maker": "RICOH                ", "Cam. Model": "RICOH THETA SC     , ... ]", "Timestamp": "2021-10-06T12:51:56", "id": 339 }, "geometry": { "type": "Point", "coordinates": [ 136.925097222222206, 35.5483 ] } },
{ "type": "Feature", "properties": { "Name": "R0011032.JPG", "Date": "2021-10-19", "Time": "10:06:26", "North": "", "Azimuth": null, "Cam. Maker": "RICOH                ", "Cam. Model": "RICOH THETA SC     , ... ]", "Timestamp": "2021-10-19T10:06:26", "id": 340 }, "geometry": { "type": "Point", "coordinates": [ 136.921358252834096, 35.55224167752943 ] } },
{ "type": "Feature", "properties": { "Name": "R0011026.JPG", "Date": "2021-10-19", "Time": "09:57:02", "North": "", "Azimuth": null, "Cam. Maker": "RICOH                ", "Cam. Model": "RICOH THETA SC     , ... ]", "Timestamp": "2021-10-19T09:57:02", "id": 341 }, "geometry": { "type": "Point", "coordinates": [ 136.921566666666649, 35.552375 ] } },
{ "type": "Feature", "properties": { "Name": "R0010338.JPG", "Date": "2020-04-15", "Time": "11:44:51", "North": "", "Azimuth": null, "Cam. Maker": "RICOH                ", "Cam. Model": "RICOH THETA SC     , ... ]", "Timestamp": "2020-04-15T11:44:51", "id": 342 }, "geometry": { "type": "Point", "coordinates": [ 136.92305, 35.54915 ] } },
{ "type": "Feature", "properties": { "Name": "morinointa-tyenzi.JPG", "Date": "2021-11-29", "Time": "10:19:39", "North": "", "Azimuth": null, "Cam. Maker": "RICOH                ", "Cam. Model": "RICOH THETA SC     , ... ]", "Timestamp": "2021-11-29T10:19:39", "id": 343 }, "geometry": { "type": "Point", "coordinates": [ 136.919116666666667, 35.554341666666666 ] } },
{ "type": "Feature", "properties": { "Name": "R0010853.JPG", "Date": "2021-10-14", "Time": "14:51:19", "North": "", "Azimuth": null, "Cam. Maker": "RICOH                ", "Cam. Model": "RICOH THETA SC     , ... ]", "Timestamp": "2021-10-14T14:51:19", "id": 344 }, "geometry": { "type": "Point", "coordinates": [ 136.922144444444427, 35.553858333333331 ] } },
{ "type": "Feature", "properties": { "Name": "R0010847.JPG", "Date": "2021-10-14", "Time": "14:49:43", "North": "", "Azimuth": null, "Cam. Maker": "RICOH                ", "Cam. Model": "RICOH THETA SC     , ... ]", "Timestamp": "2021-10-14T14:49:43", "id": 345 }, "geometry": { "type": "Point", "coordinates": [ 136.921838888888885, 35.55385 ] } },
{ "type": "Feature", "properties": { "Name": "R0010112.JPG", "Date": "2020-04-15", "Time": "10:21:40", "North": "", "Azimuth": null, "Cam. Maker": "RICOH                ", "Cam. Model": "RICOH THETA SC     , ... ]", "Timestamp": "2020-04-15T10:21:40", "id": 346 }, "geometry": { "type": "Point", "coordinates": [ 136.922883333333345, 35.548333333333332 ] } },
{ "type": "Feature", "properties": { "Name": "R0010674.JPG", "Date": "2021-10-11", "Time": "15:55:10", "North": "", "Azimuth": null, "Cam. Maker": "RICOH                ", "Cam. Model": "RICOH THETA SC     , ... ]", "Timestamp": "2021-10-11T15:55:10", "id": 347 }, "geometry": { "type": "Point", "coordinates": [ 136.922866666666664, 35.550333333333327 ] } },
{ "type": "Feature", "properties": { "Name": "R0010660.JPG", "Date": "2021-10-11", "Time": "15:50:48", "North": "", "Azimuth": null, "Cam. Maker": "RICOH                ", "Cam. Model": "RICOH THETA SC     , ... ]", "Timestamp": "2021-10-11T15:50:48", "id": 348 }, "geometry": { "type": "Point", "coordinates": [ 136.923238888888875, 35.54998888888889 ] } },
{ "type": "Feature", "properties": { "Name": "R0010106.JPG", "Date": "2020-04-15", "Time": "10:18:05", "North": "", "Azimuth": null, "Cam. Maker": "RICOH                ", "Cam. Model": "RICOH THETA SC     , ... ]", "Timestamp": "2020-04-15T10:18:05", "id": 349 }, "geometry": { "type": "Point", "coordinates": [ 136.922333333333341, 35.54855 ] } },
{ "type": "Feature", "properties": { "Name": "R0011230.JPG", "Date": "2021-11-25", "Time": "11:44:56", "North": "", "Azimuth": null, "Cam. Maker": "RICOH                ", "Cam. Model": "RICOH THETA SC     , ... ]", "Timestamp": "2021-11-25T11:44:56", "id": 350 }, "geometry": { "type": "Point", "coordinates": [ 136.9213, 35.549516666666662 ] } },
{ "type": "Feature", "properties": { "Name": "ourainoma.JPG", "Date": "2021-11-25", "Time": "12:28:13", "North": "", "Azimuth": null, "Cam. Maker": "RICOH                ", "Cam. Model": "RICOH THETA SC     , ... ]", "Timestamp": "2021-11-25T12:28:13", "id": 351 }, "geometry": { "type": "Point", "coordinates": [ 136.918122222222223, 35.555566666666664 ] } },
{ "type": "Feature", "properties": { "Name": "R0010890.JPG", "Date": "2021-10-14", "Time": "15:01:48", "North": "", "Azimuth": null, "Cam. Maker": "RICOH                ", "Cam. Model": "RICOH THETA SC     , ... ]", "Timestamp": "2021-10-14T15:01:48", "id": 352 }, "geometry": { "type": "Point", "coordinates": [ 136.922419444444444, 35.55383055555555 ] } },
{ "type": "Feature", "properties": { "Name": "R0010648.JPG", "Date": "2021-10-11", "Time": "15:46:35", "North": "", "Azimuth": null, "Cam. Maker": "RICOH                ", "Cam. Model": "RICOH THETA SC     , ... ]", "Timestamp": "2021-10-11T15:46:35", "id": 353 }, "geometry": { "type": "Point", "coordinates": [ 136.923616666666646, 35.549883333333334 ] } },
{ "type": "Feature", "properties": { "Name": "R0010884.JPG", "Date": "2021-10-14", "Time": "14:59:12", "North": "", "Azimuth": null, "Cam. Maker": "RICOH                ", "Cam. Model": "RICOH THETA SC     , ... ]", "Timestamp": "2021-10-14T14:59:12", "id": 354 }, "geometry": { "type": "Point", "coordinates": [ 136.922525, 35.554575 ] } },
{ "type": "Feature", "properties": { "Name": "R0011224.JPG", "Date": "2021-11-25", "Time": "11:43:20", "North": "", "Azimuth": null, "Cam. Maker": "RICOH                ", "Cam. Model": "RICOH THETA SC     , ... ]", "Timestamp": "2021-11-25T11:43:20", "id": 355 }, "geometry": { "type": "Point", "coordinates": [ 136.921377777777764, 35.549219444444439 ] } },
{ "type": "Feature", "properties": { "Name": "R0010607.JPG", "Date": "2021-10-11", "Time": "15:25:49", "North": "", "Azimuth": null, "Cam. Maker": "RICOH                ", "Cam. Model": "RICOH THETA SC     , ... ]", "Timestamp": "2021-10-11T15:25:49", "id": 356 }, "geometry": { "type": "Point", "coordinates": [ 136.924661111111106, 35.548455555555556 ] } },
{ "type": "Feature", "properties": { "Name": "R0010161.JPG", "Date": "2020-04-15", "Time": "10:36:39", "North": "", "Azimuth": null, "Cam. Maker": "RICOH                ", "Cam. Model": "RICOH THETA SC     , ... ]", "Timestamp": "2020-04-15T10:36:39", "id": 357 }, "geometry": { "type": "Point", "coordinates": [ 136.923916666666656, 35.549683333333334 ] } },
{ "type": "Feature", "properties": { "Name": "R0010175.JPG", "Date": "2020-04-15", "Time": "10:41:41", "North": "", "Azimuth": null, "Cam. Maker": "RICOH                ", "Cam. Model": "RICOH THETA SC     , ... ]", "Timestamp": "2020-04-15T10:41:41", "id": 358 }, "geometry": { "type": "Point", "coordinates": [ 136.924666666666667, 35.55025 ] } },
{ "type": "Feature", "properties": { "Name": "R0010613.JPG", "Date": "2021-10-11", "Time": "15:27:21", "North": "", "Azimuth": null, "Cam. Maker": "RICOH                ", "Cam. Model": "RICOH THETA SC     , ... ]", "Timestamp": "2021-10-11T15:27:21", "id": 359 }, "geometry": { "type": "Point", "coordinates": [ 136.924944444444435, 35.548291666666664 ] } },
{ "type": "Feature", "properties": { "Name": "R0011243.JPG", "Date": "2021-11-25", "Time": "12:01:21", "North": "", "Azimuth": null, "Cam. Maker": "RICOH                ", "Cam. Model": "RICOH THETA SC     , ... ]", "Timestamp": "2021-11-25T12:01:21", "id": 360 }, "geometry": { "type": "Point", "coordinates": [ 136.9218, 35.550716666666666 ] } },
{ "type": "Feature", "properties": { "Name": "R0010149.JPG", "Date": "2020-04-15", "Time": "10:33:15", "North": "", "Azimuth": null, "Cam. Maker": "RICOH                ", "Cam. Model": "RICOH THETA SC     , ... ]", "Timestamp": "2020-04-15T10:33:15", "id": 361 }, "geometry": { "type": "Point", "coordinates": [ 136.924283333333335, 35.548883333333336 ] } },
{ "type": "Feature", "properties": { "Name": "R0010808.JPG", "Date": "2021-10-14", "Time": "14:31:03", "North": "", "Azimuth": null, "Cam. Maker": "RICOH                ", "Cam. Model": "RICOH THETA SC     , ... ]", "Timestamp": "2021-10-14T14:31:03", "id": 362 }, "geometry": { "type": "Point", "coordinates": [ 136.922383333333329, 35.554563888888886 ] } },
{ "type": "Feature", "properties": { "Name": "R0010820.JPG", "Date": "2021-10-14", "Time": "14:34:27", "North": "", "Azimuth": null, "Cam. Maker": "RICOH                ", "Cam. Model": "RICOH THETA SC     , ... ]", "Timestamp": "2021-10-14T14:34:27", "id": 363 }, "geometry": { "type": "Point", "coordinates": [ 136.92195, 35.555166666666665 ] } },
{ "type": "Feature", "properties": { "Name": "R0011280.JPG", "Date": "2021-11-29", "Time": "10:43:43", "North": "", "Azimuth": null, "Cam. Maker": "RICOH                ", "Cam. Model": "RICOH THETA SC     , ... ]", "Timestamp": "2021-11-29T10:43:43", "id": 364 }, "geometry": { "type": "Point", "coordinates": [ 136.921716666666669, 35.55005 ] } },
{ "type": "Feature", "properties": { "Name": "R0011294.JPG", "Date": "2021-11-29", "Time": "11:02:13", "North": "", "Azimuth": null, "Cam. Maker": "RICOH                ", "Cam. Model": "RICOH THETA SC     , ... ]", "Timestamp": "2021-11-29T11:02:13", "id": 365 }, "geometry": { "type": "Point", "coordinates": [ 136.919547222222207, 35.549677777777774 ] } },
{ "type": "Feature", "properties": { "Name": "R0010834.JPG", "Date": "2021-10-14", "Time": "14:45:03", "North": "", "Azimuth": null, "Cam. Maker": "RICOH                ", "Cam. Model": "RICOH THETA SC     , ... ]", "Timestamp": "2021-10-14T14:45:03", "id": 366 }, "geometry": { "type": "Point", "coordinates": [ 136.92155, 35.553933333333333 ] } },
{ "type": "Feature", "properties": { "Name": "R0010363.JPG", "Date": "2020-04-15", "Time": "11:54:19", "North": "", "Azimuth": null, "Cam. Maker": "RICOH                ", "Cam. Model": "RICOH THETA SC     , ... ]", "Timestamp": "2020-04-15T11:54:19", "id": 367 }, "geometry": { "type": "Point", "coordinates": [ 136.92185, 35.550483333333332 ] } },
{ "type": "Feature", "properties": { "Name": "R0010405.JPG", "Date": "2021-10-06", "Time": "10:08:49", "North": "", "Azimuth": null, "Cam. Maker": "RICOH                ", "Cam. Model": "RICOH THETA SC     , ... ]", "Timestamp": "2021-10-06T10:08:49", "id": 368 }, "geometry": { "type": "Point", "coordinates": [ 136.926, 35.552166666666665 ] } },
{ "type": "Feature", "properties": { "Name": "R0010411.JPG", "Date": "2021-10-06", "Time": "10:13:36", "North": "", "Azimuth": null, "Cam. Maker": "RICOH                ", "Cam. Model": "RICOH THETA SC     , ... ]", "Timestamp": "2021-10-06T10:13:36", "id": 369 }, "geometry": { "type": "Point", "coordinates": [ 136.926594444444447, 35.551986111111106 ] } },
{ "type": "Feature", "properties": { "Name": "R0010377.JPG", "Date": "2021-10-06", "Time": "09:51:40", "North": "", "Azimuth": null, "Cam. Maker": "RICOH                ", "Cam. Model": "RICOH THETA SC     , ... ]", "Timestamp": "2021-10-06T09:51:40", "id": 370 }, "geometry": { "type": "Point", "coordinates": [ 136.923663888888882, 35.554125 ] } },
{ "type": "Feature", "properties": { "Name": "R0011069.JPG", "Date": "2021-10-19", "Time": "10:34:34", "North": "", "Azimuth": null, "Cam. Maker": "RICOH                ", "Cam. Model": "RICOH THETA SC     , ... ]", "Timestamp": "2021-10-19T10:34:34", "id": 371 }, "geometry": { "type": "Point", "coordinates": [ 136.921033333333327, 35.5534 ] } },
{ "type": "Feature", "properties": { "Name": "R0011041.JPG", "Date": "2021-10-19", "Time": "10:08:54", "North": "", "Azimuth": null, "Cam. Maker": "RICOH                ", "Cam. Model": "RICOH THETA SC     , ... ]", "Timestamp": "2021-10-19T10:08:54", "id": 372 }, "geometry": { "type": "Point", "coordinates": [ 136.921216666666652, 35.552716666666662 ] } },
{ "type": "Feature", "properties": { "Name": "R0010439.JPG", "Date": "2021-10-06", "Time": "12:40:18", "North": "", "Azimuth": null, "Cam. Maker": "RICOH                ", "Cam. Model": "RICOH THETA SC     , ... ]", "Timestamp": "2021-10-06T12:40:18", "id": 373 }, "geometry": { "type": "Point", "coordinates": [ 136.92665, 35.54975 ] } },
{ "type": "Feature", "properties": { "Name": "R0011055.JPG", "Date": "2021-10-19", "Time": "10:30:54", "North": "", "Azimuth": null, "Cam. Maker": "RICOH                ", "Cam. Model": "RICOH THETA SC     , ... ]", "Timestamp": "2021-10-19T10:30:54", "id": 374 }, "geometry": { "type": "Point", "coordinates": [ 136.920366666666666, 35.55165 ] } },
{ "type": "Feature", "properties": { "Name": "R0011082.JPG", "Date": "2021-10-19", "Time": "10:38:13", "North": "", "Azimuth": null, "Cam. Maker": "RICOH                ", "Cam. Model": "RICOH THETA SC     , ... ]", "Timestamp": "2021-10-19T10:38:13", "id": 375 }, "geometry": { "type": "Point", "coordinates": [ 136.921980555555535, 35.553225 ] } },
{ "type": "Feature", "properties": { "Name": "R0011096.JPG", "Date": "2021-10-19", "Time": "11:09:23", "North": "", "Azimuth": null, "Cam. Maker": "RICOH                ", "Cam. Model": "RICOH THETA SC     , ... ]", "Timestamp": "2021-10-19T11:09:23", "id": 376 }, "geometry": { "type": "Point", "coordinates": [ 136.923680555555535, 35.55513055555555 ] } },
{ "type": "Feature", "properties": { "Name": "R0010388.JPG", "Date": "2021-10-06", "Time": "10:02:09", "North": "", "Azimuth": null, "Cam. Maker": "RICOH                ", "Cam. Model": "RICOH THETA SC     , ... ]", "Timestamp": "2021-10-06T10:02:09", "id": 377 }, "geometry": { "type": "Point", "coordinates": [ 136.924277777777775, 35.5532 ] } },
{ "type": "Feature", "properties": { "Name": "R0011109.JPG", "Date": "2021-10-19", "Time": "11:12:11", "North": "", "Azimuth": null, "Cam. Maker": "RICOH                ", "Cam. Model": "RICOH THETA SC     , ... ]", "Timestamp": "2021-10-19T11:12:11", "id": 378 }, "geometry": { "type": "Point", "coordinates": [ 136.924927777777782, 35.554575 ] } },
{ "type": "Feature", "properties": { "Name": "R0010217.JPG", "Date": "2020-04-15", "Time": "10:54:25", "North": "", "Azimuth": null, "Cam. Maker": "RICOH                ", "Cam. Model": "RICOH THETA SC     , ... ]", "Timestamp": "2020-04-15T10:54:25", "id": 379 }, "geometry": { "type": "Point", "coordinates": [ 136.922266666666673, 35.5511 ] } },
{ "type": "Feature", "properties": { "Name": "R0010571.JPG", "Date": "2021-10-11", "Time": "15:15:40", "North": "", "Azimuth": null, "Cam. Maker": "RICOH                ", "Cam. Model": "RICOH THETA SC     , ... ]", "Timestamp": "2021-10-11T15:15:40", "id": 380 }, "geometry": { "type": "Point", "coordinates": [ 136.925216666666671, 35.550211111111111 ] } },
{ "type": "Feature", "properties": { "Name": "R0010565.JPG", "Date": "2021-10-11", "Time": "15:14:13", "North": "", "Azimuth": null, "Cam. Maker": "RICOH                ", "Cam. Model": "RICOH THETA SC     , ... ]", "Timestamp": "2021-10-11T15:14:13", "id": 381 }, "geometry": { "type": "Point", "coordinates": [ 136.925441666666671, 35.550786111111108 ] } },
{ "type": "Feature", "properties": { "Name": "R0010203.JPG", "Date": "2020-04-15", "Time": "10:50:46", "North": "", "Azimuth": null, "Cam. Maker": "RICOH                ", "Cam. Model": "RICOH THETA SC     , ... ]", "Timestamp": "2020-04-15T10:50:46", "id": 382 }, "geometry": { "type": "Point", "coordinates": [ 136.92325, 35.550783333333335 ] } },
{ "type": "Feature", "properties": { "Name": "R0011135.JPG", "Date": "2021-10-19", "Time": "11:29:55", "North": "", "Azimuth": null, "Cam. Maker": "RICOH                ", "Cam. Model": "RICOH THETA SC     , ... ]", "Timestamp": "2021-10-19T11:29:55", "id": 383 }, "geometry": { "type": "Point", "coordinates": [ 136.922455555555558, 35.555819444444438 ] } },
{ "type": "Feature", "properties": { "Name": "R0010559.JPG", "Date": "2021-10-11", "Time": "15:12:42", "North": "", "Azimuth": null, "Cam. Maker": "RICOH                ", "Cam. Model": "RICOH THETA SC     , ... ]", "Timestamp": "2021-10-11T15:12:42", "id": 384 }, "geometry": { "type": "Point", "coordinates": [ 136.925025, 35.551133333333333 ] } },
{ "type": "Feature", "properties": { "Name": "R0011121.JPG", "Date": "2021-10-19", "Time": "11:24:00", "North": "", "Azimuth": null, "Cam. Maker": "RICOH                ", "Cam. Model": "RICOH THETA SC     , ... ]", "Timestamp": "2021-10-19T11:24:00", "id": 385 }, "geometry": { "type": "Point", "coordinates": [ 136.922888888888878, 35.555283333333328 ] } },
{ "type": "Feature", "properties": { "Name": "R0010773.JPG", "Date": "2021-10-14", "Time": "14:18:19", "North": "", "Azimuth": null, "Cam. Maker": "RICOH                ", "Cam. Model": "RICOH THETA SC     , ... ]", "Timestamp": "2021-10-14T14:18:19", "id": 386 }, "geometry": { "type": "Point", "coordinates": [ 136.920794444444425, 35.553255555555552 ] } },
{ "type": "Feature", "properties": { "Name": "R0010767.JPG", "Date": "2021-10-14", "Time": "14:16:49", "North": "", "Azimuth": null, "Cam. Maker": "RICOH                ", "Cam. Model": "RICOH THETA SC     , ... ]", "Timestamp": "2021-10-14T14:16:49", "id": 387 }, "geometry": { "type": "Point", "coordinates": [ 136.920638888888874, 35.553616666666663 ] } },
{ "type": "Feature", "properties": { "Name": "R0011451.JPG", "Date": "2021-12-10", "Time": "11:54:24", "North": "", "Azimuth": null, "Cam. Maker": "RICOH                ", "Cam. Model": "RICOH THETA SC     , ... ]", "Timestamp": "2021-12-10T11:54:24", "id": 388 }, "geometry": { "type": "Point", "coordinates": [ 136.9249, 35.548633333333335 ] } },
{ "type": "Feature", "properties": { "Name": "R0010997.JPG", "Date": "2021-10-14", "Time": "16:04:32", "North": "", "Azimuth": null, "Cam. Maker": "RICOH                ", "Cam. Model": "RICOH THETA SC     , ... ]", "Timestamp": "2021-10-14T16:04:32", "id": 389 }, "geometry": { "type": "Point", "coordinates": [ 136.922252777777771, 35.551319444444445 ] } },
{ "type": "Feature", "properties": { "Name": "R0010029.JPG", "Date": "2020-04-15", "Time": "09:39:55", "North": "", "Azimuth": null, "Cam. Maker": "RICOH                ", "Cam. Model": "RICOH THETA SC     , ... ]", "Timestamp": "2020-04-15T09:39:55", "id": 390 }, "geometry": { "type": "Point", "coordinates": [ 136.920283333333344, 35.5513 ] } },
{ "type": "Feature", "properties": { "Name": "R0011337.JPG", "Date": "2021-11-29", "Time": "11:17:54", "North": "", "Azimuth": null, "Cam. Maker": "RICOH                ", "Cam. Model": "RICOH THETA SC     , ... ]", "Timestamp": "2021-11-29T11:17:54", "id": 391 }, "geometry": { "type": "Point", "coordinates": [ 136.920619444444441, 35.54848333333333 ] } },
{ "type": "Feature", "properties": { "Name": "R0011323.JPG", "Date": "2021-11-29", "Time": "11:12:37", "North": "", "Azimuth": null, "Cam. Maker": "RICOH                ", "Cam. Model": "RICOH THETA SC     , ... ]", "Timestamp": "2021-11-29T11:12:37", "id": 392 }, "geometry": { "type": "Point", "coordinates": [ 136.920438888888867, 35.548161111111106 ] } },
{ "type": "Feature", "properties": { "Name": "R0011445.JPG", "Date": "2021-11-29", "Time": "12:42:28", "North": "", "Azimuth": null, "Cam. Maker": "RICOH                ", "Cam. Model": "RICOH THETA SC     , ... ]", "Timestamp": "2021-11-29T12:42:28", "id": 393 }, "geometry": { "type": "Point", "coordinates": [ 136.923016666666655, 35.55465 ] } },
{ "type": "Feature", "properties": { "Name": "R0010983.JPG", "Date": "2021-10-14", "Time": "16:00:54", "North": "", "Azimuth": null, "Cam. Maker": "RICOH                ", "Cam. Model": "RICOH THETA SC     , ... ]", "Timestamp": "2021-10-14T16:00:54", "id": 394 }, "geometry": { "type": "Point", "coordinates": [ 136.9215, 35.552216666666666 ] } },
{ "type": "Feature", "properties": { "Name": "R0010968.JPG", "Date": "2021-10-14", "Time": "15:42:02", "North": "", "Azimuth": null, "Cam. Maker": "RICOH                ", "Cam. Model": "RICOH THETA SC     , ... ]", "Timestamp": "2021-10-14T15:42:02", "id": 395 }, "geometry": { "type": "Point", "coordinates": [ 136.9242, 35.551033333333329 ] } },
{ "type": "Feature", "properties": { "Name": "R0010954.JPG", "Date": "2021-10-14", "Time": "15:37:42", "North": "", "Azimuth": null, "Cam. Maker": "RICOH                ", "Cam. Model": "RICOH THETA SC     , ... ]", "Timestamp": "2021-10-14T15:37:42", "id": 396 }, "geometry": { "type": "Point", "coordinates": [ 136.923905555555535, 35.551366666666667 ] } },
{ "type": "Feature", "properties": { "Name": "R0010798.JPG", "Date": "2021-10-14", "Time": "14:25:58", "North": "", "Azimuth": null, "Cam. Maker": "RICOH                ", "Cam. Model": "RICOH THETA SC     , ... ]", "Timestamp": "2021-10-14T14:25:58", "id": 397 }, "geometry": { "type": "Point", "coordinates": [ 136.921686111111114, 35.554744444444445 ] } },
{ "type": "Feature", "properties": { "Name": "R0010940.JPG", "Date": "2021-10-14", "Time": "15:33:45", "North": "", "Azimuth": null, "Cam. Maker": "RICOH                ", "Cam. Model": "RICOH THETA SC     , ... ]", "Timestamp": "2021-10-14T15:33:45", "id": 398 }, "geometry": { "type": "Point", "coordinates": [ 136.923366666666652, 35.551816666666667 ] } },
{ "type": "Feature", "properties": { "Name": "R0010941.JPG", "Date": "2021-10-14", "Time": "15:34:08", "North": "", "Azimuth": null, "Cam. Maker": "RICOH                ", "Cam. Model": "RICOH THETA SC     , ... ]", "Timestamp": "2021-10-14T15:34:08", "id": 399 }, "geometry": { "type": "Point", "coordinates": [ 136.923466666666656, 35.551766666666666 ] } },
{ "type": "Feature", "properties": { "Name": "R0010799.JPG", "Date": "2021-10-14", "Time": "14:27:05", "North": "", "Azimuth": null, "Cam. Maker": "RICOH                ", "Cam. Model": "RICOH THETA SC     , ... ]", "Timestamp": "2021-10-14T14:27:05", "id": 400 }, "geometry": { "type": "Point", "coordinates": [ 136.9214972222222, 35.554638888888888 ] } },
{ "type": "Feature", "properties": { "Name": "zikuurou.JPG", "Date": "2021-11-25", "Time": "12:22:59", "North": "", "Azimuth": null, "Cam. Maker": "RICOH                ", "Cam. Model": "RICOH THETA SC     , ... ]", "Timestamp": "2021-11-25T12:22:59", "id": 401 }, "geometry": { "type": "Point", "coordinates": [ 136.917630555555547, 35.554047222222216 ] } },
{ "type": "Feature", "properties": { "Name": "R0010969.JPG", "Date": "2021-10-14", "Time": "15:42:17", "North": "", "Azimuth": null, "Cam. Maker": "RICOH                ", "Cam. Model": "RICOH THETA SC     , ... ]", "Timestamp": "2021-10-14T15:42:17", "id": 402 }, "geometry": { "type": "Point", "coordinates": [ 136.924133333333316, 35.551 ] } },
{ "type": "Feature", "properties": { "Name": "R0011322.JPG", "Date": "2021-11-29", "Time": "11:12:25", "North": "", "Azimuth": null, "Cam. Maker": "RICOH                ", "Cam. Model": "RICOH THETA SC     , ... ]", "Timestamp": "2021-11-29T11:12:25", "id": 403 }, "geometry": { "type": "Point", "coordinates": [ 136.92035, 35.548238888888889 ] } },
{ "type": "Feature", "properties": { "Name": "R0010982.JPG", "Date": "2021-10-14", "Time": "16:00:41", "North": "", "Azimuth": null, "Cam. Maker": "RICOH                ", "Cam. Model": "RICOH THETA SC     , ... ]", "Timestamp": "2021-10-14T16:00:41", "id": 404 }, "geometry": { "type": "Point", "coordinates": [ 136.921583333333331, 35.5522 ] } },
{ "type": "Feature", "properties": { "Name": "R0011444.JPG", "Date": "2021-11-29", "Time": "12:42:05", "North": "", "Azimuth": null, "Cam. Maker": "RICOH                ", "Cam. Model": "RICOH THETA SC     , ... ]", "Timestamp": "2021-11-29T12:42:05", "id": 405 }, "geometry": { "type": "Point", "coordinates": [ 136.923, 35.554716666666664 ] } },
{ "type": "Feature", "properties": { "Name": "R0010996.JPG", "Date": "2021-10-14", "Time": "16:04:18", "North": "", "Azimuth": null, "Cam. Maker": "RICOH                ", "Cam. Model": "RICOH THETA SC     , ... ]", "Timestamp": "2021-10-14T16:04:18", "id": 406 }, "geometry": { "type": "Point", "coordinates": [ 136.922088888888879, 35.551377777777773 ] } },
{ "type": "Feature", "properties": { "Name": "R0011450.JPG", "Date": "2021-12-10", "Time": "11:48:27", "North": "", "Azimuth": null, "Cam. Maker": "RICOH                ", "Cam. Model": "RICOH THETA SC     , ... ]", "Timestamp": "2021-12-10T11:48:27", "id": 407 }, "geometry": { "type": "Point", "coordinates": [ 136.9248, 35.548683333333329 ] } },
{ "type": "Feature", "properties": { "Name": "R0011336.JPG", "Date": "2021-11-29", "Time": "11:17:38", "North": "", "Azimuth": null, "Cam. Maker": "RICOH                ", "Cam. Model": "RICOH THETA SC     , ... ]", "Timestamp": "2021-11-29T11:17:38", "id": 408 }, "geometry": { "type": "Point", "coordinates": [ 136.920641666666654, 35.548391666666667 ] } },
{ "type": "Feature", "properties": { "Name": "R0010028.JPG", "Date": "2020-04-15", "Time": "09:39:42", "North": "", "Azimuth": null, "Cam. Maker": "RICOH                ", "Cam. Model": "RICOH THETA SC     , ... ]", "Timestamp": "2020-04-15T09:39:42", "id": 409 }, "geometry": { "type": "Point", "coordinates": [ 136.920183333333341, 35.551366666666667 ] } },
{ "type": "Feature", "properties": { "Name": "R0010766.JPG", "Date": "2021-10-14", "Time": "14:16:34", "North": "", "Azimuth": null, "Cam. Maker": "RICOH                ", "Cam. Model": "RICOH THETA SC     , ... ]", "Timestamp": "2021-10-14T14:16:34", "id": 410 }, "geometry": { "type": "Point", "coordinates": [ 136.920538888888871, 35.553661111111111 ] } },
{ "type": "Feature", "properties": { "Name": "R0010772.JPG", "Date": "2021-10-14", "Time": "14:18:06", "North": "", "Azimuth": null, "Cam. Maker": "RICOH                ", "Cam. Model": "RICOH THETA SC     , ... ]", "Timestamp": "2021-10-14T14:18:06", "id": 411 }, "geometry": { "type": "Point", "coordinates": [ 136.920716666666664, 35.553266666666666 ] } },
{ "type": "Feature", "properties": { "Name": "R0010558.JPG", "Date": "2021-10-11", "Time": "15:12:30", "North": "", "Azimuth": null, "Cam. Maker": "RICOH                ", "Cam. Model": "RICOH THETA SC     , ... ]", "Timestamp": "2021-10-11T15:12:30", "id": 412 }, "geometry": { "type": "Point", "coordinates": [ 136.924966666666649, 35.551155555555553 ] } },
{ "type": "Feature", "properties": { "Name": "R0011120.JPG", "Date": "2021-10-19", "Time": "11:23:47", "North": "", "Azimuth": null, "Cam. Maker": "RICOH                ", "Cam. Model": "RICOH THETA SC     , ... ]", "Timestamp": "2021-10-19T11:23:47", "id": 413 }, "geometry": { "type": "Point", "coordinates": [ 136.92298055555554, 35.55533333333333 ] } },
{ "type": "Feature", "properties": { "Name": "R0011134.JPG", "Date": "2021-10-19", "Time": "11:29:42", "North": "", "Azimuth": null, "Cam. Maker": "RICOH                ", "Cam. Model": "RICOH THETA SC     , ... ]", "Timestamp": "2021-10-19T11:29:42", "id": 414 }, "geometry": { "type": "Point", "coordinates": [ 136.922366666666647, 35.555883333333334 ] } },
{ "type": "Feature", "properties": { "Name": "R0010564.JPG", "Date": "2021-10-11", "Time": "15:13:59", "North": "", "Azimuth": null, "Cam. Maker": "RICOH                ", "Cam. Model": "RICOH THETA SC     , ... ]", "Timestamp": "2021-10-11T15:13:59", "id": 415 }, "geometry": { "type": "Point", "coordinates": [ 136.925383333333315, 35.550875 ] } },
{ "type": "Feature", "properties": { "Name": "R0010202.JPG", "Date": "2020-04-15", "Time": "10:50:37", "North": "", "Azimuth": null, "Cam. Maker": "RICOH                ", "Cam. Model": "RICOH THETA SC     , ... ]", "Timestamp": "2020-04-15T10:50:37", "id": 416 }, "geometry": { "type": "Point", "coordinates": [ 136.92328333333333, 35.550766666666668 ] } },
{ "type": "Feature", "properties": { "Name": "R0010216.JPG", "Date": "2020-04-15", "Time": "10:53:54", "North": "", "Azimuth": null, "Cam. Maker": "RICOH                ", "Cam. Model": "RICOH THETA SC     , ... ]", "Timestamp": "2020-04-15T10:53:54", "id": 417 }, "geometry": { "type": "Point", "coordinates": [ 136.922366666666676, 35.551116666666665 ] } },
{ "type": "Feature", "properties": { "Name": "R0011108.JPG", "Date": "2021-10-19", "Time": "11:11:59", "North": "", "Azimuth": null, "Cam. Maker": "RICOH                ", "Cam. Model": "RICOH THETA SC     , ... ]", "Timestamp": "2021-10-19T11:11:59", "id": 418 }, "geometry": { "type": "Point", "coordinates": [ 136.925022222222225, 35.554605555555554 ] } },
{ "type": "Feature", "properties": { "Name": "R0010570.JPG", "Date": "2021-10-11", "Time": "15:15:19", "North": "", "Azimuth": null, "Cam. Maker": "RICOH                ", "Cam. Model": "RICOH THETA SC     , ... ]", "Timestamp": "2021-10-11T15:15:19", "id": 419 }, "geometry": { "type": "Point", "coordinates": [ 136.925144444444442, 35.550302777777773 ] } },
{ "type": "Feature", "properties": { "Name": "R0010389.JPG", "Date": "2021-10-06", "Time": "10:02:29", "North": "", "Azimuth": null, "Cam. Maker": "RICOH                ", "Cam. Model": "RICOH THETA SC     , ... ]", "Timestamp": "2021-10-06T10:02:29", "id": 420 }, "geometry": { "type": "Point", "coordinates": [ 136.924263888888873, 35.553066666666666 ] } },
{ "type": "Feature", "properties": { "Name": "R0011097.JPG", "Date": "2021-10-19", "Time": "11:09:37", "North": "", "Azimuth": null, "Cam. Maker": "RICOH                ", "Cam. Model": "RICOH THETA SC     , ... ]", "Timestamp": "2021-10-19T11:09:37", "id": 421 }, "geometry": { "type": "Point", "coordinates": [ 136.92375, 35.555063888888888 ] } },
{ "type": "Feature", "properties": { "Name": "R0011083.JPG", "Date": "2021-10-19", "Time": "10:38:27", "North": "", "Azimuth": null, "Cam. Maker": "RICOH                ", "Cam. Model": "RICOH THETA SC     , ... ]", "Timestamp": "2021-10-19T10:38:27", "id": 422 }, "geometry": { "type": "Point", "coordinates": [ 136.922061111111105, 35.553313888888887 ] } },
{ "type": "Feature", "properties": { "Name": "R0011054.JPG", "Date": "2021-10-19", "Time": "10:30:39", "North": "", "Azimuth": null, "Cam. Maker": "RICOH                ", "Cam. Model": "RICOH THETA SC     , ... ]", "Timestamp": "2021-10-19T10:30:39", "id": 423 }, "geometry": { "type": "Point", "coordinates": [ 136.920469444444421, 35.551527777777778 ] } },
{ "type": "Feature", "properties": { "Name": "R0011040.JPG", "Date": "2021-10-19", "Time": "10:08:39", "North": "", "Azimuth": null, "Cam. Maker": "RICOH                ", "Cam. Model": "RICOH THETA SC     , ... ]", "Timestamp": "2021-10-19T10:08:39", "id": 424 }, "geometry": { "type": "Point", "coordinates": [ 136.9213, 35.55265 ] } },
{ "type": "Feature", "properties": { "Name": "R0010438.JPG", "Date": "2021-10-06", "Time": "12:40:02", "North": "", "Azimuth": null, "Cam. Maker": "RICOH                ", "Cam. Model": "RICOH THETA SC     , ... ]", "Timestamp": "2021-10-06T12:40:02", "id": 425 }, "geometry": { "type": "Point", "coordinates": [ 136.926697222222202, 35.549819444444445 ] } },
{ "type": "Feature", "properties": { "Name": "R0010410.JPG", "Date": "2021-10-06", "Time": "10:12:57", "North": "", "Azimuth": null, "Cam. Maker": "RICOH                ", "Cam. Model": "RICOH THETA SC     , ... ]", "Timestamp": "2021-10-06T10:12:57", "id": 426 }, "geometry": { "type": "Point", "coordinates": [ 136.926525, 35.552 ] } },
{ "type": "Feature", "properties": { "Name": "R0011068.JPG", "Date": "2021-10-19", "Time": "10:34:21", "North": "", "Azimuth": null, "Cam. Maker": "RICOH                ", "Cam. Model": "RICOH THETA SC     , ... ]", "Timestamp": "2021-10-19T10:34:21", "id": 427 }, "geometry": { "type": "Point", "coordinates": [ 136.920933333333323, 35.5533 ] } },
{ "type": "Feature", "properties": { "Name": "R0010376.JPG", "Date": "2021-10-06", "Time": "09:51:06", "North": "", "Azimuth": null, "Cam. Maker": "RICOH                ", "Cam. Model": "RICOH THETA SC     , ... ]", "Timestamp": "2021-10-06T09:51:06", "id": 428 }, "geometry": { "type": "Point", "coordinates": [ 136.923566666666659, 35.554194444444441 ] } },
{ "type": "Feature", "properties": { "Name": "R0010362.JPG", "Date": "2020-04-15", "Time": "11:53:36", "North": "", "Azimuth": null, "Cam. Maker": "RICOH                ", "Cam. Model": "RICOH THETA SC     , ... ]", "Timestamp": "2020-04-15T11:53:36", "id": 429 }, "geometry": { "type": "Point", "coordinates": [ 136.92195, 35.55045 ] } },
{ "type": "Feature", "properties": { "Name": "R0010404.JPG", "Date": "2021-10-06", "Time": "10:08:11", "North": "", "Azimuth": null, "Cam. Maker": "RICOH                ", "Cam. Model": "RICOH THETA SC     , ... ]", "Timestamp": "2021-10-06T10:08:11", "id": 430 }, "geometry": { "type": "Point", "coordinates": [ 136.925916666666666, 35.5522 ] } },
{ "type": "Feature", "properties": { "Name": "R0011295.JPG", "Date": "2021-11-29", "Time": "11:02:29", "North": "", "Azimuth": null, "Cam. Maker": "RICOH                ", "Cam. Model": "RICOH THETA SC     , ... ]", "Timestamp": "2021-11-29T11:02:29", "id": 431 }, "geometry": { "type": "Point", "coordinates": [ 136.919583333333321, 35.5498 ] } },
{ "type": "Feature", "properties": { "Name": "R0010835.JPG", "Date": "2021-10-14", "Time": "14:45:17", "North": "", "Azimuth": null, "Cam. Maker": "RICOH                ", "Cam. Model": "RICOH THETA SC     , ... ]", "Timestamp": "2021-10-14T14:45:17", "id": 432 }, "geometry": { "type": "Point", "coordinates": [ 136.9216, 35.55395 ] } },
{ "type": "Feature", "properties": { "Name": "R0010821.JPG", "Date": "2021-10-14", "Time": "14:34:46", "North": "", "Azimuth": null, "Cam. Maker": "RICOH                ", "Cam. Model": "RICOH THETA SC     , ... ]", "Timestamp": "2021-10-14T14:34:46", "id": 433 }, "geometry": { "type": "Point", "coordinates": [ 136.92185, 35.555166666666665 ] } },
{ "type": "Feature", "properties": { "Name": "R0011281.JPG", "Date": "2021-11-29", "Time": "10:44:07", "North": "", "Azimuth": null, "Cam. Maker": "RICOH                ", "Cam. Model": "RICOH THETA SC     , ... ]", "Timestamp": "2021-11-29T10:44:07", "id": 434 }, "geometry": { "type": "Point", "coordinates": [ 136.92165, 35.549966666666663 ] } },
{ "type": "Feature", "properties": { "Name": "R0010809.JPG", "Date": "2021-10-14", "Time": "14:31:12", "North": "", "Azimuth": null, "Cam. Maker": "RICOH                ", "Cam. Model": "RICOH THETA SC     , ... ]", "Timestamp": "2021-10-14T14:31:12", "id": 435 }, "geometry": { "type": "Point", "coordinates": [ 136.92245, 35.554575 ] } },
{ "type": "Feature", "properties": { "Name": "R0010148.JPG", "Date": "2020-04-15", "Time": "10:33:00", "North": "", "Azimuth": null, "Cam. Maker": "RICOH                ", "Cam. Model": "RICOH THETA SC     , ... ]", "Timestamp": "2020-04-15T10:33:00", "id": 436 }, "geometry": { "type": "Point", "coordinates": [ 136.924216666666666, 35.548866666666669 ] } },
{ "type": "Feature", "properties": { "Name": "R0011256.JPG", "Date": "2021-11-25", "Time": "12:09:33", "North": "", "Azimuth": null, "Cam. Maker": "RICOH                ", "Cam. Model": "RICOH THETA SC     , ... ]", "Timestamp": "2021-11-25T12:09:33", "id": 437 }, "geometry": { "type": "Point", "coordinates": [ 136.9214, 35.550266666666666 ] } },
{ "type": "Feature", "properties": { "Name": "R0011242.JPG", "Date": "2021-11-25", "Time": "11:55:07", "North": "", "Azimuth": null, "Cam. Maker": "RICOH                ", "Cam. Model": "RICOH THETA SC     , ... ]", "Timestamp": "2021-11-25T11:55:07", "id": 438 }, "geometry": { "type": "Point", "coordinates": [ 136.921202777777779, 35.550252777777771 ] } },
{ "type": "Feature", "properties": { "Name": "R0010174.JPG", "Date": "2020-04-15", "Time": "10:41:30", "North": "", "Azimuth": null, "Cam. Maker": "RICOH                ", "Cam. Model": "RICOH THETA SC     , ... ]", "Timestamp": "2020-04-15T10:41:30", "id": 439 }, "geometry": { "type": "Point", "coordinates": [ 136.924716666666654, 35.550183333333337 ] } },
{ "type": "Feature", "properties": { "Name": "R0010612.JPG", "Date": "2021-10-11", "Time": "15:27:05", "North": "", "Azimuth": null, "Cam. Maker": "RICOH                ", "Cam. Model": "RICOH THETA SC     , ... ]", "Timestamp": "2021-10-11T15:27:05", "id": 440 }, "geometry": { "type": "Point", "coordinates": [ 136.92490555555554, 35.548322222222218 ] } },
{ "type": "Feature", "properties": { "Name": "R0010606.JPG", "Date": "2021-10-11", "Time": "15:25:37", "North": "", "Azimuth": null, "Cam. Maker": "RICOH                ", "Cam. Model": "RICOH THETA SC     , ... ]", "Timestamp": "2021-10-11T15:25:37", "id": 441 }, "geometry": { "type": "Point", "coordinates": [ 136.924627777777772, 35.548452777777776 ] } },
{ "type": "Feature", "properties": { "Name": "R0010160.JPG", "Date": "2020-04-15", "Time": "10:36:27", "North": "", "Azimuth": null, "Cam. Maker": "RICOH                ", "Cam. Model": "RICOH THETA SC     , ... ]", "Timestamp": "2020-04-15T10:36:27", "id": 442 }, "geometry": { "type": "Point", "coordinates": [ 136.923966666666672, 35.549616666666665 ] } },
{ "type": "Feature", "properties": { "Name": "R0010610.JPG", "Date": "2021-10-11", "Time": "15:26:27", "North": "", "Azimuth": null, "Cam. Maker": "RICOH                ", "Cam. Model": "RICOH THETA SC     , ... ]", "Timestamp": "2021-10-11T15:26:27", "id": 443 }, "geometry": { "type": "Point", "coordinates": [ 136.92476666666667, 35.5484 ] } },
{ "type": "Feature", "properties": { "Name": "R0010176.JPG", "Date": "2020-04-15", "Time": "10:41:53", "North": "", "Azimuth": null, "Cam. Maker": "RICOH                ", "Cam. Model": "RICOH THETA SC     , ... ]", "Timestamp": "2020-04-15T10:41:53", "id": 444 }, "geometry": { "type": "Point", "coordinates": [ 136.92461999295017, 35.550313045486682 ] } },
{ "type": "Feature", "properties": { "Name": "R0010162.JPG", "Date": "2020-04-15", "Time": "10:37:09", "North": "", "Azimuth": null, "Cam. Maker": "RICOH                ", "Cam. Model": "RICOH THETA SC     , ... ]", "Timestamp": "2020-04-15T10:37:09", "id": 445 }, "geometry": { "type": "Point", "coordinates": [ 136.9239, 35.54975 ] } },
{ "type": "Feature", "properties": { "Name": "R0010604.JPG", "Date": "2021-10-11", "Time": "15:25:11", "North": "", "Azimuth": null, "Cam. Maker": "RICOH                ", "Cam. Model": "RICOH THETA SC     , ... ]", "Timestamp": "2021-10-11T15:25:11", "id": 446 }, "geometry": { "type": "Point", "coordinates": [ 136.924547222222202, 35.548472222222223 ] } },
{ "type": "Feature", "properties": { "Name": "R0011254.JPG", "Date": "2021-11-25", "Time": "12:09:06", "North": "", "Azimuth": null, "Cam. Maker": "RICOH                ", "Cam. Model": "RICOH THETA SC     , ... ]", "Timestamp": "2021-11-25T12:09:06", "id": 447 }, "geometry": { "type": "Point", "coordinates": [ 136.921583333333331, 35.5503 ] } },
{ "type": "Feature", "properties": { "Name": "R0011240.JPG", "Date": "2021-11-25", "Time": "11:48:25", "North": "", "Azimuth": null, "Cam. Maker": "RICOH                ", "Cam. Model": "RICOH THETA SC     , ... ]", "Timestamp": "2021-11-25T11:48:25", "id": 448 }, "geometry": { "type": "Point", "coordinates": [ 136.920966666666658, 35.55015 ] } },
{ "type": "Feature", "properties": { "Name": "R0010638.JPG", "Date": "2021-10-11", "Time": "15:42:27", "North": "", "Azimuth": null, "Cam. Maker": "RICOH                ", "Cam. Model": "RICOH THETA SC     , ... ]", "Timestamp": "2021-10-11T15:42:27", "id": 449 }, "geometry": { "type": "Point", "coordinates": [ 136.92431666666667, 35.549586111111111 ] } },
{ "type": "Feature", "properties": { "Name": "R0010837.JPG", "Date": "2021-10-14", "Time": "14:45:43", "North": "", "Azimuth": null, "Cam. Maker": "RICOH                ", "Cam. Model": "RICOH THETA SC     , ... ]", "Timestamp": "2021-10-14T14:45:43", "id": 450 }, "geometry": { "type": "Point", "coordinates": [ 136.921633333333318, 35.55405 ] } },
{ "type": "Feature", "properties": { "Name": "R0010189.JPG", "Date": "2020-04-15", "Time": "10:45:05", "North": "", "Azimuth": null, "Cam. Maker": "RICOH                ", "Cam. Model": "RICOH THETA SC     , ... ]", "Timestamp": "2020-04-15T10:45:05", "id": 451 }, "geometry": { "type": "Point", "coordinates": [ 136.924383333333338, 35.55083333333333 ] } },
{ "type": "Feature", "properties": { "Name": "R0011297.JPG", "Date": "2021-11-29", "Time": "11:03:24", "North": "", "Azimuth": null, "Cam. Maker": "RICOH                ", "Cam. Model": "RICOH THETA SC     , ... ]", "Timestamp": "2021-11-29T11:03:24", "id": 452 }, "geometry": { "type": "Point", "coordinates": [ 136.919816666666662, 35.549733333333329 ] } },
{ "type": "Feature", "properties": { "Name": "R0011283.JPG", "Date": "2021-11-29", "Time": "10:44:57", "North": "", "Azimuth": null, "Cam. Maker": "RICOH                ", "Cam. Model": "RICOH THETA SC     , ... ]", "Timestamp": "2021-11-29T10:44:57", "id": 453 }, "geometry": { "type": "Point", "coordinates": [ 136.921616666666665, 35.549833333333332 ] } },
{ "type": "Feature", "properties": { "Name": "R0010823.JPG", "Date": "2021-10-14", "Time": "14:35:14", "North": "", "Azimuth": null, "Cam. Maker": "RICOH                ", "Cam. Model": "RICOH THETA SC     , ... ]", "Timestamp": "2021-10-14T14:35:14", "id": 454 }, "geometry": { "type": "Point", "coordinates": [ 136.921716666666669, 35.555116666666663 ] } },
{ "type": "Feature", "properties": { "Name": "R0010374.JPG", "Date": "2021-10-06", "Time": "09:49:56", "North": "", "Azimuth": null, "Cam. Maker": "RICOH                ", "Cam. Model": "RICOH THETA SC     , ... ]", "Timestamp": "2021-10-06T09:49:56", "id": 455 }, "geometry": { "type": "Point", "coordinates": [ 136.923372222222213, 35.554402777777774 ] } },
{ "type": "Feature", "properties": { "Name": "R0010412.JPG", "Date": "2021-10-06", "Time": "10:14:01", "North": "", "Azimuth": null, "Cam. Maker": "RICOH                ", "Cam. Model": "RICOH THETA SC     , ... ]", "Timestamp": "2021-10-06T10:14:01", "id": 456 }, "geometry": { "type": "Point", "coordinates": [ 136.926652777777775, 35.55195 ] } },
{ "type": "Feature", "properties": { "Name": "kazenomatoi.JPG", "Date": "2021-11-29", "Time": "10:22:32", "North": "", "Azimuth": null, "Cam. Maker": "RICOH                ", "Cam. Model": "RICOH THETA SC     , ... ]", "Timestamp": "2021-11-29T10:22:32", "id": 457 }, "geometry": { "type": "Point", "coordinates": [ 136.919172222222215, 35.5541 ] } },
{ "type": "Feature", "properties": { "Name": "R0010406.JPG", "Date": "2021-10-06", "Time": "10:09:32", "North": "", "Azimuth": null, "Cam. Maker": "RICOH                ", "Cam. Model": "RICOH THETA SC     , ... ]", "Timestamp": "2021-10-06T10:09:32", "id": 458 }, "geometry": { "type": "Point", "coordinates": [ 136.926144444444446, 35.552108333333329 ] } },
{ "type": "Feature", "properties": { "Name": "R0010360.JPG", "Date": "2020-04-15", "Time": "11:52:50", "North": "", "Azimuth": null, "Cam. Maker": "RICOH                ", "Cam. Model": "RICOH THETA SC     , ... ]", "Timestamp": "2020-04-15T11:52:50", "id": 459 }, "geometry": { "type": "Point", "coordinates": [ 136.9222, 35.550366666666669 ] } },
{ "type": "Feature", "properties": { "Name": "R0010348.JPG", "Date": "2020-04-15", "Time": "11:47:45", "North": "", "Azimuth": null, "Cam. Maker": "RICOH                ", "Cam. Model": "RICOH THETA SC     , ... ]", "Timestamp": "2020-04-15T11:47:45", "id": 460 }, "geometry": { "type": "Point", "coordinates": [ 136.92285, 35.549466666666667 ] } },
{ "type": "Feature", "properties": { "Name": "R0011056.JPG", "Date": "2021-10-19", "Time": "10:31:08", "North": "", "Azimuth": null, "Cam. Maker": "RICOH                ", "Cam. Model": "RICOH THETA SC     , ... ]", "Timestamp": "2021-10-19T10:31:08", "id": 461 }, "geometry": { "type": "Point", "coordinates": [ 136.920252777777762, 35.551761111111105 ] } },
{ "type": "Feature", "properties": { "Name": "R0011042.JPG", "Date": "2021-10-19", "Time": "10:09:13", "North": "", "Azimuth": null, "Cam. Maker": "RICOH                ", "Cam. Model": "RICOH THETA SC     , ... ]", "Timestamp": "2021-10-19T10:09:13", "id": 462 }, "geometry": { "type": "Point", "coordinates": [ 136.921116666666649, 35.552775 ] } },
{ "type": "Feature", "properties": { "Name": "R0011095.JPG", "Date": "2021-10-19", "Time": "11:09:08", "North": "", "Azimuth": null, "Cam. Maker": "RICOH                ", "Cam. Model": "RICOH THETA SC     , ... ]", "Timestamp": "2021-10-19T11:09:08", "id": 463 }, "geometry": { "type": "Point", "coordinates": [ 136.923594444444433, 35.555236111111107 ] } },
{ "type": "Feature", "properties": { "Name": "R0011081.JPG", "Date": "2021-10-19", "Time": "10:37:59", "North": "", "Azimuth": null, "Cam. Maker": "RICOH                ", "Cam. Model": "RICOH THETA SC     , ... ]", "Timestamp": "2021-10-19T10:37:59", "id": 464 }, "geometry": { "type": "Point", "coordinates": [ 136.921811111111111, 35.553175 ] } },
{ "type": "Feature", "properties": { "Name": "R0010200.JPG", "Date": "2020-04-15", "Time": "10:49:38", "North": "", "Azimuth": null, "Cam. Maker": "RICOH                ", "Cam. Model": "RICOH THETA SC     , ... ]", "Timestamp": "2020-04-15T10:49:38", "id": 465 }, "geometry": { "type": "Point", "coordinates": [ 136.923416666666668, 35.550716666666666 ] } },
{ "type": "Feature", "properties": { "Name": "R0010566.JPG", "Date": "2021-10-11", "Time": "15:14:27", "North": "", "Azimuth": null, "Cam. Maker": "RICOH                ", "Cam. Model": "RICOH THETA SC     , ... ]", "Timestamp": "2021-10-11T15:14:27", "id": 466 }, "geometry": { "type": "Point", "coordinates": [ 136.925461111111105, 35.550655555555551 ] } },
{ "type": "Feature", "properties": { "Name": "R0010572.JPG", "Date": "2021-10-11", "Time": "15:15:53", "North": "", "Azimuth": null, "Cam. Maker": "RICOH                ", "Cam. Model": "RICOH THETA SC     , ... ]", "Timestamp": "2021-10-11T15:15:53", "id": 467 }, "geometry": { "type": "Point", "coordinates": [ 136.9253, 35.550155555555556 ] } },
{ "type": "Feature", "properties": { "Name": "R0010214.JPG", "Date": "2020-04-15", "Time": "10:53:11", "North": "", "Azimuth": null, "Cam. Maker": "RICOH                ", "Cam. Model": "RICOH THETA SC     , ... ]", "Timestamp": "2020-04-15T10:53:11", "id": 468 }, "geometry": { "type": "Point", "coordinates": [ 136.9226, 35.551183333333334 ] } },
{ "type": "Feature", "properties": { "Name": "R0011122.JPG", "Date": "2021-10-19", "Time": "11:24:11", "North": "", "Azimuth": null, "Cam. Maker": "RICOH                ", "Cam. Model": "RICOH THETA SC     , ... ]", "Timestamp": "2021-10-19T11:24:11", "id": 469 }, "geometry": { "type": "Point", "coordinates": [ 136.92283888888889, 35.555191666666666 ] } },
{ "type": "Feature", "properties": { "Name": "R0011136.JPG", "Date": "2021-10-19", "Time": "11:30:06", "North": "", "Azimuth": null, "Cam. Maker": "RICOH                ", "Cam. Model": "RICOH THETA SC     , ... ]", "Timestamp": "2021-10-19T11:30:06", "id": 470 }, "geometry": { "type": "Point", "coordinates": [ 136.922575, 35.555813888888885 ] } },
{ "type": "Feature", "properties": { "Name": "R0010228.JPG", "Date": "2020-04-15", "Time": "10:57:43", "North": "", "Azimuth": null, "Cam. Maker": "RICOH                ", "Cam. Model": "RICOH THETA SC     , ... ]", "Timestamp": "2020-04-15T10:57:43", "id": 471 }, "geometry": { "type": "Point", "coordinates": [ 136.92115, 35.551233333333336 ] } },
{ "type": "Feature", "properties": { "Name": "R0010764.JPG", "Date": "2021-10-14", "Time": "14:14:34", "North": "", "Azimuth": null, "Cam. Maker": "RICOH                ", "Cam. Model": "RICOH THETA SC     , ... ]", "Timestamp": "2021-10-14T14:14:34", "id": 472 }, "geometry": { "type": "Point", "coordinates": [ 136.9208, 35.5536 ] } },
{ "type": "Feature", "properties": { "Name": "R0011308.JPG", "Date": "2021-11-29", "Time": "11:09:03", "North": "", "Azimuth": null, "Cam. Maker": "RICOH                ", "Cam. Model": "RICOH THETA SC     , ... ]", "Timestamp": "2021-11-29T11:09:03", "id": 473 }, "geometry": { "type": "Point", "coordinates": [ 136.919255555555537, 35.549213888888886 ] } },
{ "type": "Feature", "properties": { "Name": "R0010770.JPG", "Date": "2021-10-14", "Time": "14:17:35", "North": "", "Azimuth": null, "Cam. Maker": "RICOH                ", "Cam. Model": "RICOH THETA SC     , ... ]", "Timestamp": "2021-10-14T14:17:35", "id": 474 }, "geometry": { "type": "Point", "coordinates": [ 136.920852777777782, 35.553452777777778 ] } },
{ "type": "Feature", "properties": { "Name": "R0010980.JPG", "Date": "2021-10-14", "Time": "16:00:04", "North": "", "Azimuth": null, "Cam. Maker": "RICOH                ", "Cam. Model": "RICOH THETA SC     , ... ]", "Timestamp": "2021-10-14T16:00:04", "id": 475 }, "geometry": { "type": "Point", "coordinates": [ 136.9218, 35.552216666666666 ] } },
{ "type": "Feature", "properties": { "Name": "R0010758.JPG", "Date": "2021-10-14", "Time": "14:12:47", "North": "", "Azimuth": null, "Cam. Maker": "RICOH                ", "Cam. Model": "RICOH THETA SC     , ... ]", "Timestamp": "2021-10-14T14:12:47", "id": 476 }, "geometry": { "type": "Point", "coordinates": [ 136.920375, 35.553827777777776 ] } },
{ "type": "Feature", "properties": { "Name": "R0011320.JPG", "Date": "2021-11-29", "Time": "11:11:56", "North": "", "Azimuth": null, "Cam. Maker": "RICOH                ", "Cam. Model": "RICOH THETA SC     , ... ]", "Timestamp": "2021-11-29T11:11:56", "id": 477 }, "geometry": { "type": "Point", "coordinates": [ 136.92016944444444, 35.548377777777773 ] } },
{ "type": "Feature", "properties": { "Name": "R0011334.JPG", "Date": "2021-11-29", "Time": "11:17:08", "North": "", "Azimuth": null, "Cam. Maker": "RICOH                ", "Cam. Model": "RICOH THETA SC     , ... ]", "Timestamp": "2021-11-29T11:17:08", "id": 478 }, "geometry": { "type": "Point", "coordinates": [ 136.920761111111091, 35.548188888888888 ] } },
{ "type": "Feature", "properties": { "Name": "R0011452.JPG", "Date": "2021-12-10", "Time": "12:31:21", "North": "", "Azimuth": null, "Cam. Maker": "RICOH                ", "Cam. Model": "RICOH THETA SC     , ... ]", "Timestamp": "2021-12-10T12:31:21", "id": 479 }, "geometry": { "type": "Point", "coordinates": [ 136.92465, 35.550783333333328 ] } },
{ "type": "Feature", "properties": { "Name": "R0010994.JPG", "Date": "2021-10-14", "Time": "16:03:50", "North": "", "Azimuth": null, "Cam. Maker": "RICOH                ", "Cam. Model": "RICOH THETA SC     , ... ]", "Timestamp": "2021-10-14T16:03:50", "id": 480 }, "geometry": { "type": "Point", "coordinates": [ 136.921858333333319, 35.551541666666665 ] } },
{ "type": "Feature", "properties": { "Name": "R0010943.JPG", "Date": "2021-10-14", "Time": "15:34:44", "North": "", "Azimuth": null, "Cam. Maker": "RICOH                ", "Cam. Model": "RICOH THETA SC     , ... ]", "Timestamp": "2021-10-14T15:34:44", "id": 481 }, "geometry": { "type": "Point", "coordinates": [ 136.923466666666656, 35.551833333333327 ] } },
{ "type": "Feature", "properties": { "Name": "R0010957.JPG", "Date": "2021-10-14", "Time": "15:38:33", "North": "", "Azimuth": null, "Cam. Maker": "RICOH                ", "Cam. Model": "RICOH THETA SC     , ... ]", "Timestamp": "2021-10-14T15:38:33", "id": 482 }, "geometry": { "type": "Point", "coordinates": [ 136.924127777777755, 35.55136944444444 ] } },
{ "type": "Feature", "properties": { "Name": "R0010956.JPG", "Date": "2021-10-14", "Time": "15:38:15", "North": "", "Azimuth": null, "Cam. Maker": "RICOH                ", "Cam. Model": "RICOH THETA SC     , ... ]", "Timestamp": "2021-10-14T15:38:15", "id": 483 }, "geometry": { "type": "Point", "coordinates": [ 136.924033333333313, 35.5514 ] } },
{ "type": "Feature", "properties": { "Name": "R0010942.JPG", "Date": "2021-10-14", "Time": "15:34:26", "North": "", "Azimuth": null, "Cam. Maker": "RICOH                ", "Cam. Model": "RICOH THETA SC     , ... ]", "Timestamp": "2021-10-14T15:34:26", "id": 484 }, "geometry": { "type": "Point", "coordinates": [ 136.92345, 35.551816666666667 ] } },
{ "type": "Feature", "properties": { "Name": "R0011335.JPG", "Date": "2021-11-29", "Time": "11:17:23", "North": "", "Azimuth": null, "Cam. Maker": "RICOH                ", "Cam. Model": "RICOH THETA SC     , ... ]", "Timestamp": "2021-11-29T11:17:23", "id": 485 }, "geometry": { "type": "Point", "coordinates": [ 136.920680555555549, 35.54828055555555 ] } },
{ "type": "Feature", "properties": { "Name": "R0010995.JPG", "Date": "2021-10-14", "Time": "16:04:03", "North": "", "Azimuth": null, "Cam. Maker": "RICOH                ", "Cam. Model": "RICOH THETA SC     , ... ]", "Timestamp": "2021-10-14T16:04:03", "id": 486 }, "geometry": { "type": "Point", "coordinates": [ 136.921991666666656, 35.551491666666664 ] } },
{ "type": "Feature", "properties": { "Name": "R0011453.JPG", "Date": "2021-12-10", "Time": "13:11:13", "North": "", "Azimuth": null, "Cam. Maker": "RICOH                ", "Cam. Model": "RICOH THETA SC     , ... ]", "Timestamp": "2021-12-10T13:11:13", "id": 487 }, "geometry": { "type": "Point", "coordinates": [ 136.921283333333321, 35.550066666666666 ] } },
{ "type": "Feature", "properties": { "Name": "R0010759.JPG", "Date": "2021-10-14", "Time": "14:12:55", "North": "", "Azimuth": null, "Cam. Maker": "RICOH                ", "Cam. Model": "RICOH THETA SC     , ... ]", "Timestamp": "2021-10-14T14:12:55", "id": 488 }, "geometry": { "type": "Point", "coordinates": [ 136.920413888888874, 35.553808333333329 ] } },
{ "type": "Feature", "properties": { "Name": "R0010981.JPG", "Date": "2021-10-14", "Time": "16:00:22", "North": "", "Azimuth": null, "Cam. Maker": "RICOH                ", "Cam. Model": "RICOH THETA SC     , ... ]", "Timestamp": "2021-10-14T16:00:22", "id": 489 }, "geometry": { "type": "Point", "coordinates": [ 136.921683333333334, 35.552233333333334 ] } },
{ "type": "Feature", "properties": { "Name": "R0011447.JPG", "Date": "2021-12-10", "Time": "10:51:12", "North": "", "Azimuth": null, "Cam. Maker": "RICOH                ", "Cam. Model": "RICOH THETA SC     , ... ]", "Timestamp": "2021-12-10T10:51:12", "id": 490 }, "geometry": { "type": "Point", "coordinates": [ 136.922066666666666, 35.549883333333334 ] } },
{ "type": "Feature", "properties": { "Name": "R0011321.JPG", "Date": "2021-11-29", "Time": "11:12:11", "North": "", "Azimuth": null, "Cam. Maker": "RICOH                ", "Cam. Model": "RICOH THETA SC     , ... ]", "Timestamp": "2021-11-29T11:12:11", "id": 491 }, "geometry": { "type": "Point", "coordinates": [ 136.92025, 35.548313888888885 ] } },
{ "type": "Feature", "properties": { "Name": "R0011309.JPG", "Date": "2021-11-29", "Time": "11:09:17", "North": "", "Azimuth": null, "Cam. Maker": "RICOH                ", "Cam. Model": "RICOH THETA SC     , ... ]", "Timestamp": "2021-11-29T11:09:17", "id": 492 }, "geometry": { "type": "Point", "coordinates": [ 136.919313888888865, 35.54913333333333 ] } },
{ "type": "Feature", "properties": { "Name": "R0010771.JPG", "Date": "2021-10-14", "Time": "14:17:48", "North": "", "Azimuth": null, "Cam. Maker": "RICOH                ", "Cam. Model": "RICOH THETA SC     , ... ]", "Timestamp": "2021-10-14T14:17:48", "id": 493 }, "geometry": { "type": "Point", "coordinates": [ 136.920783333333333, 35.553375 ] } },
{ "type": "Feature", "properties": { "Name": "R0010598.JPG", "Date": "2021-10-11", "Time": "15:22:40", "North": "", "Azimuth": null, "Cam. Maker": "RICOH                ", "Cam. Model": "RICOH THETA SC     , ... ]", "Timestamp": "2021-10-11T15:22:40", "id": 494 }, "geometry": { "type": "Point", "coordinates": [ 136.924333333333323, 35.5485 ] } },
{ "type": "Feature", "properties": { "Name": "R0010229.JPG", "Date": "2020-04-15", "Time": "10:58:00", "North": "", "Azimuth": null, "Cam. Maker": "RICOH                ", "Cam. Model": "RICOH THETA SC     , ... ]", "Timestamp": "2020-04-15T10:58:00", "id": 495 }, "geometry": { "type": "Point", "coordinates": [ 136.921083333333343, 35.551316666666665 ] } },
{ "type": "Feature", "properties": { "Name": "R0011137.JPG", "Date": "2021-10-19", "Time": "11:30:19", "North": "", "Azimuth": null, "Cam. Maker": "RICOH                ", "Cam. Model": "RICOH THETA SC     , ... ]", "Timestamp": "2021-10-19T11:30:19", "id": 496 }, "geometry": { "type": "Point", "coordinates": [ 136.922675, 35.555833333333332 ] } },
{ "type": "Feature", "properties": { "Name": "R0011123.JPG", "Date": "2021-10-19", "Time": "11:24:26", "North": "", "Azimuth": null, "Cam. Maker": "RICOH                ", "Cam. Model": "RICOH THETA SC     , ... ]", "Timestamp": "2021-10-19T11:24:26", "id": 497 }, "geometry": { "type": "Point", "coordinates": [ 136.9228, 35.555083333333329 ] } },
{ "type": "Feature", "properties": { "Name": "midorinoatorie.JPG", "Date": "2021-11-18", "Time": "13:58:21", "North": "", "Azimuth": null, "Cam. Maker": "RICOH                ", "Cam. Model": "RICOH THETA SC     , ... ]", "Timestamp": "2021-11-18T13:58:21", "id": 498 }, "geometry": { "type": "Point", "coordinates": [ 136.918641666666645, 35.555497222222222 ] } },
{ "type": "Feature", "properties": { "Name": "R0010573.JPG", "Date": "2021-10-11", "Time": "15:16:08", "North": "", "Azimuth": null, "Cam. Maker": "RICOH                ", "Cam. Model": "RICOH THETA SC     , ... ]", "Timestamp": "2021-10-11T15:16:08", "id": 499 }, "geometry": { "type": "Point", "coordinates": [ 136.925388888888875, 35.550102777777774 ] } },
{ "type": "Feature", "properties": { "Name": "R0010215.JPG", "Date": "2020-04-15", "Time": "10:53:29", "North": "", "Azimuth": null, "Cam. Maker": "RICOH                ", "Cam. Model": "RICOH THETA SC     , ... ]", "Timestamp": "2020-04-15T10:53:29", "id": 500 }, "geometry": { "type": "Point", "coordinates": [ 136.9225, 35.551166666666667 ] } },
{ "type": "Feature", "properties": { "Name": "R0010201.JPG", "Date": "2020-04-15", "Time": "10:49:52", "North": "", "Azimuth": null, "Cam. Maker": "RICOH                ", "Cam. Model": "RICOH THETA SC     , ... ]", "Timestamp": "2020-04-15T10:49:52", "id": 501 }, "geometry": { "type": "Point", "coordinates": [ 136.923333333333346, 35.55075 ] } },
{ "type": "Feature", "properties": { "Name": "R0010567.JPG", "Date": "2021-10-11", "Time": "15:14:39", "North": "", "Azimuth": null, "Cam. Maker": "RICOH                ", "Cam. Model": "RICOH THETA SC     , ... ]", "Timestamp": "2021-10-11T15:14:39", "id": 502 }, "geometry": { "type": "Point", "coordinates": [ 136.925405555555557, 35.550544444444441 ] } },
{ "type": "Feature", "properties": { "Name": "R0011080.JPG", "Date": "2021-10-19", "Time": "10:37:46", "North": "", "Azimuth": null, "Cam. Maker": "RICOH                ", "Cam. Model": "RICOH THETA SC     , ... ]", "Timestamp": "2021-10-19T10:37:46", "id": 503 }, "geometry": { "type": "Point", "coordinates": [ 136.9217, 35.5532 ] } },
{ "type": "Feature", "properties": { "Name": "R0011094.JPG", "Date": "2021-10-19", "Time": "11:08:55", "North": "", "Azimuth": null, "Cam. Maker": "RICOH                ", "Cam. Model": "RICOH THETA SC     , ... ]", "Timestamp": "2021-10-19T11:08:55", "id": 504 }, "geometry": { "type": "Point", "coordinates": [ 136.923516666666643, 35.55535 ] } },
{ "type": "Feature", "properties": { "Name": "R0011043.JPG", "Date": "2021-10-19", "Time": "10:09:28", "North": "", "Azimuth": null, "Cam. Maker": "RICOH                ", "Cam. Model": "RICOH THETA SC     , ... ]", "Timestamp": "2021-10-19T10:09:28", "id": 505 }, "geometry": { "type": "Point", "coordinates": [ 136.921022222222206, 35.552825 ] } },
{ "type": "Feature", "properties": { "Name": "R0011057.JPG", "Date": "2021-10-19", "Time": "10:31:22", "North": "", "Azimuth": null, "Cam. Maker": "RICOH                ", "Cam. Model": "RICOH THETA SC     , ... ]", "Timestamp": "2021-10-19T10:31:22", "id": 506 }, "geometry": { "type": "Point", "coordinates": [ 136.92016666666666, 35.5519 ] } },
{ "type": "Feature", "properties": { "Name": "R0010349.JPG", "Date": "2020-04-15", "Time": "11:48:12", "North": "", "Azimuth": null, "Cam. Maker": "RICOH                ", "Cam. Model": "RICOH THETA SC     , ... ]", "Timestamp": "2020-04-15T11:48:12", "id": 507 }, "geometry": { "type": "Point", "coordinates": [ 136.922816666666677, 35.549533333333336 ] } },
{ "type": "Feature", "properties": { "Name": "R0010407.JPG", "Date": "2021-10-06", "Time": "10:10:30", "North": "", "Azimuth": null, "Cam. Maker": "RICOH                ", "Cam. Model": "RICOH THETA SC     , ... ]", "Timestamp": "2021-10-06T10:10:30", "id": 508 }, "geometry": { "type": "Point", "coordinates": [ 136.926277777777756, 35.552058333333328 ] } },
{ "type": "Feature", "properties": { "Name": "R0010361.JPG", "Date": "2020-04-15", "Time": "11:53:05", "North": "", "Azimuth": null, "Cam. Maker": "RICOH                ", "Cam. Model": "RICOH THETA SC     , ... ]", "Timestamp": "2020-04-15T11:53:05", "id": 509 }, "geometry": { "type": "Point", "coordinates": [ 136.922083333333347, 35.5504 ] } },
{ "type": "Feature", "properties": { "Name": "R0010375.JPG", "Date": "2021-10-06", "Time": "09:50:34", "North": "", "Azimuth": null, "Cam. Maker": "RICOH                ", "Cam. Model": "RICOH THETA SC     , ... ]", "Timestamp": "2021-10-06T09:50:34", "id": 510 }, "geometry": { "type": "Point", "coordinates": [ 136.92345, 35.5543 ] } },
{ "type": "Feature", "properties": { "Name": "R0010413.JPG", "Date": "2021-10-06", "Time": "10:14:49", "North": "", "Azimuth": null, "Cam. Maker": "RICOH                ", "Cam. Model": "RICOH THETA SC     , ... ]", "Timestamp": "2021-10-06T10:14:49", "id": 511 }, "geometry": { "type": "Point", "coordinates": [ 136.92675, 35.551933333333331 ] } },
{ "type": "Feature", "properties": { "Name": "R0011282.JPG", "Date": "2021-11-29", "Time": "10:44:35", "North": "", "Azimuth": null, "Cam. Maker": "RICOH                ", "Cam. Model": "RICOH THETA SC     , ... ]", "Timestamp": "2021-11-29T10:44:35", "id": 512 }, "geometry": { "type": "Point", "coordinates": [ 136.921633333333318, 35.549883333333334 ] } },
{ "type": "Feature", "properties": { "Name": "R0010822.JPG", "Date": "2021-10-14", "Time": "14:35:00", "North": "", "Azimuth": null, "Cam. Maker": "RICOH                ", "Cam. Model": "RICOH THETA SC     , ... ]", "Timestamp": "2021-10-14T14:35:00", "id": 513 }, "geometry": { "type": "Point", "coordinates": [ 136.921766666666656, 35.555141666666664 ] } },
{ "type": "Feature", "properties": { "Name": "R0010836.JPG", "Date": "2021-10-14", "Time": "14:45:29", "North": "", "Azimuth": null, "Cam. Maker": "RICOH                ", "Cam. Model": "RICOH THETA SC     , ... ]", "Timestamp": "2021-10-14T14:45:29", "id": 514 }, "geometry": { "type": "Point", "coordinates": [ 136.921633333333318, 35.553983333333328 ] } },
{ "type": "Feature", "properties": { "Name": "R0011296.JPG", "Date": "2021-11-29", "Time": "11:03:07", "North": "", "Azimuth": null, "Cam. Maker": "RICOH                ", "Cam. Model": "RICOH THETA SC     , ... ]", "Timestamp": "2021-11-29T11:03:07", "id": 515 }, "geometry": { "type": "Point", "coordinates": [ 136.919719444444439, 35.549733333333329 ] } },
{ "type": "Feature", "properties": { "Name": "R0010188.JPG", "Date": "2020-04-15", "Time": "10:44:48", "North": "", "Azimuth": null, "Cam. Maker": "RICOH                ", "Cam. Model": "RICOH THETA SC     , ... ]", "Timestamp": "2020-04-15T10:44:48", "id": 516 }, "geometry": { "type": "Point", "coordinates": [ 136.92445, 35.5508 ] } },
{ "type": "Feature", "properties": { "Name": "R0011241.JPG", "Date": "2021-11-25", "Time": "11:49:49", "North": "", "Azimuth": null, "Cam. Maker": "RICOH                ", "Cam. Model": "RICOH THETA SC     , ... ]", "Timestamp": "2021-11-25T11:49:49", "id": 517 }, "geometry": { "type": "Point", "coordinates": [ 136.921226353045597, 35.550257729718268 ] } },
{ "type": "Feature", "properties": { "Name": "R0010639.JPG", "Date": "2021-10-11", "Time": "15:42:51", "North": "", "Azimuth": null, "Cam. Maker": "RICOH                ", "Cam. Model": "RICOH THETA SC     , ... ]", "Timestamp": "2021-10-11T15:42:51", "id": 518 }, "geometry": { "type": "Point", "coordinates": [ 136.92424722222222, 35.549616666666665 ] } },
{ "type": "Feature", "properties": { "Name": "R0011255.JPG", "Date": "2021-11-25", "Time": "12:09:19", "North": "", "Azimuth": null, "Cam. Maker": "RICOH                ", "Cam. Model": "RICOH THETA SC     , ... ]", "Timestamp": "2021-11-25T12:09:19", "id": 519 }, "geometry": { "type": "Point", "coordinates": [ 136.921483333333327, 35.550316666666667 ] } },
{ "type": "Feature", "properties": { "Name": "R0010163.JPG", "Date": "2020-04-15", "Time": "10:37:57", "North": "", "Azimuth": null, "Cam. Maker": "RICOH                ", "Cam. Model": "RICOH THETA SC     , ... ]", "Timestamp": "2020-04-15T10:37:57", "id": 520 }, "geometry": { "type": "Point", "coordinates": [ 136.92401666666666, 35.5498 ] } },
{ "type": "Feature", "properties": { "Name": "R0010605.JPG", "Date": "2021-10-11", "Time": "15:25:23", "North": "", "Azimuth": null, "Cam. Maker": "RICOH                ", "Cam. Model": "RICOH THETA SC     , ... ]", "Timestamp": "2021-10-11T15:25:23", "id": 521 }, "geometry": { "type": "Point", "coordinates": [ 136.924583333333317, 35.548452777777776 ] } },
{ "type": "Feature", "properties": { "Name": "R0010611.JPG", "Date": "2021-10-11", "Time": "15:26:45", "North": "", "Azimuth": null, "Cam. Maker": "RICOH                ", "Cam. Model": "RICOH THETA SC     , ... ]", "Timestamp": "2021-10-11T15:26:45", "id": 522 }, "geometry": { "type": "Point", "coordinates": [ 136.92485, 35.548366666666666 ] } },
{ "type": "Feature", "properties": { "Name": "R0010177.JPG", "Date": "2020-04-15", "Time": "10:42:08", "North": "", "Azimuth": null, "Cam. Maker": "RICOH                ", "Cam. Model": "RICOH THETA SC     , ... ]", "Timestamp": "2020-04-15T10:42:08", "id": 523 }, "geometry": { "type": "Point", "coordinates": [ 136.924583333333345, 35.550366666666669 ] } },
{ "type": "Feature", "properties": { "Name": "R0011251.JPG", "Date": "2021-11-25", "Time": "12:08:14", "North": "", "Azimuth": null, "Cam. Maker": "RICOH                ", "Cam. Model": "RICOH THETA SC     , ... ]", "Timestamp": "2021-11-25T12:08:14", "id": 524 }, "geometry": { "type": "Point", "coordinates": [ 136.921716666666669, 35.550433333333331 ] } },
{ "type": "Feature", "properties": { "Name": "R0010629.JPG", "Date": "2021-10-11", "Time": "15:39:49", "North": "", "Azimuth": null, "Cam. Maker": "RICOH                ", "Cam. Model": "RICOH THETA SC     , ... ]", "Timestamp": "2021-10-11T15:39:49", "id": 525 }, "geometry": { "type": "Point", "coordinates": [ 136.924944444444435, 35.549372222222217 ] } },
{ "type": "Feature", "properties": { "Name": "R0011245.JPG", "Date": "2021-11-25", "Time": "12:01:51", "North": "", "Azimuth": null, "Cam. Maker": "RICOH                ", "Cam. Model": "RICOH THETA SC     , ... ]", "Timestamp": "2021-11-25T12:01:51", "id": 526 }, "geometry": { "type": "Point", "coordinates": [ 136.921983333333316, 35.550733333333334 ] } },
{ "type": "Feature", "properties": { "Name": "R0010173.JPG", "Date": "2020-04-15", "Time": "10:41:10", "North": "", "Azimuth": null, "Cam. Maker": "RICOH                ", "Cam. Model": "RICOH THETA SC     , ... ]", "Timestamp": "2020-04-15T10:41:10", "id": 527 }, "geometry": { "type": "Point", "coordinates": [ 136.92475, 35.550116666666668 ] } },
{ "type": "Feature", "properties": { "Name": "R0010615.JPG", "Date": "2021-10-11", "Time": "15:35:54", "North": "", "Azimuth": null, "Cam. Maker": "RICOH                ", "Cam. Model": "RICOH THETA SC     , ... ]", "Timestamp": "2021-10-11T15:35:54", "id": 528 }, "geometry": { "type": "Point", "coordinates": [ 136.925416666666649, 35.5487 ] } },
{ "type": "Feature", "properties": { "Name": "R0010601.JPG", "Date": "2021-10-11", "Time": "15:24:22", "North": "", "Azimuth": null, "Cam. Maker": "RICOH                ", "Cam. Model": "RICOH THETA SC     , ... ]", "Timestamp": "2021-10-11T15:24:22", "id": 529 }, "geometry": { "type": "Point", "coordinates": [ 136.924447222222199, 35.548591666666667 ] } },
{ "type": "Feature", "properties": { "Name": "R0011279.JPG", "Date": "2021-11-29", "Time": "10:43:14", "North": "", "Azimuth": null, "Cam. Maker": "RICOH                ", "Cam. Model": "RICOH THETA SC     , ... ]", "Timestamp": "2021-11-29T10:43:14", "id": 530 }, "geometry": { "type": "Point", "coordinates": [ 136.921766666666656, 35.550133333333328 ] } },
{ "type": "Feature", "properties": { "Name": "R0010167.JPG", "Date": "2020-04-15", "Time": "10:38:53", "North": "", "Azimuth": null, "Cam. Maker": "RICOH                ", "Cam. Model": "RICOH THETA SC     , ... ]", "Timestamp": "2020-04-15T10:38:53", "id": 531 }, "geometry": { "type": "Point", "coordinates": [ 136.924416666666673, 35.549883333333334 ] } },
{ "type": "Feature", "properties": { "Name": "R0011292.JPG", "Date": "2021-11-29", "Time": "11:01:43", "North": "", "Azimuth": null, "Cam. Maker": "RICOH                ", "Cam. Model": "RICOH THETA SC     , ... ]", "Timestamp": "2021-11-29T11:01:43", "id": 532 }, "geometry": { "type": "Point", "coordinates": [ 136.919325, 35.549488888888888 ] } },
{ "type": "Feature", "properties": { "Name": "R0010832.JPG", "Date": "2021-10-14", "Time": "14:43:05", "North": "", "Azimuth": null, "Cam. Maker": "RICOH                ", "Cam. Model": "RICOH THETA SC     , ... ]", "Timestamp": "2021-10-14T14:43:05", "id": 533 }, "geometry": { "type": "Point", "coordinates": [ 136.921416666666659, 35.55405 ] } },
{ "type": "Feature", "properties": { "Name": "R0010826.JPG", "Date": "2021-10-14", "Time": "14:39:12", "North": "", "Azimuth": null, "Cam. Maker": "RICOH                ", "Cam. Model": "RICOH THETA SC     , ... ]", "Timestamp": "2021-10-14T14:39:12", "id": 534 }, "geometry": { "type": "Point", "coordinates": [ 136.921991666666656, 35.555038888888888 ] } },
{ "type": "Feature", "properties": { "Name": "R0010198.JPG", "Date": "2020-04-15", "Time": "10:48:59", "North": "", "Azimuth": null, "Cam. Maker": "RICOH                ", "Cam. Model": "RICOH THETA SC     , ... ]", "Timestamp": "2020-04-15T10:48:59", "id": 535 }, "geometry": { "type": "Point", "coordinates": [ 136.923683333333344, 35.550716666666666 ] } },
{ "type": "Feature", "properties": { "Name": "R0011286.JPG", "Date": "2021-11-29", "Time": "11:00:25", "North": "", "Azimuth": null, "Cam. Maker": "RICOH                ", "Cam. Model": "RICOH THETA SC     , ... ]", "Timestamp": "2021-11-29T11:00:25", "id": 536 }, "geometry": { "type": "Point", "coordinates": [ 136.919066666666652, 35.5495 ] } },
{ "type": "Feature", "properties": { "Name": "R0011053.JPG", "Date": "2021-10-19", "Time": "10:30:26", "North": "", "Azimuth": null, "Cam. Maker": "RICOH                ", "Cam. Model": "RICOH THETA SC     , ... ]", "Timestamp": "2021-10-19T10:30:26", "id": 537 }, "geometry": { "type": "Point", "coordinates": [ 136.920583333333326, 35.55145 ] } },
{ "type": "Feature", "properties": { "Name": "R0010359.JPG", "Date": "2020-04-15", "Time": "11:52:35", "North": "", "Azimuth": null, "Cam. Maker": "RICOH                ", "Cam. Model": "RICOH THETA SC     , ... ]", "Timestamp": "2020-04-15T11:52:35", "id": 538 }, "geometry": { "type": "Point", "coordinates": [ 136.922283333333326, 35.550283333333333 ] } },
{ "type": "Feature", "properties": { "Name": "R0011047.JPG", "Date": "2021-10-19", "Time": "10:16:35", "North": "", "Azimuth": null, "Cam. Maker": "RICOH                ", "Cam. Model": "RICOH THETA SC     , ... ]", "Timestamp": "2021-10-19T10:16:35", "id": 539 }, "geometry": { "type": "Point", "coordinates": [ 136.921886111111093, 35.55267222222222 ] } },
{ "type": "Feature", "properties": { "Name": "R0010417.JPG", "Date": "2021-10-06", "Time": "10:15:56", "North": "", "Azimuth": null, "Cam. Maker": "RICOH                ", "Cam. Model": "RICOH THETA SC     , ... ]", "Timestamp": "2021-10-06T10:15:56", "id": 540 }, "geometry": { "type": "Point", "coordinates": [ 136.926816666666667, 35.5517 ] } },
{ "type": "Feature", "properties": { "Name": "R0010371.JPG", "Date": "2021-10-06", "Time": "09:48:12", "North": "", "Azimuth": null, "Cam. Maker": "RICOH                ", "Cam. Model": "RICOH THETA SC     , ... ]", "Timestamp": "2021-10-06T09:48:12", "id": 541 }, "geometry": { "type": "Point", "coordinates": [ 136.923166666666646, 35.554616666666661 ] } },
{ "type": "Feature", "properties": { "Name": "R0010365.JPG", "Date": "2021-10-06", "Time": "09:45:45", "North": "", "Azimuth": null, "Cam. Maker": "RICOH                ", "Cam. Model": "RICOH THETA SC     , ... ]", "Timestamp": "2021-10-06T09:45:45", "id": 542 }, "geometry": { "type": "Point", "coordinates": [ 136.922766666666661, 35.555016666666667 ] } },
{ "type": "Feature", "properties": { "Name": "R0010403.JPG", "Date": "2021-10-06", "Time": "10:07:42", "North": "", "Azimuth": null, "Cam. Maker": "RICOH                ", "Cam. Model": "RICOH THETA SC     , ... ]", "Timestamp": "2021-10-06T10:07:42", "id": 543 }, "geometry": { "type": "Point", "coordinates": [ 136.925791666666669, 35.552236111111107 ] } },
{ "type": "Feature", "properties": { "Name": "R0011090.JPG", "Date": "2021-10-19", "Time": "11:08:08", "North": "", "Azimuth": null, "Cam. Maker": "RICOH                ", "Cam. Model": "RICOH THETA SC     , ... ]", "Timestamp": "2021-10-19T11:08:08", "id": 544 }, "geometry": { "type": "Point", "coordinates": [ 136.9231972222222, 35.555552777777777 ] } },
{ "type": "Feature", "properties": { "Name": "R0011084.JPG", "Date": "2021-10-19", "Time": "10:38:42", "North": "", "Azimuth": null, "Cam. Maker": "RICOH                ", "Cam. Model": "RICOH THETA SC     , ... ]", "Timestamp": "2021-10-19T10:38:42", "id": 545 }, "geometry": { "type": "Point", "coordinates": [ 136.92215, 35.553433333333331 ] } },
{ "type": "Feature", "properties": { "Name": "R0011127.JPG", "Date": "2021-10-19", "Time": "11:26:35", "North": "", "Azimuth": null, "Cam. Maker": "RICOH                ", "Cam. Model": "RICOH THETA SC     , ... ]", "Timestamp": "2021-10-19T11:26:35", "id": 546 }, "geometry": { "type": "Point", "coordinates": [ 136.922402777777762, 35.555433333333333 ] } },
{ "type": "Feature", "properties": { "Name": "R0010239.JPG", "Date": "2020-04-15", "Time": "10:59:44", "North": "", "Azimuth": null, "Cam. Maker": "RICOH                ", "Cam. Model": "RICOH THETA SC     , ... ]", "Timestamp": "2020-04-15T10:59:44", "id": 547 }, "geometry": { "type": "Point", "coordinates": [ 136.92143333333334, 35.55081666666667 ] } },
{ "type": "Feature", "properties": { "Name": "R0011133.JPG", "Date": "2021-10-19", "Time": "11:29:29", "North": "", "Azimuth": null, "Cam. Maker": "RICOH                ", "Cam. Model": "RICOH THETA SC     , ... ]", "Timestamp": "2021-10-19T11:29:29", "id": 548 }, "geometry": { "type": "Point", "coordinates": [ 136.922366666666647, 35.556 ] } },
{ "type": "Feature", "properties": { "Name": "R0010563.JPG", "Date": "2021-10-11", "Time": "15:13:44", "North": "", "Azimuth": null, "Cam. Maker": "RICOH                ", "Cam. Model": "RICOH THETA SC     , ... ]", "Timestamp": "2021-10-11T15:13:44", "id": 549 }, "geometry": { "type": "Point", "coordinates": [ 136.9253, 35.550933333333333 ] } },
{ "type": "Feature", "properties": { "Name": "R0010205.JPG", "Date": "2020-04-15", "Time": "10:51:12", "North": "", "Azimuth": null, "Cam. Maker": "RICOH                ", "Cam. Model": "RICOH THETA SC     , ... ]", "Timestamp": "2020-04-15T10:51:12", "id": 550 }, "geometry": { "type": "Point", "coordinates": [ 136.92313333333334, 35.55085 ] } },
{ "type": "Feature", "properties": { "Name": "R0010211.JPG", "Date": "2020-04-15", "Time": "10:52:27", "North": "", "Azimuth": null, "Cam. Maker": "RICOH                ", "Cam. Model": "RICOH THETA SC     , ... ]", "Timestamp": "2020-04-15T10:52:27", "id": 551 }, "geometry": { "type": "Point", "coordinates": [ 136.922816666666677, 35.55105 ] } },
{ "type": "Feature", "properties": { "Name": "R0010577.JPG", "Date": "2021-10-11", "Time": "15:17:27", "North": "", "Azimuth": null, "Cam. Maker": "RICOH                ", "Cam. Model": "RICOH THETA SC     , ... ]", "Timestamp": "2021-10-11T15:17:27", "id": 552 }, "geometry": { "type": "Point", "coordinates": [ 136.925472222222226, 35.549855555555553 ] } },
{ "type": "Feature", "properties": { "Name": "R0010588.JPG", "Date": "2021-10-11", "Time": "15:20:23", "North": "", "Azimuth": null, "Cam. Maker": "RICOH                ", "Cam. Model": "RICOH THETA SC     , ... ]", "Timestamp": "2021-10-11T15:20:23", "id": 553 }, "geometry": { "type": "Point", "coordinates": [ 136.9248, 35.549266666666668 ] } },
{ "type": "Feature", "properties": { "Name": "R0011325.JPG", "Date": "2021-11-29", "Time": "11:13:06", "North": "", "Azimuth": null, "Cam. Maker": "RICOH                ", "Cam. Model": "RICOH THETA SC     , ... ]", "Timestamp": "2021-11-29T11:13:06", "id": 554 }, "geometry": { "type": "Point", "coordinates": [ 136.920727777777756, 35.54805833333333 ] } },
{ "type": "Feature", "properties": { "Name": "R0010985.JPG", "Date": "2021-10-14", "Time": "16:01:24", "North": "", "Azimuth": null, "Cam. Maker": "RICOH                ", "Cam. Model": "RICOH THETA SC     , ... ]", "Timestamp": "2021-10-14T16:01:24", "id": 555 }, "geometry": { "type": "Point", "coordinates": [ 136.921216666666652, 35.552233333333334 ] } },
{ "type": "Feature", "properties": { "Name": "R0011443.JPG", "Date": "2021-11-29", "Time": "12:40:29", "North": "", "Azimuth": null, "Cam. Maker": "RICOH                ", "Cam. Model": "RICOH THETA SC     , ... ]", "Timestamp": "2021-11-29T12:40:29", "id": 556 }, "geometry": { "type": "Point", "coordinates": [ 136.92298333333332, 35.55455 ] } },
{ "type": "Feature", "properties": { "Name": "R0010991.JPG", "Date": "2021-10-14", "Time": "16:03:08", "North": "", "Azimuth": null, "Cam. Maker": "RICOH                ", "Cam. Model": "RICOH THETA SC     , ... ]", "Timestamp": "2021-10-14T16:03:08", "id": 557 }, "geometry": { "type": "Point", "coordinates": [ 136.92165277777778, 35.551861111111108 ] } },
{ "type": "Feature", "properties": { "Name": "R0011457.JPG", "Date": "2022-01-27", "Time": "15:55:56", "North": "", "Azimuth": null, "Cam. Maker": "RICOH                ", "Cam. Model": "RICOH THETA SC     , ... ]", "Timestamp": "2022-01-27T15:55:56", "id": 558 }, "geometry": { "type": "Point", "coordinates": [ 136.918211111111106, 35.554772222222219 ] } },
{ "type": "Feature", "properties": { "Name": "R0010749.JPG", "Date": "2021-10-11", "Time": "16:26:27", "North": "", "Azimuth": null, "Cam. Maker": "RICOH                ", "Cam. Model": "RICOH THETA SC     , ... ]", "Timestamp": "2021-10-11T16:26:27", "id": 559 }, "geometry": { "type": "Point", "coordinates": [ 136.923122222222219, 35.5529 ] } },
{ "type": "Feature", "properties": { "Name": "R0011331.JPG", "Date": "2021-11-29", "Time": "11:16:21", "North": "", "Azimuth": null, "Cam. Maker": "RICOH                ", "Cam. Model": "RICOH THETA SC     , ... ]", "Timestamp": "2021-11-29T11:16:21", "id": 560 }, "geometry": { "type": "Point", "coordinates": [ 136.921083333333314, 35.548016666666662 ] } },
{ "type": "Feature", "properties": { "Name": "R0011319.JPG", "Date": "2021-11-29", "Time": "11:11:43", "North": "", "Azimuth": null, "Cam. Maker": "RICOH                ", "Cam. Model": "RICOH THETA SC     , ... ]", "Timestamp": "2021-11-29T11:11:43", "id": 561 }, "geometry": { "type": "Point", "coordinates": [ 136.92009166666665, 35.548472222222223 ] } },
{ "type": "Feature", "properties": { "Name": "R0010761.JPG", "Date": "2021-10-14", "Time": "14:13:37", "North": "", "Azimuth": null, "Cam. Maker": "RICOH                ", "Cam. Model": "RICOH THETA SC     , ... ]", "Timestamp": "2021-10-14T14:13:37", "id": 562 }, "geometry": { "type": "Point", "coordinates": [ 136.920622222222221, 35.55374444444444 ] } },
{ "type": "Feature", "properties": { "Name": "R0010775.JPG", "Date": "2021-10-14", "Time": "14:19:26", "North": "", "Azimuth": null, "Cam. Maker": "RICOH                ", "Cam. Model": "RICOH THETA SC     , ... ]", "Timestamp": "2021-10-14T14:19:26", "id": 563 }, "geometry": { "type": "Point", "coordinates": [ 136.920866666666655, 35.55355 ] } },
{ "type": "Feature", "properties": { "Name": "R0010946.JPG", "Date": "2021-10-14", "Time": "15:35:40", "North": "", "Azimuth": null, "Cam. Maker": "RICOH                ", "Cam. Model": "RICOH THETA SC     , ... ]", "Timestamp": "2021-10-14T15:35:40", "id": 564 }, "geometry": { "type": "Point", "coordinates": [ 136.923583333333312, 35.551816666666667 ] } },
{ "type": "Feature", "properties": { "Name": "R0010952.JPG", "Date": "2021-10-14", "Time": "15:37:13", "North": "", "Azimuth": null, "Cam. Maker": "RICOH                ", "Cam. Model": "RICOH THETA SC     , ... ]", "Timestamp": "2021-10-14T15:37:13", "id": 565 }, "geometry": { "type": "Point", "coordinates": [ 136.9239, 35.551475 ] } },
{ "type": "Feature", "properties": { "Name": "R0010953.JPG", "Date": "2021-10-14", "Time": "15:37:24", "North": "", "Azimuth": null, "Cam. Maker": "RICOH                ", "Cam. Model": "RICOH THETA SC     , ... ]", "Timestamp": "2021-10-14T15:37:24", "id": 566 }, "geometry": { "type": "Point", "coordinates": [ 136.92395, 35.551416666666661 ] } },
{ "type": "Feature", "properties": { "Name": "R0010947.JPG", "Date": "2021-10-14", "Time": "15:35:54", "North": "", "Azimuth": null, "Cam. Maker": "RICOH                ", "Cam. Model": "RICOH THETA SC     , ... ]", "Timestamp": "2021-10-14T15:35:54", "id": 567 }, "geometry": { "type": "Point", "coordinates": [ 136.923616666666646, 35.551766666666666 ] } },
{ "type": "Feature", "properties": { "Name": "R0010774.JPG", "Date": "2021-10-14", "Time": "14:18:29", "North": "", "Azimuth": null, "Cam. Maker": "RICOH                ", "Cam. Model": "RICOH THETA SC     , ... ]", "Timestamp": "2021-10-14T14:18:29", "id": 568 }, "geometry": { "type": "Point", "coordinates": [ 136.920838888888881, 35.553252777777772 ] } },
{ "type": "Feature", "properties": { "Name": "R0011318.JPG", "Date": "2021-11-29", "Time": "11:11:28", "North": "", "Azimuth": null, "Cam. Maker": "RICOH                ", "Cam. Model": "RICOH THETA SC     , ... ]", "Timestamp": "2021-11-29T11:11:28", "id": 569 }, "geometry": { "type": "Point", "coordinates": [ 136.920022222222201, 35.548555555555552 ] } },
{ "type": "Feature", "properties": { "Name": "R0010760.JPG", "Date": "2021-10-14", "Time": "14:13:23", "North": "", "Azimuth": null, "Cam. Maker": "RICOH                ", "Cam. Model": "RICOH THETA SC     , ... ]", "Timestamp": "2021-10-14T14:13:23", "id": 570 }, "geometry": { "type": "Point", "coordinates": [ 136.92053611111109, 35.553766666666661 ] } },
{ "type": "Feature", "properties": { "Name": "R0010748.JPG", "Date": "2021-10-11", "Time": "16:26:16", "North": "", "Azimuth": null, "Cam. Maker": "RICOH                ", "Cam. Model": "RICOH THETA SC     , ... ]", "Timestamp": "2021-10-11T16:26:16", "id": 571 }, "geometry": { "type": "Point", "coordinates": [ 136.92305833333333, 35.552919444444441 ] } },
{ "type": "Feature", "properties": { "Name": "R0011456.JPG", "Date": "2022-01-27", "Time": "15:54:23", "North": "", "Azimuth": null, "Cam. Maker": "RICOH                ", "Cam. Model": "RICOH THETA SC     , ... ]", "Timestamp": "2022-01-27T15:54:23", "id": 572 }, "geometry": { "type": "Point", "coordinates": [ 136.918430555555545, 35.554230555555556 ] } },
{ "type": "Feature", "properties": { "Name": "R0010990.JPG", "Date": "2021-10-14", "Time": "16:02:55", "North": "", "Azimuth": null, "Cam. Maker": "RICOH                ", "Cam. Model": "RICOH THETA SC     , ... ]", "Timestamp": "2021-10-14T16:02:55", "id": 573 }, "geometry": { "type": "Point", "coordinates": [ 136.92156944444443, 35.551952777777778 ] } },
{ "type": "Feature", "properties": { "Name": "R0011330.JPG", "Date": "2021-11-29", "Time": "11:16:07", "North": "", "Azimuth": null, "Cam. Maker": "RICOH                ", "Cam. Model": "RICOH THETA SC     , ... ]", "Timestamp": "2021-11-29T11:16:07", "id": 574 }, "geometry": { "type": "Point", "coordinates": [ 136.921166666666664, 35.547983333333335 ] } },
{ "type": "Feature", "properties": { "Name": "R0011324.JPG", "Date": "2021-11-29", "Time": "11:12:51", "North": "", "Azimuth": null, "Cam. Maker": "RICOH                ", "Cam. Model": "RICOH THETA SC     , ... ]", "Timestamp": "2021-11-29T11:12:51", "id": 575 }, "geometry": { "type": "Point", "coordinates": [ 136.920594444444447, 35.548105555555551 ] } },
{ "type": "Feature", "properties": { "Name": "R0011442.JPG", "Date": "2021-11-29", "Time": "12:39:42", "North": "", "Azimuth": null, "Cam. Maker": "RICOH                ", "Cam. Model": "RICOH THETA SC     , ... ]", "Timestamp": "2021-11-29T12:39:42", "id": 576 }, "geometry": { "type": "Point", "coordinates": [ 136.92295, 35.554466666666663 ] } },
{ "type": "Feature", "properties": { "Name": "R0010984.JPG", "Date": "2021-10-14", "Time": "16:01:07", "North": "", "Azimuth": null, "Cam. Maker": "RICOH                ", "Cam. Model": "RICOH THETA SC     , ... ]", "Timestamp": "2021-10-14T16:01:07", "id": 577 }, "geometry": { "type": "Point", "coordinates": [ 136.921365866282741, 35.552214550477274 ] } },
{ "type": "Feature", "properties": { "Name": "R0010589.JPG", "Date": "2021-10-11", "Time": "15:20:35", "North": "", "Azimuth": null, "Cam. Maker": "RICOH                ", "Cam. Model": "RICOH THETA SC     , ... ]", "Timestamp": "2021-10-11T15:20:35", "id": 578 }, "geometry": { "type": "Point", "coordinates": [ 136.9248, 35.549183333333332 ] } },
{ "type": "Feature", "properties": { "Name": "R0010210.JPG", "Date": "2020-04-15", "Time": "10:52:14", "North": "", "Azimuth": null, "Cam. Maker": "RICOH                ", "Cam. Model": "RICOH THETA SC     , ... ]", "Timestamp": "2020-04-15T10:52:14", "id": 579 }, "geometry": { "type": "Point", "coordinates": [ 136.92285, 35.551033333333336 ] } },
{ "type": "Feature", "properties": { "Name": "R0010576.JPG", "Date": "2021-10-11", "Time": "15:17:04", "North": "", "Azimuth": null, "Cam. Maker": "RICOH                ", "Cam. Model": "RICOH THETA SC     , ... ]", "Timestamp": "2021-10-11T15:17:04", "id": 580 }, "geometry": { "type": "Point", "coordinates": [ 136.925519444444433, 35.549922222222222 ] } },
{ "type": "Feature", "properties": { "Name": "R0010562.JPG", "Date": "2021-10-11", "Time": "15:13:31", "North": "", "Azimuth": null, "Cam. Maker": "RICOH                ", "Cam. Model": "RICOH THETA SC     , ... ]", "Timestamp": "2021-10-11T15:13:31", "id": 581 }, "geometry": { "type": "Point", "coordinates": [ 136.925216666666671, 35.551 ] } },
{ "type": "Feature", "properties": { "Name": "R0010204.JPG", "Date": "2020-04-15", "Time": "10:50:59", "North": "", "Azimuth": null, "Cam. Maker": "RICOH                ", "Cam. Model": "RICOH THETA SC     , ... ]", "Timestamp": "2020-04-15T10:50:59", "id": 582 }, "geometry": { "type": "Point", "coordinates": [ 136.9232, 35.5508 ] } },
{ "type": "Feature", "properties": { "Name": "R0011132.JPG", "Date": "2021-10-19", "Time": "11:29:15", "North": "", "Azimuth": null, "Cam. Maker": "RICOH                ", "Cam. Model": "RICOH THETA SC     , ... ]", "Timestamp": "2021-10-19T11:29:15", "id": 583 }, "geometry": { "type": "Point", "coordinates": [ 136.922266666666644, 35.556066666666666 ] } },
{ "type": "Feature", "properties": { "Name": "R0010238.JPG", "Date": "2020-04-15", "Time": "10:59:34", "North": "", "Azimuth": null, "Cam. Maker": "RICOH                ", "Cam. Model": "RICOH THETA SC     , ... ]", "Timestamp": "2020-04-15T10:59:34", "id": 584 }, "geometry": { "type": "Point", "coordinates": [ 136.921333333333337, 35.550866666666664 ] } },
{ "type": "Feature", "properties": { "Name": "R0011126.JPG", "Date": "2021-10-19", "Time": "11:26:23", "North": "", "Azimuth": null, "Cam. Maker": "RICOH                ", "Cam. Model": "RICOH THETA SC     , ... ]", "Timestamp": "2021-10-19T11:26:23", "id": 585 }, "geometry": { "type": "Point", "coordinates": [ 136.922430555555536, 35.555533333333329 ] } },
{ "type": "Feature", "properties": { "Name": "R0011085.JPG", "Date": "2021-10-19", "Time": "10:38:56", "North": "", "Azimuth": null, "Cam. Maker": "RICOH                ", "Cam. Model": "RICOH THETA SC     , ... ]", "Timestamp": "2021-10-19T10:38:56", "id": 586 }, "geometry": { "type": "Point", "coordinates": [ 136.922291666666666, 35.553461111111105 ] } },
{ "type": "Feature", "properties": { "Name": "R0011091.JPG", "Date": "2021-10-19", "Time": "11:08:18", "North": "", "Azimuth": null, "Cam. Maker": "RICOH                ", "Cam. Model": "RICOH THETA SC     , ... ]", "Timestamp": "2021-10-19T11:08:18", "id": 587 }, "geometry": { "type": "Point", "coordinates": [ 136.923216666666661, 35.5556 ] } },
{ "type": "Feature", "properties": { "Name": "R0010402.JPG", "Date": "2021-10-06", "Time": "10:07:14", "North": "", "Azimuth": null, "Cam. Maker": "RICOH                ", "Cam. Model": "RICOH THETA SC     , ... ]", "Timestamp": "2021-10-06T10:07:14", "id": 588 }, "geometry": { "type": "Point", "coordinates": [ 136.925683333333325, 35.552283333333328 ] } },
{ "type": "Feature", "properties": { "Name": "R0010416.JPG", "Date": "2021-10-06", "Time": "10:15:35", "North": "", "Azimuth": null, "Cam. Maker": "RICOH                ", "Cam. Model": "RICOH THETA SC     , ... ]", "Timestamp": "2021-10-06T10:15:35", "id": 589 }, "geometry": { "type": "Point", "coordinates": [ 136.926766666666651, 35.551733333333331 ] } },
{ "type": "Feature", "properties": { "Name": "R0010370.JPG", "Date": "2021-10-06", "Time": "09:47:26", "North": "", "Azimuth": null, "Cam. Maker": "RICOH                ", "Cam. Model": "RICOH THETA SC     , ... ]", "Timestamp": "2021-10-06T09:47:26", "id": 590 }, "geometry": { "type": "Point", "coordinates": [ 136.923113888888878, 35.554694444444443 ] } },
{ "type": "Feature", "properties": { "Name": "R0011046.JPG", "Date": "2021-10-19", "Time": "10:16:23", "North": "", "Azimuth": null, "Cam. Maker": "RICOH                ", "Cam. Model": "RICOH THETA SC     , ... ]", "Timestamp": "2021-10-19T10:16:23", "id": 591 }, "geometry": { "type": "Point", "coordinates": [ 136.921816666666643, 35.55265 ] } },
{ "type": "Feature", "properties": { "Name": "R0010358.JPG", "Date": "2020-04-15", "Time": "11:52:13", "North": "", "Azimuth": null, "Cam. Maker": "RICOH                ", "Cam. Model": "RICOH THETA SC     , ... ]", "Timestamp": "2020-04-15T11:52:13", "id": 592 }, "geometry": { "type": "Point", "coordinates": [ 136.922383333333329, 35.55015 ] } },
{ "type": "Feature", "properties": { "Name": "R0011052.JPG", "Date": "2021-10-19", "Time": "10:30:13", "North": "", "Azimuth": null, "Cam. Maker": "RICOH                ", "Cam. Model": "RICOH THETA SC     , ... ]", "Timestamp": "2021-10-19T10:30:13", "id": 593 }, "geometry": { "type": "Point", "coordinates": [ 136.920716666666664, 35.551416666666661 ] } },
{ "type": "Feature", "properties": { "Name": "R0010827.JPG", "Date": "2021-10-14", "Time": "14:42:02", "North": "", "Azimuth": null, "Cam. Maker": "RICOH                ", "Cam. Model": "RICOH THETA SC     , ... ]", "Timestamp": "2021-10-14T14:42:02", "id": 594 }, "geometry": { "type": "Point", "coordinates": [ 136.9211, 35.554266666666663 ] } },
{ "type": "Feature", "properties": { "Name": "R0011287.JPG", "Date": "2021-11-29", "Time": "11:00:40", "North": "", "Azimuth": null, "Cam. Maker": "RICOH                ", "Cam. Model": "RICOH THETA SC     , ... ]", "Timestamp": "2021-11-29T11:00:40", "id": 595 }, "geometry": { "type": "Point", "coordinates": [ 136.91905, 35.549416666666666 ] } },
{ "type": "Feature", "properties": { "Name": "R0010199.JPG", "Date": "2020-04-15", "Time": "10:49:21", "North": "", "Azimuth": null, "Cam. Maker": "RICOH                ", "Cam. Model": "RICOH THETA SC     , ... ]", "Timestamp": "2020-04-15T10:49:21", "id": 596 }, "geometry": { "type": "Point", "coordinates": [ 136.923533333333324, 35.5507 ] } },
{ "type": "Feature", "properties": { "Name": "R0011293.JPG", "Date": "2021-11-29", "Time": "11:01:59", "North": "", "Azimuth": null, "Cam. Maker": "RICOH                ", "Cam. Model": "RICOH THETA SC     , ... ]", "Timestamp": "2021-11-29T11:01:59", "id": 597 }, "geometry": { "type": "Point", "coordinates": [ 136.919461111111104, 35.549575 ] } },
{ "type": "Feature", "properties": { "Name": "R0010833.JPG", "Date": "2021-10-14", "Time": "14:43:19", "North": "", "Azimuth": null, "Cam. Maker": "RICOH                ", "Cam. Model": "RICOH THETA SC     , ... ]", "Timestamp": "2021-10-14T14:43:19", "id": 598 }, "geometry": { "type": "Point", "coordinates": [ 136.921466666666646, 35.553983333333328 ] } },
{ "type": "Feature", "properties": { "Name": "R0010600.JPG", "Date": "2021-10-11", "Time": "15:24:10", "North": "", "Azimuth": null, "Cam. Maker": "RICOH                ", "Cam. Model": "RICOH THETA SC     , ... ]", "Timestamp": "2021-10-11T15:24:10", "id": 599 }, "geometry": { "type": "Point", "coordinates": [ 136.924366666666657, 35.548602777777774 ] } },
{ "type": "Feature", "properties": { "Name": "R0010166.JPG", "Date": "2020-04-15", "Time": "10:38:36", "North": "", "Azimuth": null, "Cam. Maker": "RICOH                ", "Cam. Model": "RICOH THETA SC     , ... ]", "Timestamp": "2020-04-15T10:38:36", "id": 600 }, "geometry": { "type": "Point", "coordinates": [ 136.9243, 35.549866666666667 ] } },
{ "type": "Feature", "properties": { "Name": "R0011278.JPG", "Date": "2021-11-29", "Time": "10:42:58", "North": "", "Azimuth": null, "Cam. Maker": "RICOH                ", "Cam. Model": "RICOH THETA SC     , ... ]", "Timestamp": "2021-11-29T10:42:58", "id": 601 }, "geometry": { "type": "Point", "coordinates": [ 136.921816666666643, 35.550183333333329 ] } },
{ "type": "Feature", "properties": { "Name": "R0010172.JPG", "Date": "2020-04-15", "Time": "10:41:00", "North": "", "Azimuth": null, "Cam. Maker": "RICOH                ", "Cam. Model": "RICOH THETA SC     , ... ]", "Timestamp": "2020-04-15T10:41:00", "id": 602 }, "geometry": { "type": "Point", "coordinates": [ 136.924783333333323, 35.550066666666666 ] } },
{ "type": "Feature", "properties": { "Name": "R0010614.JPG", "Date": "2021-10-11", "Time": "15:27:47", "North": "", "Azimuth": null, "Cam. Maker": "RICOH                ", "Cam. Model": "RICOH THETA SC     , ... ]", "Timestamp": "2021-10-11T15:27:47", "id": 603 }, "geometry": { "type": "Point", "coordinates": [ 136.925016666666664, 35.54825 ] } },
{ "type": "Feature", "properties": { "Name": "R0011244.JPG", "Date": "2021-11-25", "Time": "12:01:38", "North": "", "Azimuth": null, "Cam. Maker": "RICOH                ", "Cam. Model": "RICOH THETA SC     , ... ]", "Timestamp": "2021-11-25T12:01:38", "id": 604 }, "geometry": { "type": "Point", "coordinates": [ 136.9219, 35.550716666666666 ] } },
{ "type": "Feature", "properties": { "Name": "R0011250.JPG", "Date": "2021-11-25", "Time": "12:03:04", "North": "", "Azimuth": null, "Cam. Maker": "RICOH                ", "Cam. Model": "RICOH THETA SC     , ... ]", "Timestamp": "2021-11-25T12:03:04", "id": 605 }, "geometry": { "type": "Point", "coordinates": [ 136.922516666666667, 35.550783333333328 ] } },
{ "type": "Feature", "properties": { "Name": "R0010628.JPG", "Date": "2021-10-11", "Time": "15:39:20", "North": "", "Azimuth": null, "Cam. Maker": "RICOH                ", "Cam. Model": "RICOH THETA SC     , ... ]", "Timestamp": "2021-10-11T15:39:20", "id": 606 }, "geometry": { "type": "Point", "coordinates": [ 136.925008333333324, 35.549313888888889 ] } },
{ "type": "Feature", "properties": { "Name": "R0011246.JPG", "Date": "2021-11-25", "Time": "12:02:05", "North": "", "Azimuth": null, "Cam. Maker": "RICOH                ", "Cam. Model": "RICOH THETA SC     , ... ]", "Timestamp": "2021-11-25T12:02:05", "id": 607 }, "geometry": { "type": "Point", "coordinates": [ 136.9221, 35.55075 ] } },
{ "type": "Feature", "properties": { "Name": "R0010158.JPG", "Date": "2020-04-15", "Time": "10:35:45", "North": "", "Azimuth": null, "Cam. Maker": "RICOH                ", "Cam. Model": "RICOH THETA SC     , ... ]", "Timestamp": "2020-04-15T10:35:45", "id": 608 }, "geometry": { "type": "Point", "coordinates": [ 136.924083333333328, 35.549466666666667 ] } },
{ "type": "Feature", "properties": { "Name": "R0011252.JPG", "Date": "2021-11-25", "Time": "12:08:32", "North": "", "Azimuth": null, "Cam. Maker": "RICOH                ", "Cam. Model": "RICOH THETA SC     , ... ]", "Timestamp": "2021-11-25T12:08:32", "id": 609 }, "geometry": { "type": "Point", "coordinates": [ 136.921716666666669, 35.550383333333329 ] } },
{ "type": "Feature", "properties": { "Name": "R0010164.JPG", "Date": "2020-04-15", "Time": "10:38:08", "North": "", "Azimuth": null, "Cam. Maker": "RICOH                ", "Cam. Model": "RICOH THETA SC     , ... ]", "Timestamp": "2020-04-15T10:38:08", "id": 610 }, "geometry": { "type": "Point", "coordinates": [ 136.9241, 35.549816666666665 ] } },
{ "type": "Feature", "properties": { "Name": "R0010602.JPG", "Date": "2021-10-11", "Time": "15:24:44", "North": "", "Azimuth": null, "Cam. Maker": "RICOH                ", "Cam. Model": "RICOH THETA SC     , ... ]", "Timestamp": "2021-10-11T15:24:44", "id": 611 }, "geometry": { "type": "Point", "coordinates": [ 136.924533333333329, 35.548566666666666 ] } },
{ "type": "Feature", "properties": { "Name": "R0010616.JPG", "Date": "2021-10-11", "Time": "15:36:11", "North": "", "Azimuth": null, "Cam. Maker": "RICOH                ", "Cam. Model": "RICOH THETA SC     , ... ]", "Timestamp": "2021-10-11T15:36:11", "id": 612 }, "geometry": { "type": "Point", "coordinates": [ 136.925444444444423, 35.548802777777773 ] } },
{ "type": "Feature", "properties": { "Name": "R0010170.JPG", "Date": "2020-04-15", "Time": "10:39:43", "North": "", "Azimuth": null, "Cam. Maker": "RICOH                ", "Cam. Model": "RICOH THETA SC     , ... ]", "Timestamp": "2020-04-15T10:39:43", "id": 613 }, "geometry": { "type": "Point", "coordinates": [ 136.924733333333336, 35.549933333333335 ] } },
{ "type": "Feature", "properties": { "Name": "R0011285.JPG", "Date": "2021-11-29", "Time": "11:00:11", "North": "", "Azimuth": null, "Cam. Maker": "RICOH                ", "Cam. Model": "RICOH THETA SC     , ... ]", "Timestamp": "2021-11-29T11:00:11", "id": 614 }, "geometry": { "type": "Point", "coordinates": [ 136.9192, 35.549583333333331 ] } },
{ "type": "Feature", "properties": { "Name": "R0010825.JPG", "Date": "2021-10-14", "Time": "14:38:56", "North": "", "Azimuth": null, "Cam. Maker": "RICOH                ", "Cam. Model": "RICOH THETA SC     , ... ]", "Timestamp": "2021-10-14T14:38:56", "id": 615 }, "geometry": { "type": "Point", "coordinates": [ 136.922058333333325, 35.555091666666662 ] } },
{ "type": "Feature", "properties": { "Name": "R0010831.JPG", "Date": "2021-10-14", "Time": "14:42:53", "North": "", "Azimuth": null, "Cam. Maker": "RICOH                ", "Cam. Model": "RICOH THETA SC     , ... ]", "Timestamp": "2021-10-14T14:42:53", "id": 616 }, "geometry": { "type": "Point", "coordinates": [ 136.921333333333337, 35.5541 ] } },
{ "type": "Feature", "properties": { "Name": "R0011291.JPG", "Date": "2021-11-29", "Time": "11:01:29", "North": "", "Azimuth": null, "Cam. Maker": "RICOH                ", "Cam. Model": "RICOH THETA SC     , ... ]", "Timestamp": "2021-11-29T11:01:29", "id": 617 }, "geometry": { "type": "Point", "coordinates": [ 136.919222222222203, 35.549427777777773 ] } },
{ "type": "Feature", "properties": { "Name": "R0010819.JPG", "Date": "2021-10-14", "Time": "14:34:13", "North": "", "Azimuth": null, "Cam. Maker": "RICOH                ", "Cam. Model": "RICOH THETA SC     , ... ]", "Timestamp": "2021-10-14T14:34:13", "id": 618 }, "geometry": { "type": "Point", "coordinates": [ 136.92205, 35.555166666666665 ] } },
{ "type": "Feature", "properties": { "Name": "R0011044.JPG", "Date": "2021-10-19", "Time": "10:15:58", "North": "", "Azimuth": null, "Cam. Maker": "RICOH                ", "Cam. Model": "RICOH THETA SC     , ... ]", "Timestamp": "2021-10-19T10:15:58", "id": 619 }, "geometry": { "type": "Point", "coordinates": [ 136.921713888888888, 35.552575 ] } },
{ "type": "Feature", "properties": { "Name": "R0011050.JPG", "Date": "2021-10-19", "Time": "10:29:48", "North": "", "Azimuth": null, "Cam. Maker": "RICOH                ", "Cam. Model": "RICOH THETA SC     , ... ]", "Timestamp": "2021-10-19T10:29:48", "id": 620 }, "geometry": { "type": "Point", "coordinates": [ 136.9209, 35.551233333333329 ] } },
{ "type": "Feature", "properties": { "Name": "R0010428.JPG", "Date": "2021-10-06", "Time": "12:34:03", "North": "", "Azimuth": null, "Cam. Maker": "RICOH                ", "Cam. Model": "RICOH THETA SC     , ... ]", "Timestamp": "2021-10-06T12:34:03", "id": 621 }, "geometry": { "type": "Point", "coordinates": [ 136.926663888888868, 35.550552777777774 ] } },
{ "type": "Feature", "properties": { "Name": "R0010400.JPG", "Date": "2021-10-06", "Time": "10:06:29", "North": "", "Azimuth": null, "Cam. Maker": "RICOH                ", "Cam. Model": "RICOH THETA SC     , ... ]", "Timestamp": "2021-10-06T10:06:29", "id": 622 }, "geometry": { "type": "Point", "coordinates": [ 136.925508333333312, 35.552352777777777 ] } },
{ "type": "Feature", "properties": { "Name": "morinokote-zi.JPG", "Date": "2021-11-29", "Time": "10:16:54", "North": "", "Azimuth": null, "Cam. Maker": "RICOH                ", "Cam. Model": "RICOH THETA SC     , ... ]", "Timestamp": "2021-11-29T10:16:54", "id": 623 }, "geometry": { "type": "Point", "coordinates": [ 136.91890277777776, 35.554941666666664 ] } },
{ "type": "Feature", "properties": { "Name": "R0010366.JPG", "Date": "2021-10-06", "Time": "09:46:16", "North": "", "Azimuth": null, "Cam. Maker": "RICOH                ", "Cam. Model": "RICOH THETA SC     , ... ]", "Timestamp": "2021-10-06T09:46:16", "id": 624 }, "geometry": { "type": "Point", "coordinates": [ 136.922830555555549, 35.554947222222218 ] } },
{ "type": "Feature", "properties": { "Name": "R0011078.JPG", "Date": "2021-10-19", "Time": "10:37:18", "North": "", "Azimuth": null, "Cam. Maker": "RICOH                ", "Cam. Model": "RICOH THETA SC     , ... ]", "Timestamp": "2021-10-19T10:37:18", "id": 625 }, "geometry": { "type": "Point", "coordinates": [ 136.921616666666665, 35.553466666666665 ] } },
{ "type": "Feature", "properties": { "Name": "R0010372.JPG", "Date": "2021-10-06", "Time": "09:48:30", "North": "", "Azimuth": null, "Cam. Maker": "RICOH                ", "Cam. Model": "RICOH THETA SC     , ... ]", "Timestamp": "2021-10-06T09:48:30", "id": 626 }, "geometry": { "type": "Point", "coordinates": [ 136.9232, 35.55455 ] } },
{ "type": "Feature", "properties": { "Name": "R0010414.JPG", "Date": "2021-10-06", "Time": "10:15:08", "North": "", "Azimuth": null, "Cam. Maker": "RICOH                ", "Cam. Model": "RICOH THETA SC     , ... ]", "Timestamp": "2021-10-06T10:15:08", "id": 627 }, "geometry": { "type": "Point", "coordinates": [ 136.92683333333332, 35.5519 ] } },
{ "type": "Feature", "properties": { "Name": "R0011087.JPG", "Date": "2021-10-19", "Time": "10:39:25", "North": "", "Azimuth": null, "Cam. Maker": "RICOH                ", "Cam. Model": "RICOH THETA SC     , ... ]", "Timestamp": "2021-10-19T10:39:25", "id": 628 }, "geometry": { "type": "Point", "coordinates": [ 136.922494444444425, 35.553308333333334 ] } },
{ "type": "Feature", "properties": { "Name": "R0010399.JPG", "Date": "2021-10-06", "Time": "10:05:58", "North": "", "Azimuth": null, "Cam. Maker": "RICOH                ", "Cam. Model": "RICOH THETA SC     , ... ]", "Timestamp": "2021-10-06T10:05:58", "id": 629 }, "geometry": { "type": "Point", "coordinates": [ 136.92542777777777, 35.552386111111112 ] } },
{ "type": "Feature", "properties": { "Name": "R0011093.JPG", "Date": "2021-10-19", "Time": "11:08:42", "North": "", "Azimuth": null, "Cam. Maker": "RICOH                ", "Cam. Model": "RICOH THETA SC     , ... ]", "Timestamp": "2021-10-19T11:08:42", "id": 630 }, "geometry": { "type": "Point", "coordinates": [ 136.923416666666668, 35.555466666666661 ] } },
{ "type": "Feature", "properties": { "Name": "R0010548.JPG", "Date": "2021-10-11", "Time": "15:10:11", "North": "", "Azimuth": null, "Cam. Maker": "RICOH                ", "Cam. Model": "RICOH THETA SC     , ... ]", "Timestamp": "2021-10-11T15:10:11", "id": 631 }, "geometry": { "type": "Point", "coordinates": [ 136.925416666666649, 35.551877777777776 ] } },
{ "type": "Feature", "properties": { "Name": "R0011130.JPG", "Date": "2021-10-19", "Time": "11:27:15", "North": "", "Azimuth": null, "Cam. Maker": "RICOH                ", "Cam. Model": "RICOH THETA SC     , ... ]", "Timestamp": "2021-10-19T11:27:15", "id": 632 }, "geometry": { "type": "Point", "coordinates": [ 136.92232222222222, 35.555136111111111 ] } },
{ "type": "Feature", "properties": { "Name": "R0011124.JPG", "Date": "2021-10-19", "Time": "11:25:59", "North": "", "Azimuth": null, "Cam. Maker": "RICOH                ", "Cam. Model": "RICOH THETA SC     , ... ]", "Timestamp": "2021-10-19T11:25:59", "id": 633 }, "geometry": { "type": "Point", "coordinates": [ 136.922480555555552, 35.555708333333328 ] } },
{ "type": "Feature", "properties": { "Name": "R0010574.JPG", "Date": "2021-10-11", "Time": "15:16:23", "North": "", "Azimuth": null, "Cam. Maker": "RICOH                ", "Cam. Model": "RICOH THETA SC     , ... ]", "Timestamp": "2021-10-11T15:16:23", "id": 634 }, "geometry": { "type": "Point", "coordinates": [ 136.925455555555544, 35.550047222222219 ] } },
{ "type": "Feature", "properties": { "Name": "R0010212.JPG", "Date": "2020-04-15", "Time": "10:52:45", "North": "", "Azimuth": null, "Cam. Maker": "RICOH                ", "Cam. Model": "RICOH THETA SC     , ... ]", "Timestamp": "2020-04-15T10:52:45", "id": 635 }, "geometry": { "type": "Point", "coordinates": [ 136.92275, 35.551133333333333 ] } },
{ "type": "Feature", "properties": { "Name": "R0010206.JPG", "Date": "2020-04-15", "Time": "10:51:21", "North": "", "Azimuth": null, "Cam. Maker": "RICOH                ", "Cam. Model": "RICOH THETA SC     , ... ]", "Timestamp": "2020-04-15T10:51:21", "id": 636 }, "geometry": { "type": "Point", "coordinates": [ 136.923083333333324, 35.550883333333331 ] } },
{ "type": "Feature", "properties": { "Name": "R0010560.JPG", "Date": "2021-10-11", "Time": "15:12:51", "North": "", "Azimuth": null, "Cam. Maker": "RICOH                ", "Cam. Model": "RICOH THETA SC     , ... ]", "Timestamp": "2021-10-11T15:12:51", "id": 637 }, "geometry": { "type": "Point", "coordinates": [ 136.9251, 35.551116666666665 ] } },
{ "type": "Feature", "properties": { "Name": "R0011332.JPG", "Date": "2021-11-29", "Time": "11:16:38", "North": "", "Azimuth": null, "Cam. Maker": "RICOH                ", "Cam. Model": "RICOH THETA SC     , ... ]", "Timestamp": "2021-11-29T11:16:38", "id": 638 }, "geometry": { "type": "Point", "coordinates": [ 136.920966666666658, 35.548083333333331 ] } },
{ "type": "Feature", "properties": { "Name": "R0010992.JPG", "Date": "2021-10-14", "Time": "16:03:22", "North": "", "Azimuth": null, "Cam. Maker": "RICOH                ", "Cam. Model": "RICOH THETA SC     , ... ]", "Timestamp": "2021-10-14T16:03:22", "id": 639 }, "geometry": { "type": "Point", "coordinates": [ 136.921716666666669, 35.55175 ] } },
{ "type": "Feature", "properties": { "Name": "R0011454.JPG", "Date": "2022-01-27", "Time": "15:53:27", "North": "", "Azimuth": null, "Cam. Maker": "RICOH                ", "Cam. Model": "RICOH THETA SC     , ... ]", "Timestamp": "2022-01-27T15:53:27", "id": 640 }, "geometry": { "type": "Point", "coordinates": [ 136.918797222222224, 35.554552777777772 ] } },
{ "type": "Feature", "properties": { "Name": "R0010986.JPG", "Date": "2021-10-14", "Time": "16:02:03", "North": "", "Azimuth": null, "Cam. Maker": "RICOH                ", "Cam. Model": "RICOH THETA SC     , ... ]", "Timestamp": "2021-10-14T16:02:03", "id": 641 }, "geometry": { "type": "Point", "coordinates": [ 136.92113333333333, 35.552166666666665 ] } },
{ "type": "Feature", "properties": { "Name": "R0011440.JPG", "Date": "2021-11-29", "Time": "12:38:35", "North": "", "Azimuth": null, "Cam. Maker": "RICOH                ", "Cam. Model": "RICOH THETA SC     , ... ]", "Timestamp": "2021-11-29T12:38:35", "id": 642 }, "geometry": { "type": "Point", "coordinates": [ 136.922916666666652, 35.554333333333332 ] } },
{ "type": "Feature", "properties": { "Name": "R0010038.JPG", "Date": "2020-04-15", "Time": "09:41:41", "North": "", "Azimuth": null, "Cam. Maker": "RICOH                ", "Cam. Model": "RICOH THETA SC     , ... ]", "Timestamp": "2020-04-15T09:41:41", "id": 643 }, "geometry": { "type": "Point", "coordinates": [ 136.921083333333343, 35.550783333333335 ] } },
{ "type": "Feature", "properties": { "Name": "R0011326.JPG", "Date": "2021-11-29", "Time": "11:13:22", "North": "", "Azimuth": null, "Cam. Maker": "RICOH                ", "Cam. Model": "RICOH THETA SC     , ... ]", "Timestamp": "2021-11-29T11:13:22", "id": 644 }, "geometry": { "type": "Point", "coordinates": [ 136.92083333333332, 35.548022222222222 ] } },
{ "type": "Feature", "properties": { "Name": "R0010776.JPG", "Date": "2021-10-14", "Time": "14:19:37", "North": "", "Azimuth": null, "Cam. Maker": "RICOH                ", "Cam. Model": "RICOH THETA SC     , ... ]", "Timestamp": "2021-10-14T14:19:37", "id": 645 }, "geometry": { "type": "Point", "coordinates": [ 136.920883333333336, 35.55363333333333 ] } },
{ "type": "Feature", "properties": { "Name": "R0010762.JPG", "Date": "2021-10-14", "Time": "14:13:51", "North": "", "Azimuth": null, "Cam. Maker": "RICOH                ", "Cam. Model": "RICOH THETA SC     , ... ]", "Timestamp": "2021-10-14T14:13:51", "id": 646 }, "geometry": { "type": "Point", "coordinates": [ 136.92068888888889, 35.553705555555553 ] } },
{ "type": "Feature", "properties": { "Name": "R0010789.JPG", "Date": "2021-10-14", "Time": "14:23:22", "North": "", "Azimuth": null, "Cam. Maker": "RICOH                ", "Cam. Model": "RICOH THETA SC     , ... ]", "Timestamp": "2021-10-14T14:23:22", "id": 647 }, "geometry": { "type": "Point", "coordinates": [ 136.921083333333314, 35.554116666666665 ] } },
{ "type": "Feature", "properties": { "Name": "R0010951.JPG", "Date": "2021-10-14", "Time": "15:36:59", "North": "", "Azimuth": null, "Cam. Maker": "RICOH                ", "Cam. Model": "RICOH THETA SC     , ... ]", "Timestamp": "2021-10-14T15:36:59", "id": 648 }, "geometry": { "type": "Point", "coordinates": [ 136.923833333333334, 35.551533333333332 ] } },
{ "type": "Feature", "properties": { "Name": "R0010945.JPG", "Date": "2021-10-14", "Time": "15:35:18", "North": "", "Azimuth": null, "Cam. Maker": "RICOH                ", "Cam. Model": "RICOH THETA SC     , ... ]", "Timestamp": "2021-10-14T15:35:18", "id": 649 }, "geometry": { "type": "Point", "coordinates": [ 136.923516666666643, 35.55185 ] } },
{ "type": "Feature", "properties": { "Name": "R0010979.JPG", "Date": "2021-10-14", "Time": "15:59:52", "North": "", "Azimuth": null, "Cam. Maker": "RICOH                ", "Cam. Model": "RICOH THETA SC     , ... ]", "Timestamp": "2021-10-14T15:59:52", "id": 650 }, "geometry": { "type": "Point", "coordinates": [ 136.9219, 35.552183333333332 ] } },
{ "type": "Feature", "properties": { "Name": "R0010978.JPG", "Date": "2021-10-14", "Time": "15:59:39", "North": "", "Azimuth": null, "Cam. Maker": "RICOH                ", "Cam. Model": "RICOH THETA SC     , ... ]", "Timestamp": "2021-10-14T15:59:39", "id": 651 }, "geometry": { "type": "Point", "coordinates": [ 136.922, 35.55213333333333 ] } },
{ "type": "Feature", "properties": { "Name": "R0010944.JPG", "Date": "2021-10-14", "Time": "15:35:02", "North": "", "Azimuth": null, "Cam. Maker": "RICOH                ", "Cam. Model": "RICOH THETA SC     , ... ]", "Timestamp": "2021-10-14T15:35:02", "id": 652 }, "geometry": { "type": "Point", "coordinates": [ 136.923516666666643, 35.551816666666667 ] } },
{ "type": "Feature", "properties": { "Name": "R0010950.JPG", "Date": "2021-10-14", "Time": "15:36:44", "North": "", "Azimuth": null, "Cam. Maker": "RICOH                ", "Cam. Model": "RICOH THETA SC     , ... ]", "Timestamp": "2021-10-14T15:36:44", "id": 653 }, "geometry": { "type": "Point", "coordinates": [ 136.923783333333319, 35.55159722222222 ] } },
{ "type": "Feature", "properties": { "Name": "R0010788.JPG", "Date": "2021-10-14", "Time": "14:23:08", "North": "", "Azimuth": null, "Cam. Maker": "RICOH                ", "Cam. Model": "RICOH THETA SC     , ... ]", "Timestamp": "2021-10-14T14:23:08", "id": 654 }, "geometry": { "type": "Point", "coordinates": [ 136.921088888888875, 35.554047222222216 ] } },
{ "type": "Feature", "properties": { "Name": "R0010763.JPG", "Date": "2021-10-14", "Time": "14:14:02", "North": "", "Azimuth": null, "Cam. Maker": "RICOH                ", "Cam. Model": "RICOH THETA SC     , ... ]", "Timestamp": "2021-10-14T14:14:02", "id": 655 }, "geometry": { "type": "Point", "coordinates": [ 136.92075, 35.55365 ] } },
{ "type": "Feature", "properties": { "Name": "R0010777.JPG", "Date": "2021-10-14", "Time": "14:19:47", "North": "", "Azimuth": null, "Cam. Maker": "RICOH                ", "Cam. Model": "RICOH THETA SC     , ... ]", "Timestamp": "2021-10-14T14:19:47", "id": 656 }, "geometry": { "type": "Point", "coordinates": [ 136.92091666666667, 35.553616666666663 ] } },
{ "type": "Feature", "properties": { "Name": "R0011441.JPG", "Date": "2021-11-29", "Time": "12:39:24", "North": "", "Azimuth": null, "Cam. Maker": "RICOH                ", "Cam. Model": "RICOH THETA SC     , ... ]", "Timestamp": "2021-11-29T12:39:24", "id": 657 }, "geometry": { "type": "Point", "coordinates": [ 136.922933333333333, 35.554433333333328 ] } },
{ "type": "Feature", "properties": { "Name": "R0010987.JPG", "Date": "2021-10-14", "Time": "16:02:15", "North": "", "Azimuth": null, "Cam. Maker": "RICOH                ", "Cam. Model": "RICOH THETA SC     , ... ]", "Timestamp": "2021-10-14T16:02:15", "id": 658 }, "geometry": { "type": "Point", "coordinates": [ 136.9212, 35.552102777777776 ] } },
{ "type": "Feature", "properties": { "Name": "R0011327.JPG", "Date": "2021-11-29", "Time": "11:13:37", "North": "", "Azimuth": null, "Cam. Maker": "RICOH                ", "Cam. Model": "RICOH THETA SC     , ... ]", "Timestamp": "2021-11-29T11:13:37", "id": 659 }, "geometry": { "type": "Point", "coordinates": [ 136.920963888888878, 35.547972222222221 ] } },
{ "type": "Feature", "properties": { "Name": "R0010039.JPG", "Date": "2020-04-15", "Time": "09:41:56", "North": "", "Azimuth": null, "Cam. Maker": "RICOH                ", "Cam. Model": "RICOH THETA SC     , ... ]", "Timestamp": "2020-04-15T09:41:56", "id": 660 }, "geometry": { "type": "Point", "coordinates": [ 136.92121666666668, 35.550716666666666 ] } },
{ "type": "Feature", "properties": { "Name": "R0011333.JPG", "Date": "2021-11-29", "Time": "11:16:53", "North": "", "Azimuth": null, "Cam. Maker": "RICOH                ", "Cam. Model": "RICOH THETA SC     , ... ]", "Timestamp": "2021-11-29T11:16:53", "id": 661 }, "geometry": { "type": "Point", "coordinates": [ 136.920847222222221, 35.548133333333332 ] } },
{ "type": "Feature", "properties": { "Name": "R0010993.JPG", "Date": "2021-10-14", "Time": "16:03:36", "North": "", "Azimuth": null, "Cam. Maker": "RICOH                ", "Cam. Model": "RICOH THETA SC     , ... ]", "Timestamp": "2021-10-14T16:03:36", "id": 662 }, "geometry": { "type": "Point", "coordinates": [ 136.921761111111095, 35.551625 ] } },
{ "type": "Feature", "properties": { "Name": "R0010207.JPG", "Date": "2020-04-15", "Time": "10:51:34", "North": "", "Azimuth": null, "Cam. Maker": "RICOH                ", "Cam. Model": "RICOH THETA SC     , ... ]", "Timestamp": "2020-04-15T10:51:34", "id": 663 }, "geometry": { "type": "Point", "coordinates": [ 136.92305, 35.550933333333333 ] } },
{ "type": "Feature", "properties": { "Name": "R0011119.JPG", "Date": "2021-10-19", "Time": "11:23:35", "North": "", "Azimuth": null, "Cam. Maker": "RICOH                ", "Cam. Model": "RICOH THETA SC     , ... ]", "Timestamp": "2021-10-19T11:23:35", "id": 664 }, "geometry": { "type": "Point", "coordinates": [ 136.92315, 35.555411111111106 ] } },
{ "type": "Feature", "properties": { "Name": "R0010561.JPG", "Date": "2021-10-11", "Time": "15:13:04", "North": "", "Azimuth": null, "Cam. Maker": "RICOH                ", "Cam. Model": "RICOH THETA SC     , ... ]", "Timestamp": "2021-10-11T15:13:04", "id": 665 }, "geometry": { "type": "Point", "coordinates": [ 136.925163888888875, 35.55105555555555 ] } },
{ "type": "Feature", "properties": { "Name": "R0010575.JPG", "Date": "2021-10-11", "Time": "15:16:39", "North": "", "Azimuth": null, "Cam. Maker": "RICOH                ", "Cam. Model": "RICOH THETA SC     , ... ]", "Timestamp": "2021-10-11T15:16:39", "id": 666 }, "geometry": { "type": "Point", "coordinates": [ 136.9255, 35.54998888888889 ] } },
{ "type": "Feature", "properties": { "Name": "R0010213.JPG", "Date": "2020-04-15", "Time": "10:52:57", "North": "", "Azimuth": null, "Cam. Maker": "RICOH                ", "Cam. Model": "RICOH THETA SC     , ... ]", "Timestamp": "2020-04-15T10:52:57", "id": 667 }, "geometry": { "type": "Point", "coordinates": [ 136.922683333333339, 35.551166666666667 ] } },
{ "type": "Feature", "properties": { "Name": "R0011125.JPG", "Date": "2021-10-19", "Time": "11:26:11", "North": "", "Azimuth": null, "Cam. Maker": "RICOH                ", "Cam. Model": "RICOH THETA SC     , ... ]", "Timestamp": "2021-10-19T11:26:11", "id": 668 }, "geometry": { "type": "Point", "coordinates": [ 136.92246111111109, 35.555630555555553 ] } },
{ "type": "Feature", "properties": { "Name": "R0010549.JPG", "Date": "2021-10-11", "Time": "15:10:24", "North": "", "Azimuth": null, "Cam. Maker": "RICOH                ", "Cam. Model": "RICOH THETA SC     , ... ]", "Timestamp": "2021-10-11T15:10:24", "id": 669 }, "geometry": { "type": "Point", "coordinates": [ 136.925366666666662, 35.551783333333333 ] } },
{ "type": "Feature", "properties": { "Name": "R0011131.JPG", "Date": "2021-10-19", "Time": "11:27:27", "North": "", "Azimuth": null, "Cam. Maker": "RICOH                ", "Cam. Model": "RICOH THETA SC     , ... ]", "Timestamp": "2021-10-19T11:27:27", "id": 670 }, "geometry": { "type": "Point", "coordinates": [ 136.92231666666666, 35.555016666666667 ] } },
{ "type": "Feature", "properties": { "Name": "R0011092.JPG", "Date": "2021-10-19", "Time": "11:08:30", "North": "", "Azimuth": null, "Cam. Maker": "RICOH                ", "Cam. Model": "RICOH THETA SC     , ... ]", "Timestamp": "2021-10-19T11:08:30", "id": 671 }, "geometry": { "type": "Point", "coordinates": [ 136.923341666666659, 35.555522222222223 ] } },
{ "type": "Feature", "properties": { "Name": "R0010398.JPG", "Date": "2021-10-06", "Time": "10:05:47", "North": "", "Azimuth": null, "Cam. Maker": "RICOH                ", "Cam. Model": "RICOH THETA SC     , ... ]", "Timestamp": "2021-10-06T10:05:47", "id": 672 }, "geometry": { "type": "Point", "coordinates": [ 136.925330555555547, 35.552441666666667 ] } },
{ "type": "Feature", "properties": { "Name": "R0011086.JPG", "Date": "2021-10-19", "Time": "10:39:11", "North": "", "Azimuth": null, "Cam. Maker": "RICOH                ", "Cam. Model": "RICOH THETA SC     , ... ]", "Timestamp": "2021-10-19T10:39:11", "id": 673 }, "geometry": { "type": "Point", "coordinates": [ 136.922397222222202, 35.553383333333329 ] } },
{ "type": "Feature", "properties": { "Name": "R0010373.JPG", "Date": "2021-10-06", "Time": "09:49:22", "North": "", "Azimuth": null, "Cam. Maker": "RICOH                ", "Cam. Model": "RICOH THETA SC     , ... ]", "Timestamp": "2021-10-06T09:49:22", "id": 674 }, "geometry": { "type": "Point", "coordinates": [ 136.9232, 35.554466666666663 ] } },
{ "type": "Feature", "properties": { "Name": "R0010415.JPG", "Date": "2021-10-06", "Time": "10:15:22", "North": "", "Azimuth": null, "Cam. Maker": "RICOH                ", "Cam. Model": "RICOH THETA SC     , ... ]", "Timestamp": "2021-10-06T10:15:22", "id": 675 }, "geometry": { "type": "Point", "coordinates": [ 136.9268, 35.5518 ] } },
{ "type": "Feature", "properties": { "Name": "R0010401.JPG", "Date": "2021-10-06", "Time": "10:06:49", "North": "", "Azimuth": null, "Cam. Maker": "RICOH                ", "Cam. Model": "RICOH THETA SC     , ... ]", "Timestamp": "2021-10-06T10:06:49", "id": 676 }, "geometry": { "type": "Point", "coordinates": [ 136.925561111111108, 35.55233333333333 ] } },
{ "type": "Feature", "properties": { "Name": "R0011079.JPG", "Date": "2021-10-19", "Time": "10:37:32", "North": "", "Azimuth": null, "Cam. Maker": "RICOH                ", "Cam. Model": "RICOH THETA SC     , ... ]", "Timestamp": "2021-10-19T10:37:32", "id": 677 }, "geometry": { "type": "Point", "coordinates": [ 136.921611111111105, 35.553313888888887 ] } },
{ "type": "Feature", "properties": { "Name": "R0010367.JPG", "Date": "2021-10-06", "Time": "09:46:30", "North": "", "Azimuth": null, "Cam. Maker": "RICOH                ", "Cam. Model": "RICOH THETA SC     , ... ]", "Timestamp": "2021-10-06T09:46:30", "id": 678 }, "geometry": { "type": "Point", "coordinates": [ 136.922877777777757, 35.554925 ] } },
{ "type": "Feature", "properties": { "Name": "R0011051.JPG", "Date": "2021-10-19", "Time": "10:30:00", "North": "", "Azimuth": null, "Cam. Maker": "RICOH                ", "Cam. Model": "RICOH THETA SC     , ... ]", "Timestamp": "2021-10-19T10:30:00", "id": 679 }, "geometry": { "type": "Point", "coordinates": [ 136.92085, 35.551322222222218 ] } },
{ "type": "Feature", "properties": { "Name": "R0010429.JPG", "Date": "2021-10-06", "Time": "12:34:21", "North": "", "Azimuth": null, "Cam. Maker": "RICOH                ", "Cam. Model": "RICOH THETA SC     , ... ]", "Timestamp": "2021-10-06T12:34:21", "id": 680 }, "geometry": { "type": "Point", "coordinates": [ 136.926633333333314, 35.550488888888886 ] } },
{ "type": "Feature", "properties": { "Name": "R0011045.JPG", "Date": "2021-10-19", "Time": "10:16:12", "North": "", "Azimuth": null, "Cam. Maker": "RICOH                ", "Cam. Model": "RICOH THETA SC     , ... ]", "Timestamp": "2021-10-19T10:16:12", "id": 681 }, "geometry": { "type": "Point", "coordinates": [ 136.921755555555535, 35.552608333333332 ] } },
{ "type": "Feature", "properties": { "Name": "R0010818.JPG", "Date": "2021-10-14", "Time": "14:33:32", "North": "", "Azimuth": null, "Cam. Maker": "RICOH                ", "Cam. Model": "RICOH THETA SC     , ... ]", "Timestamp": "2021-10-14T14:33:32", "id": 682 }, "geometry": { "type": "Point", "coordinates": [ 136.922125, 35.55513333333333 ] } },
{ "type": "Feature", "properties": { "Name": "R0010830.JPG", "Date": "2021-10-14", "Time": "14:42:40", "North": "", "Azimuth": null, "Cam. Maker": "RICOH                ", "Cam. Model": "RICOH THETA SC     , ... ]", "Timestamp": "2021-10-14T14:42:40", "id": 683 }, "geometry": { "type": "Point", "coordinates": [ 136.921266666666668, 35.554166666666667 ] } },
{ "type": "Feature", "properties": { "Name": "R0011290.JPG", "Date": "2021-11-29", "Time": "11:01:16", "North": "", "Azimuth": null, "Cam. Maker": "RICOH                ", "Cam. Model": "RICOH THETA SC     , ... ]", "Timestamp": "2021-11-29T11:01:16", "id": 684 }, "geometry": { "type": "Point", "coordinates": [ 136.919175, 35.549322222222223 ] } },
{ "type": "Feature", "properties": { "Name": "R0011284.JPG", "Date": "2021-11-29", "Time": "10:59:55", "North": "", "Azimuth": null, "Cam. Maker": "RICOH                ", "Cam. Model": "RICOH THETA SC     , ... ]", "Timestamp": "2021-11-29T10:59:55", "id": 685 }, "geometry": { "type": "Point", "coordinates": [ 136.919283333333311, 35.549725 ] } },
{ "type": "Feature", "properties": { "Name": "R0010824.JPG", "Date": "2021-10-14", "Time": "14:38:41", "North": "", "Azimuth": null, "Cam. Maker": "RICOH                ", "Cam. Model": "RICOH THETA SC     , ... ]", "Timestamp": "2021-10-14T14:38:41", "id": 686 }, "geometry": { "type": "Point", "coordinates": [ 136.92209722222222, 35.555119444444443 ] } },
{ "type": "Feature", "properties": { "Name": "R0010617.JPG", "Date": "2021-10-11", "Time": "15:36:26", "North": "", "Azimuth": null, "Cam. Maker": "RICOH                ", "Cam. Model": "RICOH THETA SC     , ... ]", "Timestamp": "2021-10-11T15:36:26", "id": 687 }, "geometry": { "type": "Point", "coordinates": [ 136.925391666666656, 35.548866666666662 ] } },
{ "type": "Feature", "properties": { "Name": "R0010171.JPG", "Date": "2020-04-15", "Time": "10:39:59", "North": "", "Azimuth": null, "Cam. Maker": "RICOH                ", "Cam. Model": "RICOH THETA SC     , ... ]", "Timestamp": "2020-04-15T10:39:59", "id": 688 }, "geometry": { "type": "Point", "coordinates": [ 136.924783333333323, 35.54998333333333 ] } },
{ "type": "Feature", "properties": { "Name": "R0010165.JPG", "Date": "2020-04-15", "Time": "10:38:19", "North": "", "Azimuth": null, "Cam. Maker": "RICOH                ", "Cam. Model": "RICOH THETA SC     , ... ]", "Timestamp": "2020-04-15T10:38:19", "id": 689 }, "geometry": { "type": "Point", "coordinates": [ 136.924183333333332, 35.549833333333332 ] } },
{ "type": "Feature", "properties": { "Name": "R0010603.JPG", "Date": "2021-10-11", "Time": "15:24:59", "North": "", "Azimuth": null, "Cam. Maker": "RICOH                ", "Cam. Model": "RICOH THETA SC     , ... ]", "Timestamp": "2021-10-11T15:24:59", "id": 690 }, "geometry": { "type": "Point", "coordinates": [ 136.924525, 35.548519444444445 ] } },
{ "type": "Feature", "properties": { "Name": "R0011253.JPG", "Date": "2021-11-25", "Time": "12:08:52", "North": "", "Azimuth": null, "Cam. Maker": "RICOH                ", "Cam. Model": "RICOH THETA SC     , ... ]", "Timestamp": "2021-11-25T12:08:52", "id": 691 }, "geometry": { "type": "Point", "coordinates": [ 136.921683333333334, 35.550316666666667 ] } },
{ "type": "Feature", "properties": { "Name": "R0010159.JPG", "Date": "2020-04-15", "Time": "10:36:08", "North": "", "Azimuth": null, "Cam. Maker": "RICOH                ", "Cam. Model": "RICOH THETA SC     , ... ]", "Timestamp": "2020-04-15T10:36:08", "id": 692 }, "geometry": { "type": "Point", "coordinates": [ 136.924, 35.549533333333336 ] } },
{ "type": "Feature", "properties": { "Name": "R0011247.JPG", "Date": "2021-11-25", "Time": "12:02:18", "North": "", "Azimuth": null, "Cam. Maker": "RICOH                ", "Cam. Model": "RICOH THETA SC     , ... ]", "Timestamp": "2021-11-25T12:02:18", "id": 693 }, "geometry": { "type": "Point", "coordinates": [ 136.9222, 35.55075 ] } },
{ "type": "Feature", "properties": { "Name": "tyusya.JPG", "Date": "2021-11-25", "Time": "12:17:28", "North": "", "Azimuth": null, "Cam. Maker": "RICOH                ", "Cam. Model": "RICOH THETA SC     , ... ]", "Timestamp": "2021-11-25T12:17:28", "id": 694 }, "geometry": { "type": "Point", "coordinates": [ 136.919563888888888, 35.552852777777773 ] } },
{ "type": "Feature", "properties": { "Name": "R0010626.JPG", "Date": "2021-10-11", "Time": "15:38:51", "North": "", "Azimuth": null, "Cam. Maker": "RICOH                ", "Cam. Model": "RICOH THETA SC     , ... ]", "Timestamp": "2021-10-11T15:38:51", "id": 695 }, "geometry": { "type": "Point", "coordinates": [ 136.925066666666652, 35.549283333333328 ] } },
{ "type": "Feature", "properties": { "Name": "R0010140.JPG", "Date": "2020-04-15", "Time": "10:29:59", "North": "", "Azimuth": null, "Cam. Maker": "RICOH                ", "Cam. Model": "RICOH THETA SC     , ... ]", "Timestamp": "2020-04-15T10:29:59", "id": 696 }, "geometry": { "type": "Point", "coordinates": [ 136.924183333333332, 35.5487 ] } },
{ "type": "Feature", "properties": { "Name": "R0010154.JPG", "Date": "2020-04-15", "Time": "10:34:38", "North": "", "Azimuth": null, "Cam. Maker": "RICOH                ", "Cam. Model": "RICOH THETA SC     , ... ]", "Timestamp": "2020-04-15T10:34:38", "id": 697 }, "geometry": { "type": "Point", "coordinates": [ 136.924333333333323, 35.5492 ] } },
{ "type": "Feature", "properties": { "Name": "R0010632.JPG", "Date": "2021-10-11", "Time": "15:40:48", "North": "", "Azimuth": null, "Cam. Maker": "RICOH                ", "Cam. Model": "RICOH THETA SC     , ... ]", "Timestamp": "2021-10-11T15:40:48", "id": 698 }, "geometry": { "type": "Point", "coordinates": [ 136.924730555555556, 35.54945 ] } },
{ "type": "Feature", "properties": { "Name": "R0011276.JPG", "Date": "2021-11-29", "Time": "10:42:23", "North": "", "Azimuth": null, "Cam. Maker": "RICOH                ", "Cam. Model": "RICOH THETA SC     , ... ]", "Timestamp": "2021-11-29T10:42:23", "id": 699 }, "geometry": { "type": "Point", "coordinates": [ 136.921816666666643, 35.550283333333333 ] } },
{ "type": "Feature", "properties": { "Name": "R0010168.JPG", "Date": "2020-04-15", "Time": "10:39:14", "North": "", "Azimuth": null, "Cam. Maker": "RICOH                ", "Cam. Model": "RICOH THETA SC     , ... ]", "Timestamp": "2020-04-15T10:39:14", "id": 700 }, "geometry": { "type": "Point", "coordinates": [ 136.924566666666664, 35.549883333333334 ] } },
{ "type": "Feature", "properties": { "Name": "R0010183.JPG", "Date": "2020-04-15", "Time": "10:43:25", "North": "", "Azimuth": null, "Cam. Maker": "RICOH                ", "Cam. Model": "RICOH THETA SC     , ... ]", "Timestamp": "2020-04-15T10:43:25", "id": 701 }, "geometry": { "type": "Point", "coordinates": [ 136.92468333333332, 35.550683333333332 ] } },
{ "type": "Feature", "properties": { "Name": "R0010197.JPG", "Date": "2020-04-15", "Time": "10:48:35", "North": "", "Azimuth": null, "Cam. Maker": "RICOH                ", "Cam. Model": "RICOH THETA SC     , ... ]", "Timestamp": "2020-04-15T10:48:35", "id": 702 }, "geometry": { "type": "Point", "coordinates": [ 136.9238, 35.5507 ] } },
{ "type": "Feature", "properties": { "Name": "R0011289.JPG", "Date": "2021-11-29", "Time": "11:01:06", "North": "", "Azimuth": null, "Cam. Maker": "RICOH                ", "Cam. Model": "RICOH THETA SC     , ... ]", "Timestamp": "2021-11-29T11:01:06", "id": 703 }, "geometry": { "type": "Point", "coordinates": [ 136.91913333333332, 35.549366666666664 ] } },
{ "type": "Feature", "properties": { "Name": "R0010829.JPG", "Date": "2021-10-14", "Time": "14:42:26", "North": "", "Azimuth": null, "Cam. Maker": "RICOH                ", "Cam. Model": "RICOH THETA SC     , ... ]", "Timestamp": "2021-10-14T14:42:26", "id": 704 }, "geometry": { "type": "Point", "coordinates": [ 136.9212, 35.554216666666662 ] } },
{ "type": "Feature", "properties": { "Name": "R0010801.JPG", "Date": "2021-10-14", "Time": "14:28:42", "North": "", "Azimuth": null, "Cam. Maker": "RICOH                ", "Cam. Model": "RICOH THETA SC     , ... ]", "Timestamp": "2021-10-14T14:28:42", "id": 705 }, "geometry": { "type": "Point", "coordinates": [ 136.921866666666659, 35.554833333333328 ] } },
{ "type": "Feature", "properties": { "Name": "R0010815.JPG", "Date": "2021-10-14", "Time": "14:32:37", "North": "", "Azimuth": null, "Cam. Maker": "RICOH                ", "Cam. Model": "RICOH THETA SC     , ... ]", "Timestamp": "2021-10-14T14:32:37", "id": 706 }, "geometry": { "type": "Point", "coordinates": [ 136.922263888888892, 35.554958333333332 ] } },
{ "type": "Feature", "properties": { "Name": "R0010342.JPG", "Date": "2020-04-15", "Time": "11:46:12", "North": "", "Azimuth": null, "Cam. Maker": "RICOH                ", "Cam. Model": "RICOH THETA SC     , ... ]", "Timestamp": "2020-04-15T11:46:12", "id": 707 }, "geometry": { "type": "Point", "coordinates": [ 136.923233333333343, 35.54925 ] } },
{ "type": "Feature", "properties": { "Name": "R0010424.JPG", "Date": "2021-10-06", "Time": "12:32:47", "North": "", "Azimuth": null, "Cam. Maker": "RICOH                ", "Cam. Model": "RICOH THETA SC     , ... ]", "Timestamp": "2021-10-06T12:32:47", "id": 708 }, "geometry": { "type": "Point", "coordinates": [ 136.926616666666661, 35.55105 ] } },
{ "type": "Feature", "properties": { "Name": "R0010430.JPG", "Date": "2021-10-06", "Time": "12:34:34", "North": "", "Azimuth": null, "Cam. Maker": "RICOH                ", "Cam. Model": "RICOH THETA SC     , ... ]", "Timestamp": "2021-10-06T12:34:34", "id": 709 }, "geometry": { "type": "Point", "coordinates": [ 136.926591666666667, 35.550452777777778 ] } },
{ "type": "Feature", "properties": { "Name": "R0010356.JPG", "Date": "2020-04-15", "Time": "11:51:21", "North": "", "Azimuth": null, "Cam. Maker": "RICOH                ", "Cam. Model": "RICOH THETA SC     , ... ]", "Timestamp": "2020-04-15T11:51:21", "id": 710 }, "geometry": { "type": "Point", "coordinates": [ 136.92255, 35.549916666666668 ] } },
{ "type": "Feature", "properties": { "Name": "R0011048.JPG", "Date": "2021-10-19", "Time": "10:16:48", "North": "", "Azimuth": null, "Cam. Maker": "RICOH                ", "Cam. Model": "RICOH THETA SC     , ... ]", "Timestamp": "2021-10-19T10:16:48", "id": 711 }, "geometry": { "type": "Point", "coordinates": [ 136.921991666666656, 35.552686111111107 ] } },
{ "type": "Feature", "properties": { "Name": "R0011060.JPG", "Date": "2021-10-19", "Time": "10:32:03", "North": "", "Azimuth": null, "Cam. Maker": "RICOH                ", "Cam. Model": "RICOH THETA SC     , ... ]", "Timestamp": "2021-10-19T10:32:03", "id": 712 }, "geometry": { "type": "Point", "coordinates": [ 136.92, 35.552283333333328 ] } },
{ "type": "Feature", "properties": { "Name": "R0010418.JPG", "Date": "2021-10-06", "Time": "10:16:26", "North": "", "Azimuth": null, "Cam. Maker": "RICOH                ", "Cam. Model": "RICOH THETA SC     , ... ]", "Timestamp": "2021-10-06T10:16:26", "id": 713 }, "geometry": { "type": "Point", "coordinates": [ 136.926708333333323, 35.551552777777772 ] } },
{ "type": "Feature", "properties": { "Name": "gakuseiho-ru.JPG", "Date": "2021-11-18", "Time": "13:30:26", "North": "", "Azimuth": null, "Cam. Maker": "RICOH                ", "Cam. Model": "RICOH THETA SC     , ... ]", "Timestamp": "2021-11-18T13:30:26", "id": 714 }, "geometry": { "type": "Point", "coordinates": [ 136.918063888888867, 35.555472222222221 ] } },
{ "type": "Feature", "properties": { "Name": "R0011074.JPG", "Date": "2021-10-19", "Time": "10:35:43", "North": "", "Azimuth": null, "Cam. Maker": "RICOH                ", "Cam. Model": "RICOH THETA SC     , ... ]", "Timestamp": "2021-10-19T10:35:43", "id": 715 }, "geometry": { "type": "Point", "coordinates": [ 136.921416666666659, 35.55383333333333 ] } },
{ "type": "Feature", "properties": { "Name": "R0010381.JPG", "Date": "2021-10-06", "Time": "09:53:25", "North": "", "Azimuth": null, "Cam. Maker": "RICOH                ", "Cam. Model": "RICOH THETA SC     , ... ]", "Timestamp": "2021-10-06T09:53:25", "id": 716 }, "geometry": { "type": "Point", "coordinates": [ 136.92394444444443, 35.553716666666666 ] } },
{ "type": "Feature", "properties": { "Name": "R0010395.JPG", "Date": "2021-10-06", "Time": "10:04:34", "North": "", "Azimuth": null, "Cam. Maker": "RICOH                ", "Cam. Model": "RICOH THETA SC     , ... ]", "Timestamp": "2021-10-06T10:04:34", "id": 717 }, "geometry": { "type": "Point", "coordinates": [ 136.924952777777776, 35.552541666666663 ] } },
{ "type": "Feature", "properties": { "Name": "R0011128.JPG", "Date": "2021-10-19", "Time": "11:26:47", "North": "", "Azimuth": null, "Cam. Maker": "RICOH                ", "Cam. Model": "RICOH THETA SC     , ... ]", "Timestamp": "2021-10-19T11:26:47", "id": 718 }, "geometry": { "type": "Point", "coordinates": [ 136.922375, 35.55535 ] } },
{ "type": "Feature", "properties": { "Name": "R0010236.JPG", "Date": "2020-04-15", "Time": "10:59:15", "North": "", "Azimuth": null, "Cam. Maker": "RICOH                ", "Cam. Model": "RICOH THETA SC     , ... ]", "Timestamp": "2020-04-15T10:59:15", "id": 719 }, "geometry": { "type": "Point", "coordinates": [ 136.921166666666664, 35.55095 ] } },
{ "type": "Feature", "properties": { "Name": "R0010550.JPG", "Date": "2021-10-11", "Time": "15:10:30", "North": "", "Azimuth": null, "Cam. Maker": "RICOH                ", "Cam. Model": "RICOH THETA SC     , ... ]", "Timestamp": "2021-10-11T15:10:30", "id": 720 }, "geometry": { "type": "Point", "coordinates": [ 136.925366666666662, 35.551783333333333 ] } },
{ "type": "Feature", "properties": { "Name": "R0010544.JPG", "Date": "2021-10-11", "Time": "15:09:19", "North": "", "Azimuth": null, "Cam. Maker": "RICOH                ", "Cam. Model": "RICOH THETA SC     , ... ]", "Timestamp": "2021-10-11T15:09:19", "id": 721 }, "geometry": { "type": "Point", "coordinates": [ 136.925452777777764, 35.552233333333334 ] } },
{ "type": "Feature", "properties": { "Name": "R0010222.JPG", "Date": "2020-04-15", "Time": "10:56:30", "North": "", "Azimuth": null, "Cam. Maker": "RICOH                ", "Cam. Model": "RICOH THETA SC     , ... ]", "Timestamp": "2020-04-15T10:56:30", "id": 722 }, "geometry": { "type": "Point", "coordinates": [ 136.921733333333322, 35.551116666666665 ] } },
{ "type": "Feature", "properties": { "Name": "R0011114.JPG", "Date": "2021-10-19", "Time": "11:13:20", "North": "", "Azimuth": null, "Cam. Maker": "RICOH                ", "Cam. Model": "RICOH THETA SC     , ... ]", "Timestamp": "2021-10-19T11:13:20", "id": 723 }, "geometry": { "type": "Point", "coordinates": [ 136.92438333333331, 35.554541666666665 ] } },
{ "type": "Feature", "properties": { "Name": "R0010578.JPG", "Date": "2021-10-11", "Time": "15:17:40", "North": "", "Azimuth": null, "Cam. Maker": "RICOH                ", "Cam. Model": "RICOH THETA SC     , ... ]", "Timestamp": "2021-10-11T15:17:40", "id": 724 }, "geometry": { "type": "Point", "coordinates": [ 136.925438888888891, 35.5498 ] } },
{ "type": "Feature", "properties": { "Name": "R0011100.JPG", "Date": "2021-10-19", "Time": "11:10:18", "North": "", "Azimuth": null, "Cam. Maker": "RICOH                ", "Cam. Model": "RICOH THETA SC     , ... ]", "Timestamp": "2021-10-19T11:10:18", "id": 725 }, "geometry": { "type": "Point", "coordinates": [ 136.924072222222208, 35.554852777777775 ] } },
{ "type": "Feature", "properties": { "Name": "R0010593.JPG", "Date": "2021-10-11", "Time": "15:21:30", "North": "", "Azimuth": null, "Cam. Maker": "RICOH                ", "Cam. Model": "RICOH THETA SC     , ... ]", "Timestamp": "2021-10-11T15:21:30", "id": 726 }, "geometry": { "type": "Point", "coordinates": [ 136.924783333333323, 35.548816666666667 ] } },
{ "type": "Feature", "properties": { "Name": "R0010587.JPG", "Date": "2021-10-11", "Time": "15:20:11", "North": "", "Azimuth": null, "Cam. Maker": "RICOH                ", "Cam. Model": "RICOH THETA SC     , ... ]", "Timestamp": "2021-10-11T15:20:11", "id": 727 }, "geometry": { "type": "Point", "coordinates": [ 136.92476666666667, 35.549344444444444 ] } },
{ "type": "Feature", "properties": { "Name": "R0010752.JPG", "Date": "2021-10-11", "Time": "16:27:12", "North": "", "Azimuth": null, "Cam. Maker": "RICOH                ", "Cam. Model": "RICOH THETA SC     , ... ]", "Timestamp": "2021-10-11T16:27:12", "id": 728 }, "geometry": { "type": "Point", "coordinates": [ 136.923272222222209, 35.552766666666663 ] } },
{ "type": "Feature", "properties": { "Name": "R0010034.JPG", "Date": "2020-04-15", "Time": "09:40:52", "North": "", "Azimuth": null, "Cam. Maker": "RICOH                ", "Cam. Model": "RICOH THETA SC     , ... ]", "Timestamp": "2020-04-15T09:40:52", "id": 729 }, "geometry": { "type": "Point", "coordinates": [ 136.920683333333329, 35.550983333333335 ] } },
{ "type": "Feature", "properties": { "Name": "R0011458.JPG", "Date": "2022-01-27", "Time": "15:56:38", "North": "", "Azimuth": null, "Cam. Maker": "RICOH                ", "Cam. Model": "RICOH THETA SC     , ... ]", "Timestamp": "2022-01-27T15:56:38", "id": 730 }, "geometry": { "type": "Point", "coordinates": [ 136.917952777777771, 35.554933333333331 ] } },
{ "type": "Feature", "properties": { "Name": "R0011316.JPG", "Date": "2021-11-29", "Time": "11:10:57", "North": "", "Azimuth": null, "Cam. Maker": "RICOH                ", "Cam. Model": "RICOH THETA SC     , ... ]", "Timestamp": "2021-11-29T11:10:57", "id": 731 }, "geometry": { "type": "Point", "coordinates": [ 136.919897222222204, 35.548716666666664 ] } },
{ "type": "Feature", "properties": { "Name": "R0011302.JPG", "Date": "2021-11-29", "Time": "11:06:09", "North": "", "Azimuth": null, "Cam. Maker": "RICOH                ", "Cam. Model": "RICOH THETA SC     , ... ]", "Timestamp": "2021-11-29T11:06:09", "id": 732 }, "geometry": { "type": "Point", "coordinates": [ 136.919538888888866, 35.549908333333335 ] } },
{ "type": "Feature", "properties": { "Name": "R0010791.JPG", "Date": "2021-10-14", "Time": "14:24:18", "North": "", "Azimuth": null, "Cam. Maker": "RICOH                ", "Cam. Model": "RICOH THETA SC     , ... ]", "Timestamp": "2021-10-14T14:24:18", "id": 733 }, "geometry": { "type": "Point", "coordinates": [ 136.921083333333314, 35.5543 ] } },
{ "type": "Feature", "properties": { "Name": "R0010949.JPG", "Date": "2021-10-14", "Time": "15:36:19", "North": "", "Azimuth": null, "Cam. Maker": "RICOH                ", "Cam. Model": "RICOH THETA SC     , ... ]", "Timestamp": "2021-10-14T15:36:19", "id": 734 }, "geometry": { "type": "Point", "coordinates": [ 136.923725, 35.551677777777776 ] } },
{ "type": "Feature", "properties": { "Name": "R0010785.JPG", "Date": "2021-10-14", "Time": "14:22:27", "North": "", "Azimuth": null, "Cam. Maker": "RICOH                ", "Cam. Model": "RICOH THETA SC     , ... ]", "Timestamp": "2021-10-14T14:22:27", "id": 735 }, "geometry": { "type": "Point", "coordinates": [ 136.921033333333327, 35.553766666666661 ] } },
{ "type": "Feature", "properties": { "Name": "R0010975.JPG", "Date": "2021-10-14", "Time": "15:58:51", "North": "", "Azimuth": null, "Cam. Maker": "RICOH                ", "Cam. Model": "RICOH THETA SC     , ... ]", "Timestamp": "2021-10-14T15:58:51", "id": 736 }, "geometry": { "type": "Point", "coordinates": [ 136.922112005606635, 35.552185313987479 ] } },
{ "type": "Feature", "properties": { "Name": "R0010961.JPG", "Date": "2021-10-14", "Time": "15:40:11", "North": "", "Azimuth": null, "Cam. Maker": "RICOH                ", "Cam. Model": "RICOH THETA SC     , ... ]", "Timestamp": "2021-10-14T15:40:11", "id": 737 }, "geometry": { "type": "Point", "coordinates": [ 136.924546553047577, 35.551222275940937 ] } },
{ "type": "Feature", "properties": { "Name": "R0010960.JPG", "Date": "2021-10-14", "Time": "15:39:07", "North": "", "Azimuth": null, "Cam. Maker": "RICOH                ", "Cam. Model": "RICOH THETA SC     , ... ]", "Timestamp": "2021-10-14T15:39:07", "id": 738 }, "geometry": { "type": "Point", "coordinates": [ 136.924450625732874, 35.551276931340176 ] } },
{ "type": "Feature", "properties": { "Name": "R0010784.JPG", "Date": "2021-10-14", "Time": "14:21:26", "North": "", "Azimuth": null, "Cam. Maker": "RICOH                ", "Cam. Model": "RICOH THETA SC     , ... ]", "Timestamp": "2021-10-14T14:21:26", "id": 739 }, "geometry": { "type": "Point", "coordinates": [ 136.921033333333327, 35.55375 ] } },
{ "type": "Feature", "properties": { "Name": "R0010948.JPG", "Date": "2021-10-14", "Time": "15:36:07", "North": "", "Azimuth": null, "Cam. Maker": "RICOH                ", "Cam. Model": "RICOH THETA SC     , ... ]", "Timestamp": "2021-10-14T15:36:07", "id": 740 }, "geometry": { "type": "Point", "coordinates": [ 136.923686111111095, 35.551733333333331 ] } },
{ "type": "Feature", "properties": { "Name": "R0010790.JPG", "Date": "2021-10-14", "Time": "14:23:40", "North": "", "Azimuth": null, "Cam. Maker": "RICOH                ", "Cam. Model": "RICOH THETA SC     , ... ]", "Timestamp": "2021-10-14T14:23:40", "id": 741 }, "geometry": { "type": "Point", "coordinates": [ 136.921116666666649, 35.554233333333329 ] } },
{ "type": "Feature", "properties": { "Name": "R0011303.JPG", "Date": "2021-11-29", "Time": "11:06:21", "North": "", "Azimuth": null, "Cam. Maker": "RICOH                ", "Cam. Model": "RICOH THETA SC     , ... ]", "Timestamp": "2021-11-29T11:06:21", "id": 742 }, "geometry": { "type": "Point", "coordinates": [ 136.91945, 35.549966666666663 ] } },
{ "type": "Feature", "properties": { "Name": "R0011317.JPG", "Date": "2021-11-29", "Time": "11:11:13", "North": "", "Azimuth": null, "Cam. Maker": "RICOH                ", "Cam. Model": "RICOH THETA SC     , ... ]", "Timestamp": "2021-11-29T11:11:13", "id": 743 }, "geometry": { "type": "Point", "coordinates": [ 136.91995, 35.548647222222222 ] } },
{ "type": "Feature", "properties": { "Name": "R0010747.JPG", "Date": "2021-10-11", "Time": "16:26:06", "North": "", "Azimuth": null, "Cam. Maker": "RICOH                ", "Cam. Model": "RICOH THETA SC     , ... ]", "Timestamp": "2021-10-11T16:26:06", "id": 744 }, "geometry": { "type": "Point", "coordinates": [ 136.92298055555554, 35.552930555555555 ] } },
{ "type": "Feature", "properties": { "Name": "R0011459.JPG", "Date": "2022-01-27", "Time": "15:59:19", "North": "", "Azimuth": null, "Cam. Maker": "RICOH                ", "Cam. Model": "RICOH THETA SC     , ... ]", "Timestamp": "2022-01-27T15:59:19", "id": 745 }, "geometry": { "type": "Point", "coordinates": [ 136.918641666666645, 35.555652777777773 ] } },
{ "type": "Feature", "properties": { "Name": "R0010753.JPG", "Date": "2021-10-11", "Time": "16:27:21", "North": "", "Azimuth": null, "Cam. Maker": "RICOH                ", "Cam. Model": "RICOH THETA SC     , ... ]", "Timestamp": "2021-10-11T16:27:21", "id": 746 }, "geometry": { "type": "Point", "coordinates": [ 136.92328055555555, 35.552708333333328 ] } },
{ "type": "Feature", "properties": { "Name": "R0010035.JPG", "Date": "2020-04-15", "Time": "09:41:04", "North": "", "Azimuth": null, "Cam. Maker": "RICOH                ", "Cam. Model": "RICOH THETA SC     , ... ]", "Timestamp": "2020-04-15T09:41:04", "id": 747 }, "geometry": { "type": "Point", "coordinates": [ 136.920783333333333, 35.550933333333333 ] } },
{ "type": "Feature", "properties": { "Name": "R0010586.JPG", "Date": "2021-10-11", "Time": "15:19:59", "North": "", "Azimuth": null, "Cam. Maker": "RICOH                ", "Cam. Model": "RICOH THETA SC     , ... ]", "Timestamp": "2021-10-11T15:19:59", "id": 748 }, "geometry": { "type": "Point", "coordinates": [ 136.924693032856936, 35.549421900653741 ] } },
{ "type": "Feature", "properties": { "Name": "R0010592.JPG", "Date": "2021-10-11", "Time": "15:21:16", "North": "", "Azimuth": null, "Cam. Maker": "RICOH                ", "Cam. Model": "RICOH THETA SC     , ... ]", "Timestamp": "2021-10-11T15:21:16", "id": 749 }, "geometry": { "type": "Point", "coordinates": [ 136.924816666666658, 35.548883333333329 ] } },
{ "type": "Feature", "properties": { "Name": "R0010579.JPG", "Date": "2021-10-11", "Time": "15:18:01", "North": "", "Azimuth": null, "Cam. Maker": "RICOH                ", "Cam. Model": "RICOH THETA SC     , ... ]", "Timestamp": "2021-10-11T15:18:01", "id": 750 }, "geometry": { "type": "Point", "coordinates": [ 136.925391666666656, 35.549725 ] } },
{ "type": "Feature", "properties": { "Name": "R0011101.JPG", "Date": "2021-10-19", "Time": "11:10:30", "North": "", "Azimuth": null, "Cam. Maker": "RICOH                ", "Cam. Model": "RICOH THETA SC     , ... ]", "Timestamp": "2021-10-19T11:10:30", "id": 751 }, "geometry": { "type": "Point", "coordinates": [ 136.92415833333331, 35.554830555555554 ] } },
{ "type": "Feature", "properties": { "Name": "R0011115.JPG", "Date": "2021-10-19", "Time": "11:13:35", "North": "", "Azimuth": null, "Cam. Maker": "RICOH                ", "Cam. Model": "RICOH THETA SC     , ... ]", "Timestamp": "2021-10-19T11:13:35", "id": 752 }, "geometry": { "type": "Point", "coordinates": [ 136.924213888888886, 35.554608333333327 ] } },
{ "type": "Feature", "properties": { "Name": "R0010545.JPG", "Date": "2021-10-11", "Time": "15:09:32", "North": "", "Azimuth": null, "Cam. Maker": "RICOH                ", "Cam. Model": "RICOH THETA SC     , ... ]", "Timestamp": "2021-10-11T15:09:32", "id": 753 }, "geometry": { "type": "Point", "coordinates": [ 136.925469444444445, 35.55215 ] } },
{ "type": "Feature", "properties": { "Name": "R0010223.JPG", "Date": "2020-04-15", "Time": "10:56:42", "North": "", "Azimuth": null, "Cam. Maker": "RICOH                ", "Cam. Model": "RICOH THETA SC     , ... ]", "Timestamp": "2020-04-15T10:56:42", "id": 754 }, "geometry": { "type": "Point", "coordinates": [ 136.921633333333347, 35.551116666666665 ] } },
{ "type": "Feature", "properties": { "Name": "R0010237.JPG", "Date": "2020-04-15", "Time": "10:59:25", "North": "", "Azimuth": null, "Cam. Maker": "RICOH                ", "Cam. Model": "RICOH THETA SC     , ... ]", "Timestamp": "2020-04-15T10:59:25", "id": 755 }, "geometry": { "type": "Point", "coordinates": [ 136.921266666666668, 35.5509 ] } },
{ "type": "Feature", "properties": { "Name": "R0011129.JPG", "Date": "2021-10-19", "Time": "11:27:01", "North": "", "Azimuth": null, "Cam. Maker": "RICOH                ", "Cam. Model": "RICOH THETA SC     , ... ]", "Timestamp": "2021-10-19T11:27:01", "id": 756 }, "geometry": { "type": "Point", "coordinates": [ 136.922358333333335, 35.555233333333334 ] } },
{ "type": "Feature", "properties": { "Name": "R0010551.JPG", "Date": "2021-10-11", "Time": "15:10:48", "North": "", "Azimuth": null, "Cam. Maker": "RICOH                ", "Cam. Model": "RICOH THETA SC     , ... ]", "Timestamp": "2021-10-11T15:10:48", "id": 757 }, "geometry": { "type": "Point", "coordinates": [ 136.925366666666662, 35.551666666666662 ] } },
{ "type": "Feature", "properties": { "Name": "R0010394.JPG", "Date": "2021-10-06", "Time": "10:04:15", "North": "", "Azimuth": null, "Cam. Maker": "RICOH                ", "Cam. Model": "RICOH THETA SC     , ... ]", "Timestamp": "2021-10-06T10:04:15", "id": 758 }, "geometry": { "type": "Point", "coordinates": [ 136.924858333333333, 35.552591666666665 ] } },
{ "type": "Feature", "properties": { "Name": "R0010380.JPG", "Date": "2021-10-06", "Time": "09:53:02", "North": "", "Azimuth": null, "Cam. Maker": "RICOH                ", "Cam. Model": "RICOH THETA SC     , ... ]", "Timestamp": "2021-10-06T09:53:02", "id": 759 }, "geometry": { "type": "Point", "coordinates": [ 136.923838888888866, 35.553802777777776 ] } },
{ "type": "Feature", "properties": { "Name": "R0011075.JPG", "Date": "2021-10-19", "Time": "10:35:57", "North": "", "Azimuth": null, "Cam. Maker": "RICOH                ", "Cam. Model": "RICOH THETA SC     , ... ]", "Timestamp": "2021-10-19T10:35:57", "id": 760 }, "geometry": { "type": "Point", "coordinates": [ 136.921547222222216, 35.553852777777777 ] } },
{ "type": "Feature", "properties": { "Name": "R0011061.JPG", "Date": "2021-10-19", "Time": "10:32:17", "North": "", "Azimuth": null, "Cam. Maker": "RICOH                ", "Cam. Model": "RICOH THETA SC     , ... ]", "Timestamp": "2021-10-19T10:32:17", "id": 761 }, "geometry": { "type": "Point", "coordinates": [ 136.92005, 35.552383333333331 ] } },
{ "type": "Feature", "properties": { "Name": "R0010419.JPG", "Date": "2021-10-06", "Time": "10:16:44", "North": "", "Azimuth": null, "Cam. Maker": "RICOH                ", "Cam. Model": "RICOH THETA SC     , ... ]", "Timestamp": "2021-10-06T10:16:44", "id": 762 }, "geometry": { "type": "Point", "coordinates": [ 136.926736111111097, 35.55159722222222 ] } },
{ "type": "Feature", "properties": { "Name": "R0010431.JPG", "Date": "2021-10-06", "Time": "12:34:50", "North": "", "Azimuth": null, "Cam. Maker": "RICOH                ", "Cam. Model": "RICOH THETA SC     , ... ]", "Timestamp": "2021-10-06T12:34:50", "id": 763 }, "geometry": { "type": "Point", "coordinates": [ 136.926583333333326, 35.55035 ] } },
{ "type": "Feature", "properties": { "Name": "R0011049.JPG", "Date": "2021-10-19", "Time": "10:17:00", "North": "", "Azimuth": null, "Cam. Maker": "RICOH                ", "Cam. Model": "RICOH THETA SC     , ... ]", "Timestamp": "2021-10-19T10:17:00", "id": 764 }, "geometry": { "type": "Point", "coordinates": [ 136.922109743701412, 35.552746551024086 ] } },
{ "type": "Feature", "properties": { "Name": "R0010357.JPG", "Date": "2020-04-15", "Time": "11:51:51", "North": "", "Azimuth": null, "Cam. Maker": "RICOH                ", "Cam. Model": "RICOH THETA SC     , ... ]", "Timestamp": "2020-04-15T11:51:51", "id": 765 }, "geometry": { "type": "Point", "coordinates": [ 136.9225, 35.55005 ] } },
{ "type": "Feature", "properties": { "Name": "R0010343.JPG", "Date": "2020-04-15", "Time": "11:46:27", "North": "", "Azimuth": null, "Cam. Maker": "RICOH                ", "Cam. Model": "RICOH THETA SC     , ... ]", "Timestamp": "2020-04-15T11:46:27", "id": 766 }, "geometry": { "type": "Point", "coordinates": [ 136.923166666666674, 35.549283333333335 ] } },
{ "type": "Feature", "properties": { "Name": "R0010425.JPG", "Date": "2021-10-06", "Time": "12:33:04", "North": "", "Azimuth": null, "Cam. Maker": "RICOH                ", "Cam. Model": "RICOH THETA SC     , ... ]", "Timestamp": "2021-10-06T12:33:04", "id": 767 }, "geometry": { "type": "Point", "coordinates": [ 136.926663888888868, 35.550933333333333 ] } },
{ "type": "Feature", "properties": { "Name": "R0010814.JPG", "Date": "2021-10-14", "Time": "14:32:11", "North": "", "Azimuth": null, "Cam. Maker": "RICOH                ", "Cam. Model": "RICOH THETA SC     , ... ]", "Timestamp": "2021-10-14T14:32:11", "id": 768 }, "geometry": { "type": "Point", "coordinates": [ 136.9223, 35.554936111111111 ] } },
{ "type": "Feature", "properties": { "Name": "R0010800.JPG", "Date": "2021-10-14", "Time": "14:28:09", "North": "", "Azimuth": null, "Cam. Maker": "RICOH                ", "Cam. Model": "RICOH THETA SC     , ... ]", "Timestamp": "2021-10-14T14:28:09", "id": 769 }, "geometry": { "type": "Point", "coordinates": [ 136.921805555555551, 35.554777777777772 ] } },
{ "type": "Feature", "properties": { "Name": "R0011288.JPG", "Date": "2021-11-29", "Time": "11:00:52", "North": "", "Azimuth": null, "Cam. Maker": "RICOH                ", "Cam. Model": "RICOH THETA SC     , ... ]", "Timestamp": "2021-11-29T11:00:52", "id": 770 }, "geometry": { "type": "Point", "coordinates": [ 136.919075, 35.549413888888886 ] } },
{ "type": "Feature", "properties": { "Name": "R0010196.JPG", "Date": "2020-04-15", "Time": "10:48:14", "North": "", "Azimuth": null, "Cam. Maker": "RICOH                ", "Cam. Model": "RICOH THETA SC     , ... ]", "Timestamp": "2020-04-15T10:48:14", "id": 771 }, "geometry": { "type": "Point", "coordinates": [ 136.923883333333322, 35.5507 ] } },
{ "type": "Feature", "properties": { "Name": "R0010828.JPG", "Date": "2021-10-14", "Time": "14:42:15", "North": "", "Azimuth": null, "Cam. Maker": "RICOH                ", "Cam. Model": "RICOH THETA SC     , ... ]", "Timestamp": "2021-10-14T14:42:15", "id": 772 }, "geometry": { "type": "Point", "coordinates": [ 136.92115, 35.554233333333329 ] } },
{ "type": "Feature", "properties": { "Name": "R0010182.JPG", "Date": "2020-04-15", "Time": "10:43:13", "North": "", "Azimuth": null, "Cam. Maker": "RICOH                ", "Cam. Model": "RICOH THETA SC     , ... ]", "Timestamp": "2020-04-15T10:43:13", "id": 773 }, "geometry": { "type": "Point", "coordinates": [ 136.924666666666667, 35.55063333333333 ] } },
{ "type": "Feature", "properties": { "Name": "R0010169.JPG", "Date": "2020-04-15", "Time": "10:39:27", "North": "", "Azimuth": null, "Cam. Maker": "RICOH                ", "Cam. Model": "RICOH THETA SC     , ... ]", "Timestamp": "2020-04-15T10:39:27", "id": 774 }, "geometry": { "type": "Point", "coordinates": [ 136.92465, 35.5499 ] } },
{ "type": "Feature", "properties": { "Name": "R0011277.JPG", "Date": "2021-11-29", "Time": "10:42:43", "North": "", "Azimuth": null, "Cam. Maker": "RICOH                ", "Cam. Model": "RICOH THETA SC     , ... ]", "Timestamp": "2021-11-29T10:42:43", "id": 775 }, "geometry": { "type": "Point", "coordinates": [ 136.9218, 35.550233333333331 ] } },
{ "type": "Feature", "properties": { "Name": "R0010155.JPG", "Date": "2020-04-15", "Time": "10:34:51", "North": "", "Azimuth": null, "Cam. Maker": "RICOH                ", "Cam. Model": "RICOH THETA SC     , ... ]", "Timestamp": "2020-04-15T10:34:51", "id": 776 }, "geometry": { "type": "Point", "coordinates": [ 136.924283333333335, 35.549266666666668 ] } },
{ "type": "Feature", "properties": { "Name": "R0010633.JPG", "Date": "2021-10-11", "Time": "15:41:03", "North": "", "Azimuth": null, "Cam. Maker": "RICOH                ", "Cam. Model": "RICOH THETA SC     , ... ]", "Timestamp": "2021-10-11T15:41:03", "id": 777 }, "geometry": { "type": "Point", "coordinates": [ 136.924663888888887, 35.549458333333334 ] } },
{ "type": "Feature", "properties": { "Name": "R0010627.JPG", "Date": "2021-10-11", "Time": "15:39:02", "North": "", "Azimuth": null, "Cam. Maker": "RICOH                ", "Cam. Model": "RICOH THETA SC     , ... ]", "Timestamp": "2021-10-11T15:39:02", "id": 778 }, "geometry": { "type": "Point", "coordinates": [ 136.925033333333317, 35.549283333333328 ] } },
{ "type": "Feature", "properties": { "Name": "R0010141.JPG", "Date": "2020-04-15", "Time": "10:30:16", "North": "", "Azimuth": null, "Cam. Maker": "RICOH                ", "Cam. Model": "RICOH THETA SC     , ... ]", "Timestamp": "2020-04-15T10:30:16", "id": 779 }, "geometry": { "type": "Point", "coordinates": [ 136.924216666666666, 35.548733333333331 ] } },
{ "type": "Feature", "properties": { "Name": "R0010631.JPG", "Date": "2021-10-11", "Time": "15:40:36", "North": "", "Azimuth": null, "Cam. Maker": "RICOH                ", "Cam. Model": "RICOH THETA SC     , ... ]", "Timestamp": "2021-10-11T15:40:36", "id": 780 }, "geometry": { "type": "Point", "coordinates": [ 136.924783333333323, 35.549433333333333 ] } },
{ "type": "Feature", "properties": { "Name": "R0011249.JPG", "Date": "2021-11-25", "Time": "12:02:47", "North": "", "Azimuth": null, "Cam. Maker": "RICOH                ", "Cam. Model": "RICOH THETA SC     , ... ]", "Timestamp": "2021-11-25T12:02:47", "id": 781 }, "geometry": { "type": "Point", "coordinates": [ 136.9224, 35.550783333333328 ] } },
{ "type": "Feature", "properties": { "Name": "R0010157.JPG", "Date": "2020-04-15", "Time": "10:35:23", "North": "", "Azimuth": null, "Cam. Maker": "RICOH                ", "Cam. Model": "RICOH THETA SC     , ... ]", "Timestamp": "2020-04-15T10:35:23", "id": 782 }, "geometry": { "type": "Point", "coordinates": [ 136.924166666666679, 35.5494 ] } },
{ "type": "Feature", "properties": { "Name": "R0010143.JPG", "Date": "2020-04-15", "Time": "10:31:00", "North": "", "Azimuth": null, "Cam. Maker": "RICOH                ", "Cam. Model": "RICOH THETA SC     , ... ]", "Timestamp": "2020-04-15T10:31:00", "id": 783 }, "geometry": { "type": "Point", "coordinates": [ 136.924183333333332, 35.548766666666666 ] } },
{ "type": "Feature", "properties": { "Name": "R0010625.JPG", "Date": "2021-10-11", "Time": "15:38:38", "North": "", "Azimuth": null, "Cam. Maker": "RICOH                ", "Cam. Model": "RICOH THETA SC     , ... ]", "Timestamp": "2021-10-11T15:38:38", "id": 784 }, "geometry": { "type": "Point", "coordinates": [ 136.9251, 35.549266666666668 ] } },
{ "type": "Feature", "properties": { "Name": "R0011275.JPG", "Date": "2021-11-29", "Time": "10:42:05", "North": "", "Azimuth": null, "Cam. Maker": "RICOH                ", "Cam. Model": "RICOH THETA SC     , ... ]", "Timestamp": "2021-11-29T10:42:05", "id": 785 }, "geometry": { "type": "Point", "coordinates": [ 136.921766666666656, 35.550316666666667 ] } },
{ "type": "Feature", "properties": { "Name": "R0010619.JPG", "Date": "2021-10-11", "Time": "15:36:53", "North": "", "Azimuth": null, "Cam. Maker": "RICOH                ", "Cam. Model": "RICOH THETA SC     , ... ]", "Timestamp": "2021-10-11T15:36:53", "id": 786 }, "geometry": { "type": "Point", "coordinates": [ 136.925283333333311, 35.549 ] } },
{ "type": "Feature", "properties": { "Name": "R0010194.JPG", "Date": "2020-04-15", "Time": "10:47:12", "North": "", "Azimuth": null, "Cam. Maker": "RICOH                ", "Cam. Model": "RICOH THETA SC     , ... ]", "Timestamp": "2020-04-15T10:47:12", "id": 787 }, "geometry": { "type": "Point", "coordinates": [ 136.9241, 35.550683333333332 ] } },
{ "type": "Feature", "properties": { "Name": "R0010180.JPG", "Date": "2020-04-15", "Time": "10:42:47", "North": "", "Azimuth": null, "Cam. Maker": "RICOH                ", "Cam. Model": "RICOH THETA SC     , ... ]", "Timestamp": "2020-04-15T10:42:47", "id": 788 }, "geometry": { "type": "Point", "coordinates": [ 136.9246, 35.550533333333334 ] } },
{ "type": "Feature", "properties": { "Name": "R0010816.JPG", "Date": "2021-10-14", "Time": "14:32:52", "North": "", "Azimuth": null, "Cam. Maker": "RICOH                ", "Cam. Model": "RICOH THETA SC     , ... ]", "Timestamp": "2021-10-14T14:32:52", "id": 789 }, "geometry": { "type": "Point", "coordinates": [ 136.922211111111096, 35.555011111111106 ] } },
{ "type": "Feature", "properties": { "Name": "R0010802.JPG", "Date": "2021-10-14", "Time": "14:29:00", "North": "", "Azimuth": null, "Cam. Maker": "RICOH                ", "Cam. Model": "RICOH THETA SC     , ... ]", "Timestamp": "2021-10-14T14:29:00", "id": 790 }, "geometry": { "type": "Point", "coordinates": [ 136.921908333333334, 35.554916666666664 ] } },
{ "type": "Feature", "properties": { "Name": "R0010355.JPG", "Date": "2020-04-15", "Time": "11:51:00", "North": "", "Azimuth": null, "Cam. Maker": "RICOH                ", "Cam. Model": "RICOH THETA SC     , ... ]", "Timestamp": "2020-04-15T11:51:00", "id": 791 }, "geometry": { "type": "Point", "coordinates": [ 136.92261666666667, 35.549816666666665 ] } },
{ "type": "Feature", "properties": { "Name": "R0010433.JPG", "Date": "2021-10-06", "Time": "12:35:24", "North": "", "Azimuth": null, "Cam. Maker": "RICOH                ", "Cam. Model": "RICOH THETA SC     , ... ]", "Timestamp": "2021-10-06T12:35:24", "id": 792 }, "geometry": { "type": "Point", "coordinates": [ 136.926752777777779, 35.550088888888887 ] } },
{ "type": "Feature", "properties": { "Name": "R0010427.JPG", "Date": "2021-10-06", "Time": "12:33:46", "North": "", "Azimuth": null, "Cam. Maker": "RICOH                ", "Cam. Model": "RICOH THETA SC     , ... ]", "Timestamp": "2021-10-06T12:33:46", "id": 793 }, "geometry": { "type": "Point", "coordinates": [ 136.926694444444422, 35.550638888888884 ] } },
{ "type": "Feature", "properties": { "Name": "R0010341.JPG", "Date": "2020-04-15", "Time": "11:45:53", "North": "", "Azimuth": null, "Cam. Maker": "RICOH                ", "Cam. Model": "RICOH THETA SC     , ... ]", "Timestamp": "2020-04-15T11:45:53", "id": 794 }, "geometry": { "type": "Point", "coordinates": [ 136.923266666666677, 35.549183333333332 ] } },
{ "type": "Feature", "properties": { "Name": "R0010369.JPG", "Date": "2021-10-06", "Time": "09:47:03", "North": "", "Azimuth": null, "Cam. Maker": "RICOH                ", "Cam. Model": "RICOH THETA SC     , ... ]", "Timestamp": "2021-10-06T09:47:03", "id": 795 }, "geometry": { "type": "Point", "coordinates": [ 136.92305, 35.554808333333334 ] } },
{ "type": "Feature", "properties": { "Name": "R0011077.JPG", "Date": "2021-10-19", "Time": "10:37:03", "North": "", "Azimuth": null, "Cam. Maker": "RICOH                ", "Cam. Model": "RICOH THETA SC     , ... ]", "Timestamp": "2021-10-19T10:37:03", "id": 796 }, "geometry": { "type": "Point", "coordinates": [ 136.921616666666665, 35.5536 ] } },
{ "type": "Feature", "properties": { "Name": "R0011063.JPG", "Date": "2021-10-19", "Time": "10:32:46", "North": "", "Azimuth": null, "Cam. Maker": "RICOH                ", "Cam. Model": "RICOH THETA SC     , ... ]", "Timestamp": "2021-10-19T10:32:46", "id": 797 }, "geometry": { "type": "Point", "coordinates": [ 136.920183333333313, 35.552633333333333 ] } },
{ "type": "Feature", "properties": { "Name": "R0011088.JPG", "Date": "2021-10-19", "Time": "10:39:39", "North": "", "Azimuth": null, "Cam. Maker": "RICOH                ", "Cam. Model": "RICOH THETA SC     , ... ]", "Timestamp": "2021-10-19T10:39:39", "id": 798 }, "geometry": { "type": "Point", "coordinates": [ 136.922563888888874, 35.553227777777778 ] } },
{ "type": "Feature", "properties": { "Name": "R0010396.JPG", "Date": "2021-10-06", "Time": "10:05:04", "North": "", "Azimuth": null, "Cam. Maker": "RICOH                ", "Cam. Model": "RICOH THETA SC     , ... ]", "Timestamp": "2021-10-06T10:05:04", "id": 799 }, "geometry": { "type": "Point", "coordinates": [ 136.925097222222206, 35.552488888888888 ] } },
{ "type": "Feature", "properties": { "Name": "R0010382.JPG", "Date": "2021-10-06", "Time": "09:53:57", "North": "", "Azimuth": null, "Cam. Maker": "RICOH                ", "Cam. Model": "RICOH THETA SC     , ... ]", "Timestamp": "2021-10-06T09:53:57", "id": 800 }, "geometry": { "type": "Point", "coordinates": [ 136.924038888888873, 35.553661111111111 ] } },
{ "type": "Feature", "properties": { "Name": "R0010221.JPG", "Date": "2020-04-15", "Time": "10:55:28", "North": "", "Azimuth": null, "Cam. Maker": "RICOH                ", "Cam. Model": "RICOH THETA SC     , ... ]", "Timestamp": "2020-04-15T10:55:28", "id": 801 }, "geometry": { "type": "Point", "coordinates": [ 136.921866666666659, 35.551083333333331 ] } },
{ "type": "Feature", "properties": { "Name": "R0010547.JPG", "Date": "2021-10-11", "Time": "15:09:57", "North": "", "Azimuth": null, "Cam. Maker": "RICOH                ", "Cam. Model": "RICOH THETA SC     , ... ]", "Timestamp": "2021-10-11T15:09:57", "id": 802 }, "geometry": { "type": "Point", "coordinates": [ 136.925452777777764, 35.551961111111112 ] } },
{ "type": "Feature", "properties": { "Name": "R0010553.JPG", "Date": "2021-10-11", "Time": "15:11:15", "North": "", "Azimuth": null, "Cam. Maker": "RICOH                ", "Cam. Model": "RICOH THETA SC     , ... ]", "Timestamp": "2021-10-11T15:11:15", "id": 803 }, "geometry": { "type": "Point", "coordinates": [ 136.925266666666658, 35.55148333333333 ] } },
{ "type": "Feature", "properties": { "Name": "R0010235.JPG", "Date": "2020-04-15", "Time": "10:59:04", "North": "", "Azimuth": null, "Cam. Maker": "RICOH                ", "Cam. Model": "RICOH THETA SC     , ... ]", "Timestamp": "2020-04-15T10:59:04", "id": 804 }, "geometry": { "type": "Point", "coordinates": [ 136.9211, 35.550983333333335 ] } },
{ "type": "Feature", "properties": { "Name": "R0011103.JPG", "Date": "2021-10-19", "Time": "11:10:57", "North": "", "Azimuth": null, "Cam. Maker": "RICOH                ", "Cam. Model": "RICOH THETA SC     , ... ]", "Timestamp": "2021-10-19T11:10:57", "id": 805 }, "geometry": { "type": "Point", "coordinates": [ 136.924477777777781, 35.554783333333333 ] } },
{ "type": "Feature", "properties": { "Name": "R0010209.JPG", "Date": "2020-04-15", "Time": "10:51:59", "North": "", "Azimuth": null, "Cam. Maker": "RICOH                ", "Cam. Model": "RICOH THETA SC     , ... ]", "Timestamp": "2020-04-15T10:51:59", "id": 806 }, "geometry": { "type": "Point", "coordinates": [ 136.92291666666668, 35.551 ] } },
{ "type": "Feature", "properties": { "Name": "R0010584.JPG", "Date": "2021-10-11", "Time": "15:19:29", "North": "", "Azimuth": null, "Cam. Maker": "RICOH                ", "Cam. Model": "RICOH THETA SC     , ... ]", "Timestamp": "2021-10-11T15:19:29", "id": 807 }, "geometry": { "type": "Point", "coordinates": [ 136.924872222222206, 35.549527777777776 ] } },
{ "type": "Feature", "properties": { "Name": "R0010590.JPG", "Date": "2021-10-11", "Time": "15:20:50", "North": "", "Azimuth": null, "Cam. Maker": "RICOH                ", "Cam. Model": "RICOH THETA SC     , ... ]", "Timestamp": "2021-10-11T15:20:50", "id": 808 }, "geometry": { "type": "Point", "coordinates": [ 136.9248, 35.549083333333328 ] } },
{ "type": "Feature", "properties": { "Name": "R0010745.JPG", "Date": "2021-10-11", "Time": "16:25:44", "North": "", "Azimuth": null, "Cam. Maker": "RICOH                ", "Cam. Model": "RICOH THETA SC     , ... ]", "Timestamp": "2021-10-11T16:25:44", "id": 809 }, "geometry": { "type": "Point", "coordinates": [ 136.923, 35.552822222222218 ] } },
{ "type": "Feature", "properties": { "Name": "R0010037.JPG", "Date": "2020-04-15", "Time": "09:41:29", "North": "", "Azimuth": null, "Cam. Maker": "RICOH                ", "Cam. Model": "RICOH THETA SC     , ... ]", "Timestamp": "2020-04-15T09:41:29", "id": 810 }, "geometry": { "type": "Point", "coordinates": [ 136.920966666666658, 35.55083333333333 ] } },
{ "type": "Feature", "properties": { "Name": "R0010989.JPG", "Date": "2021-10-14", "Time": "16:02:41", "North": "", "Azimuth": null, "Cam. Maker": "RICOH                ", "Cam. Model": "RICOH THETA SC     , ... ]", "Timestamp": "2021-10-14T16:02:41", "id": 811 }, "geometry": { "type": "Point", "coordinates": [ 136.921458333333334, 35.55201944444444 ] } },
{ "type": "Feature", "properties": { "Name": "R0010751.JPG", "Date": "2021-10-11", "Time": "16:27:04", "North": "", "Azimuth": null, "Cam. Maker": "RICOH                ", "Cam. Model": "RICOH THETA SC     , ... ]", "Timestamp": "2021-10-11T16:27:04", "id": 812 }, "geometry": { "type": "Point", "coordinates": [ 136.92325, 35.552838888888886 ] } },
{ "type": "Feature", "properties": { "Name": "R0010779.JPG", "Date": "2021-10-14", "Time": "14:20:04", "North": "", "Azimuth": null, "Cam. Maker": "RICOH                ", "Cam. Model": "RICOH THETA SC     , ... ]", "Timestamp": "2021-10-14T14:20:04", "id": 813 }, "geometry": { "type": "Point", "coordinates": [ 136.920983333333311, 35.55363333333333 ] } },
{ "type": "Feature", "properties": { "Name": "R0011301.JPG", "Date": "2021-11-29", "Time": "11:04:37", "North": "", "Azimuth": null, "Cam. Maker": "RICOH                ", "Cam. Model": "RICOH THETA SC     , ... ]", "Timestamp": "2021-11-29T11:04:37", "id": 814 }, "geometry": { "type": "Point", "coordinates": [ 136.920266666666663, 35.54978333333333 ] } },
{ "type": "Feature", "properties": { "Name": "R0011315.JPG", "Date": "2021-11-29", "Time": "11:10:41", "North": "", "Azimuth": null, "Cam. Maker": "RICOH                ", "Cam. Model": "RICOH THETA SC     , ... ]", "Timestamp": "2021-11-29T11:10:41", "id": 815 }, "geometry": { "type": "Point", "coordinates": [ 136.919797222222201, 35.548780555555552 ] } },
{ "type": "Feature", "properties": { "Name": "R0010786.JPG", "Date": "2021-10-14", "Time": "14:22:42", "North": "", "Azimuth": null, "Cam. Maker": "RICOH                ", "Cam. Model": "RICOH THETA SC     , ... ]", "Timestamp": "2021-10-14T14:22:42", "id": 816 }, "geometry": { "type": "Point", "coordinates": [ 136.921116666666649, 35.553883333333332 ] } },
{ "type": "Feature", "properties": { "Name": "R0010792.JPG", "Date": "2021-10-14", "Time": "14:24:31", "North": "", "Azimuth": null, "Cam. Maker": "RICOH                ", "Cam. Model": "RICOH THETA SC     , ... ]", "Timestamp": "2021-10-14T14:24:31", "id": 817 }, "geometry": { "type": "Point", "coordinates": [ 136.921166666666664, 35.554366666666667 ] } },
{ "type": "Feature", "properties": { "Name": "R0010962.JPG", "Date": "2021-10-14", "Time": "15:40:31", "North": "", "Azimuth": null, "Cam. Maker": "RICOH                ", "Cam. Model": "RICOH THETA SC     , ... ]", "Timestamp": "2021-10-14T15:40:31", "id": 818 }, "geometry": { "type": "Point", "coordinates": [ 136.924416666666644, 35.5512 ] } },
{ "type": "Feature", "properties": { "Name": "R0010976.JPG", "Date": "2021-10-14", "Time": "15:59:11", "North": "", "Azimuth": null, "Cam. Maker": "RICOH                ", "Cam. Model": "RICOH THETA SC     , ... ]", "Timestamp": "2021-10-14T15:59:11", "id": 819 }, "geometry": { "type": "Point", "coordinates": [ 136.9221, 35.55213333333333 ] } },
{ "type": "Feature", "properties": { "Name": "R0010977.JPG", "Date": "2021-10-14", "Time": "15:59:23", "North": "", "Azimuth": null, "Cam. Maker": "RICOH                ", "Cam. Model": "RICOH THETA SC     , ... ]", "Timestamp": "2021-10-14T15:59:23", "id": 820 }, "geometry": { "type": "Point", "coordinates": [ 136.9221, 35.5521 ] } },
{ "type": "Feature", "properties": { "Name": "R0010963.JPG", "Date": "2021-10-14", "Time": "15:40:46", "North": "", "Azimuth": null, "Cam. Maker": "RICOH                ", "Cam. Model": "RICOH THETA SC     , ... ]", "Timestamp": "2021-10-14T15:40:46", "id": 821 }, "geometry": { "type": "Point", "coordinates": [ 136.924366666666657, 35.5512 ] } },
{ "type": "Feature", "properties": { "Name": "R0010793.JPG", "Date": "2021-10-14", "Time": "14:24:50", "North": "", "Azimuth": null, "Cam. Maker": "RICOH                ", "Cam. Model": "RICOH THETA SC     , ... ]", "Timestamp": "2021-10-14T14:24:50", "id": 822 }, "geometry": { "type": "Point", "coordinates": [ 136.92125, 35.554455555555556 ] } },
{ "type": "Feature", "properties": { "Name": "R0010787.JPG", "Date": "2021-10-14", "Time": "14:22:53", "North": "", "Azimuth": null, "Cam. Maker": "RICOH                ", "Cam. Model": "RICOH THETA SC     , ... ]", "Timestamp": "2021-10-14T14:22:53", "id": 823 }, "geometry": { "type": "Point", "coordinates": [ 136.921108333333336, 35.553969444444441 ] } },
{ "type": "Feature", "properties": { "Name": "R0011314.JPG", "Date": "2021-11-29", "Time": "11:10:26", "North": "", "Azimuth": null, "Cam. Maker": "RICOH                ", "Cam. Model": "RICOH THETA SC     , ... ]", "Timestamp": "2021-11-29T11:10:26", "id": 824 }, "geometry": { "type": "Point", "coordinates": [ 136.919705555555538, 35.548833333333334 ] } },
{ "type": "Feature", "properties": { "Name": "R0010778.JPG", "Date": "2021-10-14", "Time": "14:19:57", "North": "", "Azimuth": null, "Cam. Maker": "RICOH                ", "Cam. Model": "RICOH THETA SC     , ... ]", "Timestamp": "2021-10-14T14:19:57", "id": 825 }, "geometry": { "type": "Point", "coordinates": [ 136.920966666666658, 35.553616666666663 ] } },
{ "type": "Feature", "properties": { "Name": "R0011300.JPG", "Date": "2021-11-29", "Time": "11:04:15", "North": "", "Azimuth": null, "Cam. Maker": "RICOH                ", "Cam. Model": "RICOH THETA SC     , ... ]", "Timestamp": "2021-11-29T11:04:15", "id": 826 }, "geometry": { "type": "Point", "coordinates": [ 136.920183333333313, 35.549766666666663 ] } },
{ "type": "Feature", "properties": { "Name": "R0011328.JPG", "Date": "2021-11-29", "Time": "11:13:51", "North": "", "Azimuth": null, "Cam. Maker": "RICOH                ", "Cam. Model": "RICOH THETA SC     , ... ]", "Timestamp": "2021-11-29T11:13:51", "id": 827 }, "geometry": { "type": "Point", "coordinates": [ 136.921086111111094, 35.547952777777773 ] } },
{ "type": "Feature", "properties": { "Name": "R0010036.JPG", "Date": "2020-04-15", "Time": "09:41:16", "North": "", "Azimuth": null, "Cam. Maker": "RICOH                ", "Cam. Model": "RICOH THETA SC     , ... ]", "Timestamp": "2020-04-15T09:41:16", "id": 828 }, "geometry": { "type": "Point", "coordinates": [ 136.920866666666655, 35.550883333333331 ] } },
{ "type": "Feature", "properties": { "Name": "R0010750.JPG", "Date": "2021-10-11", "Time": "16:26:39", "North": "", "Azimuth": null, "Cam. Maker": "RICOH                ", "Cam. Model": "RICOH THETA SC     , ... ]", "Timestamp": "2021-10-11T16:26:39", "id": 829 }, "geometry": { "type": "Point", "coordinates": [ 136.923175, 35.552880555555554 ] } },
{ "type": "Feature", "properties": { "Name": "R0010988.JPG", "Date": "2021-10-14", "Time": "16:02:28", "North": "", "Azimuth": null, "Cam. Maker": "RICOH                ", "Cam. Model": "RICOH THETA SC     , ... ]", "Timestamp": "2021-10-14T16:02:28", "id": 830 }, "geometry": { "type": "Point", "coordinates": [ 136.921327777777776, 35.552061111111108 ] } },
{ "type": "Feature", "properties": { "Name": "R0010744.JPG", "Date": "2021-10-11", "Time": "16:25:31", "North": "", "Azimuth": null, "Cam. Maker": "RICOH                ", "Cam. Model": "RICOH THETA SC     , ... ]", "Timestamp": "2021-10-11T16:25:31", "id": 831 }, "geometry": { "type": "Point", "coordinates": [ 136.923091666666664, 35.552727777777775 ] } },
{ "type": "Feature", "properties": { "Name": "R0010591.JPG", "Date": "2021-10-11", "Time": "15:21:03", "North": "", "Azimuth": null, "Cam. Maker": "RICOH                ", "Cam. Model": "RICOH THETA SC     , ... ]", "Timestamp": "2021-10-11T15:21:03", "id": 832 }, "geometry": { "type": "Point", "coordinates": [ 136.924816666666658, 35.549 ] } },
{ "type": "Feature", "properties": { "Name": "R0010585.JPG", "Date": "2021-10-11", "Time": "15:19:45", "North": "", "Azimuth": null, "Cam. Maker": "RICOH                ", "Cam. Model": "RICOH THETA SC     , ... ]", "Timestamp": "2021-10-11T15:19:45", "id": 833 }, "geometry": { "type": "Point", "coordinates": [ 136.92476388888889, 35.549483333333335 ] } },
{ "type": "Feature", "properties": { "Name": "R0010208.JPG", "Date": "2020-04-15", "Time": "10:51:48", "North": "", "Azimuth": null, "Cam. Maker": "RICOH                ", "Cam. Model": "RICOH THETA SC     , ... ]", "Timestamp": "2020-04-15T10:51:48", "id": 834 }, "geometry": { "type": "Point", "coordinates": [ 136.92298333333332, 35.550966666666667 ] } },
{ "type": "Feature", "properties": { "Name": "R0011116.JPG", "Date": "2021-10-19", "Time": "11:13:49", "North": "", "Azimuth": null, "Cam. Maker": "RICOH                ", "Cam. Model": "RICOH THETA SC     , ... ]", "Timestamp": "2021-10-19T11:13:49", "id": 835 }, "geometry": { "type": "Point", "coordinates": [ 136.924077777777768, 35.554613888888888 ] } },
{ "type": "Feature", "properties": { "Name": "R0011102.JPG", "Date": "2021-10-19", "Time": "11:10:44", "North": "", "Azimuth": null, "Cam. Maker": "RICOH                ", "Cam. Model": "RICOH THETA SC     , ... ]", "Timestamp": "2021-10-19T11:10:44", "id": 836 }, "geometry": { "type": "Point", "coordinates": [ 136.924336111111103, 35.55481666666666 ] } },
{ "type": "Feature", "properties": { "Name": "R0010552.JPG", "Date": "2021-10-11", "Time": "15:11:00", "North": "", "Azimuth": null, "Cam. Maker": "RICOH                ", "Cam. Model": "RICOH THETA SC     , ... ]", "Timestamp": "2021-10-11T15:11:00", "id": 837 }, "geometry": { "type": "Point", "coordinates": [ 136.92535, 35.551566666666666 ] } },
{ "type": "Feature", "properties": { "Name": "R0010234.JPG", "Date": "2020-04-15", "Time": "10:58:54", "North": "", "Azimuth": null, "Cam. Maker": "RICOH                ", "Cam. Model": "RICOH THETA SC     , ... ]", "Timestamp": "2020-04-15T10:58:54", "id": 838 }, "geometry": { "type": "Point", "coordinates": [ 136.921033333333327, 35.55105 ] } },
{ "type": "Feature", "properties": { "Name": "R0010220.JPG", "Date": "2020-04-15", "Time": "10:55:13", "North": "", "Azimuth": null, "Cam. Maker": "RICOH                ", "Cam. Model": "RICOH THETA SC     , ... ]", "Timestamp": "2020-04-15T10:55:13", "id": 839 }, "geometry": { "type": "Point", "coordinates": [ 136.921966666666663, 35.551066666666664 ] } },
{ "type": "Feature", "properties": { "Name": "R0010546.JPG", "Date": "2021-10-11", "Time": "15:09:44", "North": "", "Azimuth": null, "Cam. Maker": "RICOH                ", "Cam. Model": "RICOH THETA SC     , ... ]", "Timestamp": "2021-10-11T15:09:44", "id": 840 }, "geometry": { "type": "Point", "coordinates": [ 136.925472222222226, 35.552072222222222 ] } },
{ "type": "Feature", "properties": { "Name": "R0010383.JPG", "Date": "2021-10-06", "Time": "09:54:38", "North": "", "Azimuth": null, "Cam. Maker": "RICOH                ", "Cam. Model": "RICOH THETA SC     , ... ]", "Timestamp": "2021-10-06T09:54:38", "id": 841 }, "geometry": { "type": "Point", "coordinates": [ 136.924133333333316, 35.553616666666663 ] } },
{ "type": "Feature", "properties": { "Name": "R0010397.JPG", "Date": "2021-10-06", "Time": "10:05:29", "North": "", "Azimuth": null, "Cam. Maker": "RICOH                ", "Cam. Model": "RICOH THETA SC     , ... ]", "Timestamp": "2021-10-06T10:05:29", "id": 842 }, "geometry": { "type": "Point", "coordinates": [ 136.925263888888878, 35.552461111111107 ] } },
{ "type": "Feature", "properties": { "Name": "R0011089.JPG", "Date": "2021-10-19", "Time": "10:39:54", "North": "", "Azimuth": null, "Cam. Maker": "RICOH                ", "Cam. Model": "RICOH THETA SC     , ... ]", "Timestamp": "2021-10-19T10:39:54", "id": 843 }, "geometry": { "type": "Point", "coordinates": [ 136.922655555555536, 35.553138888888888 ] } },
{ "type": "Feature", "properties": { "Name": "R0011062.JPG", "Date": "2021-10-19", "Time": "10:32:31", "North": "", "Azimuth": null, "Cam. Maker": "RICOH                ", "Cam. Model": "RICOH THETA SC     , ... ]", "Timestamp": "2021-10-19T10:32:31", "id": 844 }, "geometry": { "type": "Point", "coordinates": [ 136.9201, 35.5525 ] } },
{ "type": "Feature", "properties": { "Name": "R0011076.JPG", "Date": "2021-10-19", "Time": "10:36:14", "North": "", "Azimuth": null, "Cam. Maker": "RICOH                ", "Cam. Model": "RICOH THETA SC     , ... ]", "Timestamp": "2021-10-19T10:36:14", "id": 845 }, "geometry": { "type": "Point", "coordinates": [ 136.921613888888885, 35.55371944444444 ] } },
{ "type": "Feature", "properties": { "Name": "R0010368.JPG", "Date": "2021-10-06", "Time": "09:46:48", "North": "", "Azimuth": null, "Cam. Maker": "RICOH                ", "Cam. Model": "RICOH THETA SC     , ... ]", "Timestamp": "2021-10-06T09:46:48", "id": 846 }, "geometry": { "type": "Point", "coordinates": [ 136.923005555555534, 35.554869444444442 ] } },
{ "type": "Feature", "properties": { "Name": "R0010426.JPG", "Date": "2021-10-06", "Time": "12:33:25", "North": "", "Azimuth": null, "Cam. Maker": "RICOH                ", "Cam. Model": "RICOH THETA SC     , ... ]", "Timestamp": "2021-10-06T12:33:25", "id": 847 }, "geometry": { "type": "Point", "coordinates": [ 136.926716666666664, 35.550783333333328 ] } },
{ "type": "Feature", "properties": { "Name": "R0010340.JPG", "Date": "2020-04-15", "Time": "11:45:16", "North": "", "Azimuth": null, "Cam. Maker": "RICOH                ", "Cam. Model": "RICOH THETA SC     , ... ]", "Timestamp": "2020-04-15T11:45:16", "id": 848 }, "geometry": { "type": "Point", "coordinates": [ 136.923216666666661, 35.54915 ] } },
{ "type": "Feature", "properties": { "Name": "R0010354.JPG", "Date": "2020-04-15", "Time": "11:50:43", "North": "", "Azimuth": null, "Cam. Maker": "RICOH                ", "Cam. Model": "RICOH THETA SC     , ... ]", "Timestamp": "2020-04-15T11:50:43", "id": 849 }, "geometry": { "type": "Point", "coordinates": [ 136.92265, 35.549766666666663 ] } },
{ "type": "Feature", "properties": { "Name": "R0010432.JPG", "Date": "2021-10-06", "Time": "12:35:09", "North": "", "Azimuth": null, "Cam. Maker": "RICOH                ", "Cam. Model": "RICOH THETA SC     , ... ]", "Timestamp": "2021-10-06T12:35:09", "id": 850 }, "geometry": { "type": "Point", "coordinates": [ 136.926666666666648, 35.550216666666664 ] } },
{ "type": "Feature", "properties": { "Name": "R0010803.JPG", "Date": "2021-10-14", "Time": "14:29:15", "North": "", "Azimuth": null, "Cam. Maker": "RICOH                ", "Cam. Model": "RICOH THETA SC     , ... ]", "Timestamp": "2021-10-14T14:29:15", "id": 851 }, "geometry": { "type": "Point", "coordinates": [ 136.921938888888889, 35.554972222222219 ] } },
{ "type": "Feature", "properties": { "Name": "R0010817.JPG", "Date": "2021-10-14", "Time": "14:33:09", "North": "", "Azimuth": null, "Cam. Maker": "RICOH                ", "Cam. Model": "RICOH THETA SC     , ... ]", "Timestamp": "2021-10-14T14:33:09", "id": 852 }, "geometry": { "type": "Point", "coordinates": [ 136.922177777777762, 35.555058333333328 ] } },
{ "type": "Feature", "properties": { "Name": "R0010181.JPG", "Date": "2020-04-15", "Time": "10:42:59", "North": "", "Azimuth": null, "Cam. Maker": "RICOH                ", "Cam. Model": "RICOH THETA SC     , ... ]", "Timestamp": "2020-04-15T10:42:59", "id": 853 }, "geometry": { "type": "Point", "coordinates": [ 136.924633333333333, 35.550583333333336 ] } },
{ "type": "Feature", "properties": { "Name": "R0010195.JPG", "Date": "2020-04-15", "Time": "10:47:48", "North": "", "Azimuth": null, "Cam. Maker": "RICOH                ", "Cam. Model": "RICOH THETA SC     , ... ]", "Timestamp": "2020-04-15T10:47:48", "id": 854 }, "geometry": { "type": "Point", "coordinates": [ 136.923983333333325, 35.550683333333332 ] } },
{ "type": "Feature", "properties": { "Name": "R0010618.JPG", "Date": "2021-10-11", "Time": "15:36:39", "North": "", "Azimuth": null, "Cam. Maker": "RICOH                ", "Cam. Model": "RICOH THETA SC     , ... ]", "Timestamp": "2021-10-11T15:36:39", "id": 855 }, "geometry": { "type": "Point", "coordinates": [ 136.925333333333327, 35.548916666666663 ] } },
{ "type": "Feature", "properties": { "Name": "R0011274.JPG", "Date": "2021-11-29", "Time": "10:35:41", "North": "", "Azimuth": null, "Cam. Maker": "RICOH                ", "Cam. Model": "RICOH THETA SC     , ... ]", "Timestamp": "2021-11-29T10:35:41", "id": 856 }, "geometry": { "type": "Point", "coordinates": [ 136.9224, 35.550566666666661 ] } },
{ "type": "Feature", "properties": { "Name": "R0010142.JPG", "Date": "2020-04-15", "Time": "10:30:35", "North": "", "Azimuth": null, "Cam. Maker": "RICOH                ", "Cam. Model": "RICOH THETA SC     , ... ]", "Timestamp": "2020-04-15T10:30:35", "id": 857 }, "geometry": { "type": "Point", "coordinates": [ 136.924216666666666, 35.54875 ] } },
{ "type": "Feature", "properties": { "Name": "R0010624.JPG", "Date": "2021-10-11", "Time": "15:38:22", "North": "", "Azimuth": null, "Cam. Maker": "RICOH                ", "Cam. Model": "RICOH THETA SC     , ... ]", "Timestamp": "2021-10-11T15:38:22", "id": 858 }, "geometry": { "type": "Point", "coordinates": [ 136.925083333333333, 35.549216666666666 ] } },
{ "type": "Feature", "properties": { "Name": "R0010630.JPG", "Date": "2021-10-11", "Time": "15:40:07", "North": "", "Azimuth": null, "Cam. Maker": "RICOH                ", "Cam. Model": "RICOH THETA SC     , ... ]", "Timestamp": "2021-10-11T15:40:07", "id": 859 }, "geometry": { "type": "Point", "coordinates": [ 136.924875, 35.549408333333332 ] } },
{ "type": "Feature", "properties": { "Name": "R0010156.JPG", "Date": "2020-04-15", "Time": "10:35:06", "North": "", "Azimuth": null, "Cam. Maker": "RICOH                ", "Cam. Model": "RICOH THETA SC     , ... ]", "Timestamp": "2020-04-15T10:35:06", "id": 860 }, "geometry": { "type": "Point", "coordinates": [ 136.924233333333319, 35.549333333333337 ] } },
{ "type": "Feature", "properties": { "Name": "R0011248.JPG", "Date": "2021-11-25", "Time": "12:02:31", "North": "", "Azimuth": null, "Cam. Maker": "RICOH                ", "Cam. Model": "RICOH THETA SC     , ... ]", "Timestamp": "2021-11-25T12:02:31", "id": 861 }, "geometry": { "type": "Point", "coordinates": [ 136.9223, 35.550766666666661 ] } },
{ "type": "Feature", "properties": { "Name": "R0011270.JPG", "Date": "2021-11-29", "Time": "10:34:10", "North": "", "Azimuth": null, "Cam. Maker": "RICOH                ", "Cam. Model": "RICOH THETA SC     , ... ]", "Timestamp": "2021-11-29T10:34:10", "id": 862 }, "geometry": { "type": "Point", "coordinates": [ 136.92201666666665, 35.5505 ] } },
{ "type": "Feature", "properties": { "Name": "R0010608.JPG", "Date": "2021-10-11", "Time": "15:26:00", "North": "", "Azimuth": null, "Cam. Maker": "RICOH                ", "Cam. Model": "RICOH THETA SC     , ... ]", "Timestamp": "2021-10-11T15:26:00", "id": 863 }, "geometry": { "type": "Point", "coordinates": [ 136.924691666666661, 35.548436111111108 ] } },
{ "type": "Feature", "properties": { "Name": "R0010152.JPG", "Date": "2020-04-15", "Time": "10:34:16", "North": "", "Azimuth": null, "Cam. Maker": "RICOH                ", "Cam. Model": "RICOH THETA SC     , ... ]", "Timestamp": "2020-04-15T10:34:16", "id": 864 }, "geometry": { "type": "Point", "coordinates": [ 136.924366666666657, 35.549066666666668 ] } },
{ "type": "Feature", "properties": { "Name": "R0010634.JPG", "Date": "2021-10-11", "Time": "15:41:18", "North": "", "Azimuth": null, "Cam. Maker": "RICOH                ", "Cam. Model": "RICOH THETA SC     , ... ]", "Timestamp": "2021-10-11T15:41:18", "id": 865 }, "geometry": { "type": "Point", "coordinates": [ 136.924602777777778, 35.549477777777774 ] } },
{ "type": "Feature", "properties": { "Name": "R0010620.JPG", "Date": "2021-10-11", "Time": "15:37:09", "North": "", "Azimuth": null, "Cam. Maker": "RICOH                ", "Cam. Model": "RICOH THETA SC     , ... ]", "Timestamp": "2021-10-11T15:37:09", "id": 866 }, "geometry": { "type": "Point", "coordinates": [ 136.925233333333324, 35.549083333333328 ] } },
{ "type": "Feature", "properties": { "Name": "R0010146.JPG", "Date": "2020-04-15", "Time": "10:32:15", "North": "", "Azimuth": null, "Cam. Maker": "RICOH                ", "Cam. Model": "RICOH THETA SC     , ... ]", "Timestamp": "2020-04-15T10:32:15", "id": 867 }, "geometry": { "type": "Point", "coordinates": [ 136.924083333333328, 35.548833333333334 ] } },
{ "type": "Feature", "properties": { "Name": "R0010813.JPG", "Date": "2021-10-14", "Time": "14:31:58", "North": "", "Azimuth": null, "Cam. Maker": "RICOH                ", "Cam. Model": "RICOH THETA SC     , ... ]", "Timestamp": "2021-10-14T14:31:58", "id": 868 }, "geometry": { "type": "Point", "coordinates": [ 136.922347222222214, 35.55491111111111 ] } },
{ "type": "Feature", "properties": { "Name": "R0010807.JPG", "Date": "2021-10-14", "Time": "14:30:50", "North": "", "Azimuth": null, "Cam. Maker": "RICOH                ", "Cam. Model": "RICOH THETA SC     , ... ]", "Timestamp": "2021-10-14T14:30:50", "id": 869 }, "geometry": { "type": "Point", "coordinates": [ 136.922327777777781, 35.554661111111109 ] } },
{ "type": "Feature", "properties": { "Name": "R0010191.JPG", "Date": "2020-04-15", "Time": "10:45:41", "North": "", "Azimuth": null, "Cam. Maker": "RICOH                ", "Cam. Model": "RICOH THETA SC     , ... ]", "Timestamp": "2020-04-15T10:45:41", "id": 870 }, "geometry": { "type": "Point", "coordinates": [ 136.924266666666654, 35.55081666666667 ] } },
{ "type": "Feature", "properties": { "Name": "R0010185.JPG", "Date": "2020-04-15", "Time": "10:43:56", "North": "", "Azimuth": null, "Cam. Maker": "RICOH                ", "Cam. Model": "RICOH THETA SC     , ... ]", "Timestamp": "2020-04-15T10:43:56", "id": 871 }, "geometry": { "type": "Point", "coordinates": [ 136.92461666666668, 35.5508 ] } },
{ "type": "Feature", "properties": { "Name": "R0011072.JPG", "Date": "2021-10-19", "Time": "10:35:16", "North": "", "Azimuth": null, "Cam. Maker": "RICOH                ", "Cam. Model": "RICOH THETA SC     , ... ]", "Timestamp": "2021-10-19T10:35:16", "id": 872 }, "geometry": { "type": "Point", "coordinates": [ 136.921183333333317, 35.553733333333334 ] } },
{ "type": "Feature", "properties": { "Name": "R0010378.JPG", "Date": "2021-10-06", "Time": "09:52:07", "North": "", "Azimuth": null, "Cam. Maker": "RICOH                ", "Cam. Model": "RICOH THETA SC     , ... ]", "Timestamp": "2021-10-06T09:52:07", "id": 873 }, "geometry": { "type": "Point", "coordinates": [ 136.923738888888892, 35.554041666666663 ] } },
{ "type": "Feature", "properties": { "Name": "R0011066.JPG", "Date": "2021-10-19", "Time": "10:33:30", "North": "", "Azimuth": null, "Cam. Maker": "RICOH                ", "Cam. Model": "RICOH THETA SC     , ... ]", "Timestamp": "2021-10-19T10:33:30", "id": 874 }, "geometry": { "type": "Point", "coordinates": [ 136.9206, 35.552833333333332 ] } },
{ "type": "Feature", "properties": { "Name": "R0010436.JPG", "Date": "2021-10-06", "Time": "12:36:54", "North": "", "Azimuth": null, "Cam. Maker": "RICOH                ", "Cam. Model": "RICOH THETA SC     , ... ]", "Timestamp": "2021-10-06T12:36:54", "id": 875 }, "geometry": { "type": "Point", "coordinates": [ 136.92675, 35.54995 ] } },
{ "type": "Feature", "properties": { "Name": "R0010350.JPG", "Date": "2020-04-15", "Time": "11:48:52", "North": "", "Azimuth": null, "Cam. Maker": "RICOH                ", "Cam. Model": "RICOH THETA SC     , ... ]", "Timestamp": "2020-04-15T11:48:52", "id": 876 }, "geometry": { "type": "Point", "coordinates": [ 136.922816666666677, 35.54955 ] } },
{ "type": "Feature", "properties": { "Name": "R0010344.JPG", "Date": "2020-04-15", "Time": "11:46:45", "North": "", "Azimuth": null, "Cam. Maker": "RICOH                ", "Cam. Model": "RICOH THETA SC     , ... ]", "Timestamp": "2020-04-15T11:46:45", "id": 877 }, "geometry": { "type": "Point", "coordinates": [ 136.923066666666671, 35.549333333333337 ] } },
{ "type": "Feature", "properties": { "Name": "R0010422.JPG", "Date": "2021-10-06", "Time": "12:31:24", "North": "", "Azimuth": null, "Cam. Maker": "RICOH                ", "Cam. Model": "RICOH THETA SC     , ... ]", "Timestamp": "2021-10-06T12:31:24", "id": 878 }, "geometry": { "type": "Point", "coordinates": [ 136.926666666666648, 35.551416666666661 ] } },
{ "type": "Feature", "properties": { "Name": "R0010393.JPG", "Date": "2021-10-06", "Time": "10:03:59", "North": "", "Azimuth": null, "Cam. Maker": "RICOH                ", "Cam. Model": "RICOH THETA SC     , ... ]", "Timestamp": "2021-10-06T10:03:59", "id": 879 }, "geometry": { "type": "Point", "coordinates": [ 136.92476111111111, 35.552658333333333 ] } },
{ "type": "Feature", "properties": { "Name": "R0011099.JPG", "Date": "2021-10-19", "Time": "11:10:03", "North": "", "Azimuth": null, "Cam. Maker": "RICOH                ", "Cam. Model": "RICOH THETA SC     , ... ]", "Timestamp": "2021-10-19T11:10:03", "id": 880 }, "geometry": { "type": "Point", "coordinates": [ 136.92393611111109, 35.554913888888883 ] } },
{ "type": "Feature", "properties": { "Name": "R0010387.JPG", "Date": "2021-10-06", "Time": "10:01:22", "North": "", "Azimuth": null, "Cam. Maker": "RICOH                ", "Cam. Model": "RICOH THETA SC     , ... ]", "Timestamp": "2021-10-06T10:01:22", "id": 881 }, "geometry": { "type": "Point", "coordinates": [ 136.924294444444428, 35.55335 ] } },
{ "type": "Feature", "properties": { "Name": "R0011106.JPG", "Date": "2021-10-19", "Time": "11:11:37", "North": "", "Azimuth": null, "Cam. Maker": "RICOH                ", "Cam. Model": "RICOH THETA SC     , ... ]", "Timestamp": "2021-10-19T11:11:37", "id": 882 }, "geometry": { "type": "Point", "coordinates": [ 136.924933333333314, 35.554783333333333 ] } },
{ "type": "Feature", "properties": { "Name": "R0010218.JPG", "Date": "2020-04-15", "Time": "10:54:47", "North": "", "Azimuth": null, "Cam. Maker": "RICOH                ", "Cam. Model": "RICOH THETA SC     , ... ]", "Timestamp": "2020-04-15T10:54:47", "id": 883 }, "geometry": { "type": "Point", "coordinates": [ 136.92215, 35.551083333333331 ] } },
{ "type": "Feature", "properties": { "Name": "R0011112.JPG", "Date": "2021-10-19", "Time": "11:12:51", "North": "", "Azimuth": null, "Cam. Maker": "RICOH                ", "Cam. Model": "RICOH THETA SC     , ... ]", "Timestamp": "2021-10-19T11:12:51", "id": 884 }, "geometry": { "type": "Point", "coordinates": [ 136.924644444444425, 35.554502777777778 ] } },
{ "type": "Feature", "properties": { "Name": "R0010542.JPG", "Date": "2021-10-11", "Time": "15:04:14", "North": "", "Azimuth": null, "Cam. Maker": "RICOH                ", "Cam. Model": "RICOH THETA SC     , ... ]", "Timestamp": "2021-10-11T15:04:14", "id": 885 }, "geometry": { "type": "Point", "coordinates": [ 136.92498888888889, 35.551255555555549 ] } },
{ "type": "Feature", "properties": { "Name": "R0010224.JPG", "Date": "2020-04-15", "Time": "10:56:55", "North": "", "Azimuth": null, "Cam. Maker": "RICOH                ", "Cam. Model": "RICOH THETA SC     , ... ]", "Timestamp": "2020-04-15T10:56:55", "id": 886 }, "geometry": { "type": "Point", "coordinates": [ 136.921516666666662, 35.551116666666665 ] } },
{ "type": "Feature", "properties": { "Name": "R0010230.JPG", "Date": "2020-04-15", "Time": "10:58:15", "North": "", "Azimuth": null, "Cam. Maker": "RICOH                ", "Cam. Model": "RICOH THETA SC     , ... ]", "Timestamp": "2020-04-15T10:58:15", "id": 887 }, "geometry": { "type": "Point", "coordinates": [ 136.921016666666674, 35.5513 ] } },
{ "type": "Feature", "properties": { "Name": "R0010556.JPG", "Date": "2021-10-11", "Time": "15:12:06", "North": "", "Azimuth": null, "Cam. Maker": "RICOH                ", "Cam. Model": "RICOH THETA SC     , ... ]", "Timestamp": "2021-10-11T15:12:06", "id": 888 }, "geometry": { "type": "Point", "coordinates": [ 136.925022222222225, 35.551294444444444 ] } },
{ "type": "Feature", "properties": { "Name": "R0010581.JPG", "Date": "2021-10-11", "Time": "15:18:29", "North": "", "Azimuth": null, "Cam. Maker": "RICOH                ", "Cam. Model": "RICOH THETA SC     , ... ]", "Timestamp": "2021-10-11T15:18:29", "id": 889 }, "geometry": { "type": "Point", "coordinates": [ 136.925230555555544, 35.549611111111112 ] } },
{ "type": "Feature", "properties": { "Name": "R0010595.JPG", "Date": "2021-10-11", "Time": "15:21:59", "North": "", "Azimuth": null, "Cam. Maker": "RICOH                ", "Cam. Model": "RICOH THETA SC     , ... ]", "Timestamp": "2021-10-11T15:21:59", "id": 890 }, "geometry": { "type": "Point", "coordinates": [ 136.924533333333329, 35.548683333333329 ] } },
{ "type": "Feature", "properties": { "Name": "R0011304.JPG", "Date": "2021-11-29", "Time": "11:06:34", "North": "", "Azimuth": null, "Cam. Maker": "RICOH                ", "Cam. Model": "RICOH THETA SC     , ... ]", "Timestamp": "2021-11-29T11:06:34", "id": 891 }, "geometry": { "type": "Point", "coordinates": [ 136.9194, 35.550016666666664 ] } },
{ "type": "Feature", "properties": { "Name": "R0010768.JPG", "Date": "2021-10-14", "Time": "14:17:04", "North": "", "Azimuth": null, "Cam. Maker": "RICOH                ", "Cam. Model": "RICOH THETA SC     , ... ]", "Timestamp": "2021-10-14T14:17:04", "id": 892 }, "geometry": { "type": "Point", "coordinates": [ 136.92075, 35.553591666666662 ] } },
{ "type": "Feature", "properties": { "Name": "R0011310.JPG", "Date": "2021-11-29", "Time": "11:09:31", "North": "", "Azimuth": null, "Cam. Maker": "RICOH                ", "Cam. Model": "RICOH THETA SC     , ... ]", "Timestamp": "2021-11-29T11:09:31", "id": 893 }, "geometry": { "type": "Point", "coordinates": [ 136.919383333333315, 35.549072222222222 ] } },
{ "type": "Feature", "properties": { "Name": "R0010026.JPG", "Date": "2020-04-15", "Time": "09:38:59", "North": "", "Azimuth": null, "Cam. Maker": "RICOH                ", "Cam. Model": "RICOH THETA SC     , ... ]", "Timestamp": "2020-04-15T09:38:59", "id": 894 }, "geometry": { "type": "Point", "coordinates": [ 136.919983333333334, 35.5515 ] } },
{ "type": "Feature", "properties": { "Name": "R0011338.JPG", "Date": "2021-11-29", "Time": "11:18:10", "North": "", "Azimuth": null, "Cam. Maker": "RICOH                ", "Cam. Model": "RICOH THETA SC     , ... ]", "Timestamp": "2021-11-29T11:18:10", "id": 895 }, "geometry": { "type": "Point", "coordinates": [ 136.920602777777759, 35.548602777777774 ] } },
{ "type": "Feature", "properties": { "Name": "R0010998.JPG", "Date": "2021-10-14", "Time": "16:04:46", "North": "", "Azimuth": null, "Cam. Maker": "RICOH                ", "Cam. Model": "RICOH THETA SC     , ... ]", "Timestamp": "2021-10-14T16:04:46", "id": 896 }, "geometry": { "type": "Point", "coordinates": [ 136.922377777777768, 35.551341666666666 ] } },
{ "type": "Feature", "properties": { "Name": "R0010740.JPG", "Date": "2021-10-11", "Time": "16:24:43", "North": "", "Azimuth": null, "Cam. Maker": "RICOH                ", "Cam. Model": "RICOH THETA SC     , ... ]", "Timestamp": "2021-10-11T16:24:43", "id": 897 }, "geometry": { "type": "Point", "coordinates": [ 136.923405555555547, 35.552491666666661 ] } },
{ "type": "Feature", "properties": { "Name": "R0010754.JPG", "Date": "2021-10-11", "Time": "16:27:30", "North": "", "Azimuth": null, "Cam. Maker": "RICOH                ", "Cam. Model": "RICOH THETA SC     , ... ]", "Timestamp": "2021-10-11T16:27:30", "id": 898 }, "geometry": { "type": "Point", "coordinates": [ 136.92328333333333, 35.552633333333333 ] } },
{ "type": "Feature", "properties": { "Name": "R0010032.JPG", "Date": "2020-04-15", "Time": "09:40:29", "North": "", "Azimuth": null, "Cam. Maker": "RICOH                ", "Cam. Model": "RICOH THETA SC     , ... ]", "Timestamp": "2020-04-15T09:40:29", "id": 899 }, "geometry": { "type": "Point", "coordinates": [ 136.920516666666657, 35.5511 ] } },
{ "type": "Feature", "properties": { "Name": "R0010967.JPG", "Date": "2021-10-14", "Time": "15:41:42", "North": "", "Azimuth": null, "Cam. Maker": "RICOH                ", "Cam. Model": "RICOH THETA SC     , ... ]", "Timestamp": "2021-10-14T15:41:42", "id": 900 }, "geometry": { "type": "Point", "coordinates": [ 136.92425, 35.5511 ] } },
{ "type": "Feature", "properties": { "Name": "R0010973.JPG", "Date": "2021-10-14", "Time": "15:49:12", "North": "", "Azimuth": null, "Cam. Maker": "RICOH                ", "Cam. Model": "RICOH THETA SC     , ... ]", "Timestamp": "2021-10-14T15:49:12", "id": 901 }, "geometry": { "type": "Point", "coordinates": [ 136.923475, 35.551816666666667 ] } },
{ "type": "Feature", "properties": { "Name": "R0010783.JPG", "Date": "2021-10-14", "Time": "14:21:11", "North": "", "Azimuth": null, "Cam. Maker": "RICOH                ", "Cam. Model": "RICOH THETA SC     , ... ]", "Timestamp": "2021-10-14T14:21:11", "id": 902 }, "geometry": { "type": "Point", "coordinates": [ 136.920983333333311, 35.553683333333332 ] } },
{ "type": "Feature", "properties": { "Name": "R0010797.JPG", "Date": "2021-10-14", "Time": "14:25:45", "North": "", "Azimuth": null, "Cam. Maker": "RICOH                ", "Cam. Model": "RICOH THETA SC     , ... ]", "Timestamp": "2021-10-14T14:25:45", "id": 903 }, "geometry": { "type": "Point", "coordinates": [ 136.921583333333331, 35.554716666666664 ] } },
{ "type": "Feature", "properties": { "Name": "R0010796.JPG", "Date": "2021-10-14", "Time": "14:25:31", "North": "", "Azimuth": null, "Cam. Maker": "RICOH                ", "Cam. Model": "RICOH THETA SC     , ... ]", "Timestamp": "2021-10-14T14:25:31", "id": 904 }, "geometry": { "type": "Point", "coordinates": [ 136.921458333333334, 35.554688888888883 ] } },
{ "type": "Feature", "properties": { "Name": "R0010782.JPG", "Date": "2021-10-14", "Time": "14:20:44", "North": "", "Azimuth": null, "Cam. Maker": "RICOH                ", "Cam. Model": "RICOH THETA SC     , ... ]", "Timestamp": "2021-10-14T14:20:44", "id": 905 }, "geometry": { "type": "Point", "coordinates": [ 136.92113333333333, 35.5537 ] } },
{ "type": "Feature", "properties": { "Name": "R0010972.JPG", "Date": "2021-10-14", "Time": "15:42:55", "North": "", "Azimuth": null, "Cam. Maker": "RICOH                ", "Cam. Model": "RICOH THETA SC     , ... ]", "Timestamp": "2021-10-14T15:42:55", "id": 906 }, "geometry": { "type": "Point", "coordinates": [ 136.92425, 35.550883333333331 ] } },
{ "type": "Feature", "properties": { "Name": "R0010966.JPG", "Date": "2021-10-14", "Time": "15:41:30", "North": "", "Azimuth": null, "Cam. Maker": "RICOH                ", "Cam. Model": "RICOH THETA SC     , ... ]", "Timestamp": "2021-10-14T15:41:30", "id": 907 }, "geometry": { "type": "Point", "coordinates": [ 136.924283333333335, 35.551116666666665 ] } },
{ "type": "Feature", "properties": { "Name": "R0010755.JPG", "Date": "2021-10-11", "Time": "16:28:36", "North": "", "Azimuth": null, "Cam. Maker": "RICOH                ", "Cam. Model": "RICOH THETA SC     , ... ]", "Timestamp": "2021-10-11T16:28:36", "id": 908 }, "geometry": { "type": "Point", "coordinates": [ 136.922866666666664, 35.55298333333333 ] } },
{ "type": "Feature", "properties": { "Name": "R0010033.JPG", "Date": "2020-04-15", "Time": "09:40:39", "North": "", "Azimuth": null, "Cam. Maker": "RICOH                ", "Cam. Model": "RICOH THETA SC     , ... ]", "Timestamp": "2020-04-15T09:40:39", "id": 909 }, "geometry": { "type": "Point", "coordinates": [ 136.920583333333326, 35.55105 ] } },
{ "type": "Feature", "properties": { "Name": "R0011339.JPG", "Date": "2021-11-29", "Time": "11:18:25", "North": "", "Azimuth": null, "Cam. Maker": "RICOH                ", "Cam. Model": "RICOH THETA SC     , ... ]", "Timestamp": "2021-11-29T11:18:25", "id": 910 }, "geometry": { "type": "Point", "coordinates": [ 136.9206, 35.54870833333333 ] } },
{ "type": "Feature", "properties": { "Name": "R0010027.JPG", "Date": "2020-04-15", "Time": "09:39:26", "North": "", "Azimuth": null, "Cam. Maker": "RICOH                ", "Cam. Model": "RICOH THETA SC     , ... ]", "Timestamp": "2020-04-15T09:39:26", "id": 911 }, "geometry": { "type": "Point", "coordinates": [ 136.920066666666656, 35.55145 ] } },
{ "type": "Feature", "properties": { "Name": "R0010741.JPG", "Date": "2021-10-11", "Time": "16:24:55", "North": "", "Azimuth": null, "Cam. Maker": "RICOH                ", "Cam. Model": "RICOH THETA SC     , ... ]", "Timestamp": "2021-10-11T16:24:55", "id": 912 }, "geometry": { "type": "Point", "coordinates": [ 136.923330555555538, 35.552533333333329 ] } },
{ "type": "Feature", "properties": { "Name": "R0010999.JPG", "Date": "2021-10-14", "Time": "16:05:01", "North": "", "Azimuth": null, "Cam. Maker": "RICOH                ", "Cam. Model": "RICOH THETA SC     , ... ]", "Timestamp": "2021-10-14T16:05:01", "id": 913 }, "geometry": { "type": "Point", "coordinates": [ 136.9225361111111, 35.551316666666665 ] } },
{ "type": "Feature", "properties": { "Name": "R0010769.JPG", "Date": "2021-10-14", "Time": "14:17:22", "North": "", "Azimuth": null, "Cam. Maker": "RICOH                ", "Cam. Model": "RICOH THETA SC     , ... ]", "Timestamp": "2021-10-14T14:17:22", "id": 914 }, "geometry": { "type": "Point", "coordinates": [ 136.920866666666655, 35.55355 ] } },
{ "type": "Feature", "properties": { "Name": "R0011311.JPG", "Date": "2021-11-29", "Time": "11:09:44", "North": "", "Azimuth": null, "Cam. Maker": "RICOH                ", "Cam. Model": "RICOH THETA SC     , ... ]", "Timestamp": "2021-11-29T11:09:44", "id": 915 }, "geometry": { "type": "Point", "coordinates": [ 136.919461111111104, 35.549013888888886 ] } },
{ "type": "Feature", "properties": { "Name": "R0011305.JPG", "Date": "2021-11-29", "Time": "11:06:47", "North": "", "Azimuth": null, "Cam. Maker": "RICOH                ", "Cam. Model": "RICOH THETA SC     , ... ]", "Timestamp": "2021-11-29T11:06:47", "id": 916 }, "geometry": { "type": "Point", "coordinates": [ 136.919341666666668, 35.550075 ] } },
{ "type": "Feature", "properties": { "Name": "R0010594.JPG", "Date": "2021-10-11", "Time": "15:21:43", "North": "", "Azimuth": null, "Cam. Maker": "RICOH                ", "Cam. Model": "RICOH THETA SC     , ... ]", "Timestamp": "2021-10-11T15:21:43", "id": 917 }, "geometry": { "type": "Point", "coordinates": [ 136.92468333333332, 35.54875 ] } },
{ "type": "Feature", "properties": { "Name": "R0010580.JPG", "Date": "2021-10-11", "Time": "15:18:14", "North": "", "Azimuth": null, "Cam. Maker": "RICOH                ", "Cam. Model": "RICOH THETA SC     , ... ]", "Timestamp": "2021-10-11T15:18:14", "id": 918 }, "geometry": { "type": "Point", "coordinates": [ 136.925336111111108, 35.549663888888887 ] } },
{ "type": "Feature", "properties": { "Name": "R0010231.JPG", "Date": "2020-04-15", "Time": "10:58:29", "North": "", "Azimuth": null, "Cam. Maker": "RICOH                ", "Cam. Model": "RICOH THETA SC     , ... ]", "Timestamp": "2020-04-15T10:58:29", "id": 919 }, "geometry": { "type": "Point", "coordinates": [ 136.920966666666658, 35.551233333333336 ] } },
{ "type": "Feature", "properties": { "Name": "R0010557.JPG", "Date": "2021-10-11", "Time": "15:12:20", "North": "", "Azimuth": null, "Cam. Maker": "RICOH                ", "Cam. Model": "RICOH THETA SC     , ... ]", "Timestamp": "2021-10-11T15:12:20", "id": 920 }, "geometry": { "type": "Point", "coordinates": [ 136.92490555555554, 35.551163888888887 ] } },
{ "type": "Feature", "properties": { "Name": "R0010543.JPG", "Date": "2021-10-11", "Time": "15:09:01", "North": "", "Azimuth": null, "Cam. Maker": "RICOH                ", "Cam. Model": "RICOH THETA SC     , ... ]", "Timestamp": "2021-10-11T15:09:01", "id": 921 }, "geometry": { "type": "Point", "coordinates": [ 136.925438888888891, 35.552316666666663 ] } },
{ "type": "Feature", "properties": { "Name": "R0010225.JPG", "Date": "2020-04-15", "Time": "10:57:07", "North": "", "Azimuth": null, "Cam. Maker": "RICOH                ", "Cam. Model": "RICOH THETA SC     , ... ]", "Timestamp": "2020-04-15T10:57:07", "id": 922 }, "geometry": { "type": "Point", "coordinates": [ 136.921416666666659, 35.551116666666665 ] } },
{ "type": "Feature", "properties": { "Name": "R0011113.JPG", "Date": "2021-10-19", "Time": "11:13:06", "North": "", "Azimuth": null, "Cam. Maker": "RICOH                ", "Cam. Model": "RICOH THETA SC     , ... ]", "Timestamp": "2021-10-19T11:13:06", "id": 923 }, "geometry": { "type": "Point", "coordinates": [ 136.9245, 35.5545 ] } },
{ "type": "Feature", "properties": { "Name": "R0010219.JPG", "Date": "2020-04-15", "Time": "10:54:59", "North": "", "Azimuth": null, "Cam. Maker": "RICOH                ", "Cam. Model": "RICOH THETA SC     , ... ]", "Timestamp": "2020-04-15T10:54:59", "id": 924 }, "geometry": { "type": "Point", "coordinates": [ 136.922066666666666, 35.551083333333331 ] } },
{ "type": "Feature", "properties": { "Name": "R0011107.JPG", "Date": "2021-10-19", "Time": "11:11:47", "North": "", "Azimuth": null, "Cam. Maker": "RICOH                ", "Cam. Model": "RICOH THETA SC     , ... ]", "Timestamp": "2021-10-19T11:11:47", "id": 925 }, "geometry": { "type": "Point", "coordinates": [ 136.9251, 35.5547 ] } },
{ "type": "Feature", "properties": { "Name": "R0010386.JPG", "Date": "2021-10-06", "Time": "09:56:31", "North": "", "Azimuth": null, "Cam. Maker": "RICOH                ", "Cam. Model": "RICOH THETA SC     , ... ]", "Timestamp": "2021-10-06T09:56:31", "id": 926 }, "geometry": { "type": "Point", "coordinates": [ 136.924283333333335, 35.55341111111111 ] } },
{ "type": "Feature", "properties": { "Name": "R0011098.JPG", "Date": "2021-10-19", "Time": "11:09:52", "North": "", "Azimuth": null, "Cam. Maker": "RICOH                ", "Cam. Model": "RICOH THETA SC     , ... ]", "Timestamp": "2021-10-19T11:09:52", "id": 927 }, "geometry": { "type": "Point", "coordinates": [ 136.923830555555554, 35.554975 ] } },
{ "type": "Feature", "properties": { "Name": "R0010392.JPG", "Date": "2021-10-06", "Time": "10:03:39", "North": "", "Azimuth": null, "Cam. Maker": "RICOH                ", "Cam. Model": "RICOH THETA SC     , ... ]", "Timestamp": "2021-10-06T10:03:39", "id": 928 }, "geometry": { "type": "Point", "coordinates": [ 136.924597222222218, 35.552752777777776 ] } },
{ "type": "Feature", "properties": { "Name": "R0010345.JPG", "Date": "2020-04-15", "Time": "11:47:01", "North": "", "Azimuth": null, "Cam. Maker": "RICOH                ", "Cam. Model": "RICOH THETA SC     , ... ]", "Timestamp": "2020-04-15T11:47:01", "id": 929 }, "geometry": { "type": "Point", "coordinates": [ 136.923, 35.549383333333331 ] } },
{ "type": "Feature", "properties": { "Name": "R0010423.JPG", "Date": "2021-10-06", "Time": "12:32:26", "North": "", "Azimuth": null, "Cam. Maker": "RICOH                ", "Cam. Model": "RICOH THETA SC     , ... ]", "Timestamp": "2021-10-06T12:32:26", "id": 930 }, "geometry": { "type": "Point", "coordinates": [ 136.9266, 35.551233333333329 ] } },
{ "type": "Feature", "properties": { "Name": "R0010437.JPG", "Date": "2021-10-06", "Time": "12:39:34", "North": "", "Azimuth": null, "Cam. Maker": "RICOH                ", "Cam. Model": "RICOH THETA SC     , ... ]", "Timestamp": "2021-10-06T12:39:34", "id": 931 }, "geometry": { "type": "Point", "coordinates": [ 136.926752777777779, 35.549891666666667 ] } },
{ "type": "Feature", "properties": { "Name": "R0010351.JPG", "Date": "2020-04-15", "Time": "11:49:24", "North": "", "Azimuth": null, "Cam. Maker": "RICOH                ", "Cam. Model": "RICOH THETA SC     , ... ]", "Timestamp": "2020-04-15T11:49:24", "id": 932 }, "geometry": { "type": "Point", "coordinates": [ 136.922766666666661, 35.549616666666665 ] } },
{ "type": "Feature", "properties": { "Name": "R0011067.JPG", "Date": "2021-10-19", "Time": "10:33:41", "North": "", "Azimuth": null, "Cam. Maker": "RICOH                ", "Cam. Model": "RICOH THETA SC     , ... ]", "Timestamp": "2021-10-19T10:33:41", "id": 933 }, "geometry": { "type": "Point", "coordinates": [ 136.92069166666667, 35.552875 ] } },
{ "type": "Feature", "properties": { "Name": "R0010379.JPG", "Date": "2021-10-06", "Time": "09:52:35", "North": "", "Azimuth": null, "Cam. Maker": "RICOH                ", "Cam. Model": "RICOH THETA SC     , ... ]", "Timestamp": "2021-10-06T09:52:35", "id": 934 }, "geometry": { "type": "Point", "coordinates": [ 136.923775, 35.553958333333334 ] } },
{ "type": "Feature", "properties": { "Name": "R0011073.JPG", "Date": "2021-10-19", "Time": "10:35:29", "North": "", "Azimuth": null, "Cam. Maker": "RICOH                ", "Cam. Model": "RICOH THETA SC     , ... ]", "Timestamp": "2021-10-19T10:35:29", "id": 935 }, "geometry": { "type": "Point", "coordinates": [ 136.9213, 35.553783333333328 ] } },
{ "type": "Feature", "properties": { "Name": "R0010184.JPG", "Date": "2020-04-15", "Time": "10:43:38", "North": "", "Azimuth": null, "Cam. Maker": "RICOH                ", "Cam. Model": "RICOH THETA SC     , ... ]", "Timestamp": "2020-04-15T10:43:38", "id": 936 }, "geometry": { "type": "Point", "coordinates": [ 136.92468333333332, 35.550733333333334 ] } },
{ "type": "Feature", "properties": { "Name": "R0010190.JPG", "Date": "2020-04-15", "Time": "10:45:23", "North": "", "Azimuth": null, "Cam. Maker": "RICOH                ", "Cam. Model": "RICOH THETA SC     , ... ]", "Timestamp": "2020-04-15T10:45:23", "id": 937 }, "geometry": { "type": "Point", "coordinates": [ 136.92431666666667, 35.55083333333333 ] } },
{ "type": "Feature", "properties": { "Name": "R0010806.JPG", "Date": "2021-10-14", "Time": "14:30:34", "North": "", "Azimuth": null, "Cam. Maker": "RICOH                ", "Cam. Model": "RICOH THETA SC     , ... ]", "Timestamp": "2021-10-14T14:30:34", "id": 938 }, "geometry": { "type": "Point", "coordinates": [ 136.922222222222217, 35.554766666666666 ] } },
{ "type": "Feature", "properties": { "Name": "R0010812.JPG", "Date": "2021-10-14", "Time": "14:31:47", "North": "", "Azimuth": null, "Cam. Maker": "RICOH                ", "Cam. Model": "RICOH THETA SC     , ... ]", "Timestamp": "2021-10-14T14:31:47", "id": 939 }, "geometry": { "type": "Point", "coordinates": [ 136.922372222222208, 35.554838888888888 ] } },
{ "type": "Feature", "properties": { "Name": "R0010621.JPG", "Date": "2021-10-11", "Time": "15:37:28", "North": "", "Azimuth": null, "Cam. Maker": "RICOH                ", "Cam. Model": "RICOH THETA SC     , ... ]", "Timestamp": "2021-10-11T15:37:28", "id": 940 }, "geometry": { "type": "Point", "coordinates": [ 136.925183333333337, 35.549141666666664 ] } },
{ "type": "Feature", "properties": { "Name": "R0010147.JPG", "Date": "2020-04-15", "Time": "10:32:48", "North": "", "Azimuth": null, "Cam. Maker": "RICOH                ", "Cam. Model": "RICOH THETA SC     , ... ]", "Timestamp": "2020-04-15T10:32:48", "id": 941 }, "geometry": { "type": "Point", "coordinates": [ 136.924166666666679, 35.54885 ] } },
{ "type": "Feature", "properties": { "Name": "R0010153.JPG", "Date": "2020-04-15", "Time": "10:34:27", "North": "", "Azimuth": null, "Cam. Maker": "RICOH                ", "Cam. Model": "RICOH THETA SC     , ... ]", "Timestamp": "2020-04-15T10:34:27", "id": 942 }, "geometry": { "type": "Point", "coordinates": [ 136.92435, 35.54913333333333 ] } },
{ "type": "Feature", "properties": { "Name": "R0010635.JPG", "Date": "2021-10-11", "Time": "15:41:33", "North": "", "Azimuth": null, "Cam. Maker": "RICOH                ", "Cam. Model": "RICOH THETA SC     , ... ]", "Timestamp": "2021-10-11T15:41:33", "id": 943 }, "geometry": { "type": "Point", "coordinates": [ 136.92454166666667, 35.549511111111109 ] } },
{ "type": "Feature", "properties": { "Name": "R0011271.JPG", "Date": "2021-11-29", "Time": "10:34:30", "North": "", "Azimuth": null, "Cam. Maker": "RICOH                ", "Cam. Model": "RICOH THETA SC     , ... ]", "Timestamp": "2021-11-29T10:34:30", "id": 944 }, "geometry": { "type": "Point", "coordinates": [ 136.9221, 35.550516666666667 ] } },
{ "type": "Feature", "properties": { "Name": "R0010609.JPG", "Date": "2021-10-11", "Time": "15:26:12", "North": "", "Azimuth": null, "Cam. Maker": "RICOH                ", "Cam. Model": "RICOH THETA SC     , ... ]", "Timestamp": "2021-10-11T15:26:12", "id": 945 }, "geometry": { "type": "Point", "coordinates": [ 136.924733333333336, 35.548416666666668 ] } },
{ "type": "Feature", "properties": { "Name": "R0010179.JPG", "Date": "2020-04-15", "Time": "10:42:37", "North": "", "Azimuth": null, "Cam. Maker": "RICOH                ", "Cam. Model": "RICOH THETA SC     , ... ]", "Timestamp": "2020-04-15T10:42:37", "id": 946 }, "geometry": { "type": "Point", "coordinates": [ 136.924566666666664, 35.5505 ] } },
{ "type": "Feature", "properties": { "Name": "R0011273.JPG", "Date": "2021-11-29", "Time": "10:35:23", "North": "", "Azimuth": null, "Cam. Maker": "RICOH                ", "Cam. Model": "RICOH THETA SC     , ... ]", "Timestamp": "2021-11-29T10:35:23", "id": 947 }, "geometry": { "type": "Point", "coordinates": [ 136.9223, 35.550533333333334 ] } },
{ "type": "Feature", "properties": { "Name": "R0010145.JPG", "Date": "2020-04-15", "Time": "10:31:46", "North": "", "Azimuth": null, "Cam. Maker": "RICOH                ", "Cam. Model": "RICOH THETA SC     , ... ]", "Timestamp": "2020-04-15T10:31:46", "id": 948 }, "geometry": { "type": "Point", "coordinates": [ 136.924066666666675, 35.5488 ] } },
{ "type": "Feature", "properties": { "Name": "R0010623.JPG", "Date": "2021-10-11", "Time": "15:38:07", "North": "", "Azimuth": null, "Cam. Maker": "RICOH                ", "Cam. Model": "RICOH THETA SC     , ... ]", "Timestamp": "2021-10-11T15:38:07", "id": 949 }, "geometry": { "type": "Point", "coordinates": [ 136.925133333333321, 35.54925 ] } },
{ "type": "Feature", "properties": { "Name": "R0010637.JPG", "Date": "2021-10-11", "Time": "15:42:08", "North": "", "Azimuth": null, "Cam. Maker": "RICOH                ", "Cam. Model": "RICOH THETA SC     , ... ]", "Timestamp": "2021-10-11T15:42:08", "id": 950 }, "geometry": { "type": "Point", "coordinates": [ 136.92438888888887, 35.549566666666664 ] } },
{ "type": "Feature", "properties": { "Name": "R0010151.JPG", "Date": "2020-04-15", "Time": "10:33:49", "North": "", "Azimuth": null, "Cam. Maker": "RICOH                ", "Cam. Model": "RICOH THETA SC     , ... ]", "Timestamp": "2020-04-15T10:33:49", "id": 951 }, "geometry": { "type": "Point", "coordinates": [ 136.9244, 35.548966666666665 ] } },
{ "type": "Feature", "properties": { "Name": "R0010804.JPG", "Date": "2021-10-14", "Time": "14:30:00", "North": "", "Azimuth": null, "Cam. Maker": "RICOH                ", "Cam. Model": "RICOH THETA SC     , ... ]", "Timestamp": "2021-10-14T14:30:00", "id": 952 }, "geometry": { "type": "Point", "coordinates": [ 136.92201666666665, 35.554933333333331 ] } },
{ "type": "Feature", "properties": { "Name": "R0010810.JPG", "Date": "2021-10-14", "Time": "14:31:23", "North": "", "Azimuth": null, "Cam. Maker": "RICOH                ", "Cam. Model": "RICOH THETA SC     , ... ]", "Timestamp": "2021-10-14T14:31:23", "id": 953 }, "geometry": { "type": "Point", "coordinates": [ 136.922447222222218, 35.554641666666662 ] } },
{ "type": "Feature", "properties": { "Name": "R0010186.JPG", "Date": "2020-04-15", "Time": "10:44:07", "North": "", "Azimuth": null, "Cam. Maker": "RICOH                ", "Cam. Model": "RICOH THETA SC     , ... ]", "Timestamp": "2020-04-15T10:44:07", "id": 954 }, "geometry": { "type": "Point", "coordinates": [ 136.924583333333345, 35.550766666666668 ] } },
{ "type": "Feature", "properties": { "Name": "R0011298.JPG", "Date": "2021-11-29", "Time": "11:03:41", "North": "", "Azimuth": null, "Cam. Maker": "RICOH                ", "Cam. Model": "RICOH THETA SC     , ... ]", "Timestamp": "2021-11-29T11:03:41", "id": 955 }, "geometry": { "type": "Point", "coordinates": [ 136.919933333333319, 35.549733333333329 ] } },
{ "type": "Feature", "properties": { "Name": "R0010838.JPG", "Date": "2021-10-14", "Time": "14:45:56", "North": "", "Azimuth": null, "Cam. Maker": "RICOH                ", "Cam. Model": "RICOH THETA SC     , ... ]", "Timestamp": "2021-10-14T14:45:56", "id": 956 }, "geometry": { "type": "Point", "coordinates": [ 136.9216, 35.554133333333333 ] } },
{ "type": "Feature", "properties": { "Name": "R0010192.JPG", "Date": "2020-04-15", "Time": "10:46:17", "North": "", "Azimuth": null, "Cam. Maker": "RICOH                ", "Cam. Model": "RICOH THETA SC     , ... ]", "Timestamp": "2020-04-15T10:46:17", "id": 957 }, "geometry": { "type": "Point", "coordinates": [ 136.924166666666679, 35.55081666666667 ] } },
{ "type": "Feature", "properties": { "Name": "R0011065.JPG", "Date": "2021-10-19", "Time": "10:33:16", "North": "", "Azimuth": null, "Cam. Maker": "RICOH                ", "Cam. Model": "RICOH THETA SC     , ... ]", "Timestamp": "2021-10-19T10:33:16", "id": 958 }, "geometry": { "type": "Point", "coordinates": [ 136.92045, 35.5528 ] } },
{ "type": "Feature", "properties": { "Name": "R0011071.JPG", "Date": "2021-10-19", "Time": "10:35:05", "North": "", "Azimuth": null, "Cam. Maker": "RICOH                ", "Cam. Model": "RICOH THETA SC     , ... ]", "Timestamp": "2021-10-19T10:35:05", "id": 959 }, "geometry": { "type": "Point", "coordinates": [ 136.92109857808191, 35.553636804778634 ] } },
{ "type": "Feature", "properties": { "Name": "R0010409.JPG", "Date": "2021-10-06", "Time": "10:12:08", "North": "", "Azimuth": null, "Cam. Maker": "RICOH                ", "Cam. Model": "RICOH THETA SC     , ... ]", "Timestamp": "2021-10-06T10:12:08", "id": 960 }, "geometry": { "type": "Point", "coordinates": [ 136.926461111111109, 35.552016666666667 ] } },
{ "type": "Feature", "properties": { "Name": "R0010421.JPG", "Date": "2021-10-06", "Time": "10:18:16", "North": "", "Azimuth": null, "Cam. Maker": "RICOH                ", "Cam. Model": "RICOH THETA SC     , ... ]", "Timestamp": "2021-10-06T10:18:16", "id": 961 }, "geometry": { "type": "Point", "coordinates": [ 136.92675, 35.551933333333331 ] } },
{ "type": "Feature", "properties": { "Name": "R0010347.JPG", "Date": "2020-04-15", "Time": "11:47:34", "North": "", "Azimuth": null, "Cam. Maker": "RICOH                ", "Cam. Model": "RICOH THETA SC     , ... ]", "Timestamp": "2020-04-15T11:47:34", "id": 962 }, "geometry": { "type": "Point", "coordinates": [ 136.9229, 35.54945 ] } },
{ "type": "Feature", "properties": { "Name": "R0011059.JPG", "Date": "2021-10-19", "Time": "10:31:49", "North": "", "Azimuth": null, "Cam. Maker": "RICOH                ", "Cam. Model": "RICOH THETA SC     , ... ]", "Timestamp": "2021-10-19T10:31:49", "id": 963 }, "geometry": { "type": "Point", "coordinates": [ 136.920002777777768, 35.55215 ] } },
{ "type": "Feature", "properties": { "Name": "R0010353.JPG", "Date": "2020-04-15", "Time": "11:50:09", "North": "", "Azimuth": null, "Cam. Maker": "RICOH                ", "Cam. Model": "RICOH THETA SC     , ... ]", "Timestamp": "2020-04-15T11:50:09", "id": 964 }, "geometry": { "type": "Point", "coordinates": [ 136.9227, 35.5497 ] } },
{ "type": "Feature", "properties": { "Name": "R0010435.JPG", "Date": "2021-10-06", "Time": "12:36:35", "North": "", "Azimuth": null, "Cam. Maker": "RICOH                ", "Cam. Model": "RICOH THETA SC     , ... ]", "Timestamp": "2021-10-06T12:36:35", "id": 965 }, "geometry": { "type": "Point", "coordinates": [ 136.92675, 35.54995 ] } },
{ "type": "Feature", "properties": { "Name": "R0010384.JPG", "Date": "2021-10-06", "Time": "09:55:27", "North": "", "Azimuth": null, "Cam. Maker": "RICOH                ", "Cam. Model": "RICOH THETA SC     , ... ]", "Timestamp": "2021-10-06T09:55:27", "id": 966 }, "geometry": { "type": "Point", "coordinates": [ 136.924211111111106, 35.553558333333328 ] } },
{ "type": "Feature", "properties": { "Name": "R0010390.JPG", "Date": "2021-10-06", "Time": "10:02:56", "North": "", "Azimuth": null, "Cam. Maker": "RICOH                ", "Cam. Model": "RICOH THETA SC     , ... ]", "Timestamp": "2021-10-06T10:02:56", "id": 967 }, "geometry": { "type": "Point", "coordinates": [ 136.924272222222214, 35.552941666666662 ] } },
{ "type": "Feature", "properties": { "Name": "R0010569.JPG", "Date": "2021-10-11", "Time": "15:15:07", "North": "", "Azimuth": null, "Cam. Maker": "RICOH                ", "Cam. Model": "RICOH THETA SC     , ... ]", "Timestamp": "2021-10-11T15:15:07", "id": 968 }, "geometry": { "type": "Point", "coordinates": [ 136.925183333333337, 35.550377777777776 ] } },
{ "type": "Feature", "properties": { "Name": "R0011111.JPG", "Date": "2021-10-19", "Time": "11:12:38", "North": "", "Azimuth": null, "Cam. Maker": "RICOH                ", "Cam. Model": "RICOH THETA SC     , ... ]", "Timestamp": "2021-10-19T11:12:38", "id": 969 }, "geometry": { "type": "Point", "coordinates": [ 136.92476666666667, 35.554525 ] } },
{ "type": "Feature", "properties": { "Name": "R0011105.JPG", "Date": "2021-10-19", "Time": "11:11:24", "North": "", "Azimuth": null, "Cam. Maker": "RICOH                ", "Cam. Model": "RICOH THETA SC     , ... ]", "Timestamp": "2021-10-19T11:11:24", "id": 970 }, "geometry": { "type": "Point", "coordinates": [ 136.924783333333323, 35.554766666666666 ] } },
{ "type": "Feature", "properties": { "Name": "R0010555.JPG", "Date": "2021-10-11", "Time": "15:11:48", "North": "", "Azimuth": null, "Cam. Maker": "RICOH                ", "Cam. Model": "RICOH THETA SC     , ... ]", "Timestamp": "2021-10-11T15:11:48", "id": 971 }, "geometry": { "type": "Point", "coordinates": [ 136.92505, 35.551366666666667 ] } },
{ "type": "Feature", "properties": { "Name": "R0010233.JPG", "Date": "2020-04-15", "Time": "10:58:45", "North": "", "Azimuth": null, "Cam. Maker": "RICOH                ", "Cam. Model": "RICOH THETA SC     , ... ]", "Timestamp": "2020-04-15T10:58:45", "id": 972 }, "geometry": { "type": "Point", "coordinates": [ 136.921, 35.551116666666665 ] } },
{ "type": "Feature", "properties": { "Name": "R0011139.JPG", "Date": "2021-10-19", "Time": "11:30:46", "North": "", "Azimuth": null, "Cam. Maker": "RICOH                ", "Cam. Model": "RICOH THETA SC     , ... ]", "Timestamp": "2021-10-19T11:30:46", "id": 973 }, "geometry": { "type": "Point", "coordinates": [ 136.922922222222212, 35.555747222222216 ] } },
{ "type": "Feature", "properties": { "Name": "R0010227.JPG", "Date": "2020-04-15", "Time": "10:57:31", "North": "", "Azimuth": null, "Cam. Maker": "RICOH                ", "Cam. Model": "RICOH THETA SC     , ... ]", "Timestamp": "2020-04-15T10:57:31", "id": 974 }, "geometry": { "type": "Point", "coordinates": [ 136.92121666666668, 35.551166666666667 ] } },
{ "type": "Feature", "properties": { "Name": "R0010541.JPG", "Date": "2021-10-11", "Time": "15:03:55", "North": "", "Azimuth": null, "Cam. Maker": "RICOH                ", "Cam. Model": "RICOH THETA SC     , ... ]", "Timestamp": "2021-10-11T15:03:55", "id": 975 }, "geometry": { "type": "Point", "coordinates": [ 136.925, 35.5512 ] } },
{ "type": "Feature", "properties": { "Name": "R0010596.JPG", "Date": "2021-10-11", "Time": "15:22:10", "North": "", "Azimuth": null, "Cam. Maker": "RICOH                ", "Cam. Model": "RICOH THETA SC     , ... ]", "Timestamp": "2021-10-11T15:22:10", "id": 976 }, "geometry": { "type": "Point", "coordinates": [ 136.924433333333326, 35.548641666666661 ] } },
{ "type": "Feature", "properties": { "Name": "R0010582.JPG", "Date": "2021-10-11", "Time": "15:18:44", "North": "", "Azimuth": null, "Cam. Maker": "RICOH                ", "Cam. Model": "RICOH THETA SC     , ... ]", "Timestamp": "2021-10-11T15:18:44", "id": 977 }, "geometry": { "type": "Point", "coordinates": [ 136.925088888888865, 35.54953888888889 ] } },
{ "type": "Feature", "properties": { "Name": "R0011313.JPG", "Date": "2021-11-29", "Time": "11:10:12", "North": "", "Azimuth": null, "Cam. Maker": "RICOH                ", "Cam. Model": "RICOH THETA SC     , ... ]", "Timestamp": "2021-11-29T11:10:12", "id": 978 }, "geometry": { "type": "Point", "coordinates": [ 136.919627777777777, 35.548891666666663 ] } },
{ "type": "Feature", "properties": { "Name": "R0011307.JPG", "Date": "2021-11-29", "Time": "11:08:49", "North": "", "Azimuth": null, "Cam. Maker": "RICOH                ", "Cam. Model": "RICOH THETA SC     , ... ]", "Timestamp": "2021-11-29T11:08:49", "id": 979 }, "geometry": { "type": "Point", "coordinates": [ 136.919216666666671, 35.549269444444441 ] } },
{ "type": "Feature", "properties": { "Name": "R0010031.JPG", "Date": "2020-04-15", "Time": "09:40:17", "North": "", "Azimuth": null, "Cam. Maker": "RICOH                ", "Cam. Model": "RICOH THETA SC     , ... ]", "Timestamp": "2020-04-15T09:40:17", "id": 980 }, "geometry": { "type": "Point", "coordinates": [ 136.92045, 35.551183333333334 ] } },
{ "type": "Feature", "properties": { "Name": "R0010757.JPG", "Date": "2021-10-11", "Time": "16:28:59", "North": "", "Azimuth": null, "Cam. Maker": "RICOH                ", "Cam. Model": "RICOH THETA SC     , ... ]", "Timestamp": "2021-10-11T16:28:59", "id": 981 }, "geometry": { "type": "Point", "coordinates": [ 136.922963888888887, 35.553055555555552 ] } },
{ "type": "Feature", "properties": { "Name": "R0010743.JPG", "Date": "2021-10-11", "Time": "16:25:19", "North": "", "Azimuth": null, "Cam. Maker": "RICOH                ", "Cam. Model": "RICOH THETA SC     , ... ]", "Timestamp": "2021-10-11T16:25:19", "id": 982 }, "geometry": { "type": "Point", "coordinates": [ 136.923166666666646, 35.552655555555553 ] } },
{ "type": "Feature", "properties": { "Name": "R0010970.JPG", "Date": "2021-10-14", "Time": "15:42:31", "North": "", "Azimuth": null, "Cam. Maker": "RICOH                ", "Cam. Model": "RICOH THETA SC     , ... ]", "Timestamp": "2021-10-14T15:42:31", "id": 983 }, "geometry": { "type": "Point", "coordinates": [ 136.9242, 35.55096666666666 ] } },
{ "type": "Feature", "properties": { "Name": "R0010964.JPG", "Date": "2021-10-14", "Time": "15:41:00", "North": "", "Azimuth": null, "Cam. Maker": "RICOH                ", "Cam. Model": "RICOH THETA SC     , ... ]", "Timestamp": "2021-10-14T15:41:00", "id": 984 }, "geometry": { "type": "Point", "coordinates": [ 136.924333333333323, 35.551183333333327 ] } },
{ "type": "Feature", "properties": { "Name": "R0010794.JPG", "Date": "2021-10-14", "Time": "14:25:03", "North": "", "Azimuth": null, "Cam. Maker": "RICOH                ", "Cam. Model": "RICOH THETA SC     , ... ]", "Timestamp": "2021-10-14T14:25:03", "id": 985 }, "geometry": { "type": "Point", "coordinates": [ 136.921330555555556, 35.554558333333333 ] } },
{ "type": "Feature", "properties": { "Name": "R0010780.JPG", "Date": "2021-10-14", "Time": "14:20:15", "North": "", "Azimuth": null, "Cam. Maker": "RICOH                ", "Cam. Model": "RICOH THETA SC     , ... ]", "Timestamp": "2021-10-14T14:20:15", "id": 986 }, "geometry": { "type": "Point", "coordinates": [ 136.921047910242237, 35.553646531296771 ] } },
{ "type": "Feature", "properties": { "Name": "R0010958.JPG", "Date": "2021-10-14", "Time": "15:38:46", "North": "", "Azimuth": null, "Cam. Maker": "RICOH                ", "Cam. Model": "RICOH THETA SC     , ... ]", "Timestamp": "2021-10-14T15:38:46", "id": 987 }, "geometry": { "type": "Point", "coordinates": [ 136.924216666666666, 35.55135 ] } },
{ "type": "Feature", "properties": { "Name": "R0010959.JPG", "Date": "2021-10-14", "Time": "15:38:58", "North": "", "Azimuth": null, "Cam. Maker": "RICOH                ", "Cam. Model": "RICOH THETA SC     , ... ]", "Timestamp": "2021-10-14T15:38:58", "id": 988 }, "geometry": { "type": "Point", "coordinates": [ 136.924311111111109, 35.551333333333332 ] } },
{ "type": "Feature", "properties": { "Name": "R0010781.JPG", "Date": "2021-10-14", "Time": "14:20:28", "North": "", "Azimuth": null, "Cam. Maker": "RICOH                ", "Cam. Model": "RICOH THETA SC     , ... ]", "Timestamp": "2021-10-14T14:20:28", "id": 989 }, "geometry": { "type": "Point", "coordinates": [ 136.92109402366944, 35.553690532197322 ] } },
{ "type": "Feature", "properties": { "Name": "R0010795.JPG", "Date": "2021-10-14", "Time": "14:25:18", "North": "", "Azimuth": null, "Cam. Maker": "RICOH                ", "Cam. Model": "RICOH THETA SC     , ... ]", "Timestamp": "2021-10-14T14:25:18", "id": 990 }, "geometry": { "type": "Point", "coordinates": [ 136.921411111111098, 35.554633333333328 ] } },
{ "type": "Feature", "properties": { "Name": "R0010965.JPG", "Date": "2021-10-14", "Time": "15:41:12", "North": "", "Azimuth": null, "Cam. Maker": "RICOH                ", "Cam. Model": "RICOH THETA SC     , ... ]", "Timestamp": "2021-10-14T15:41:12", "id": 991 }, "geometry": { "type": "Point", "coordinates": [ 136.924366666666657, 35.551133333333333 ] } },
{ "type": "Feature", "properties": { "Name": "R0010971.JPG", "Date": "2021-10-14", "Time": "15:42:46", "North": "", "Azimuth": null, "Cam. Maker": "RICOH                ", "Cam. Model": "RICOH THETA SC     , ... ]", "Timestamp": "2021-10-14T15:42:46", "id": 992 }, "geometry": { "type": "Point", "coordinates": [ 136.924216666666666, 35.550916666666666 ] } },
{ "type": "Feature", "properties": { "Name": "R0010742.JPG", "Date": "2021-10-11", "Time": "16:25:07", "North": "", "Azimuth": null, "Cam. Maker": "RICOH                ", "Cam. Model": "RICOH THETA SC     , ... ]", "Timestamp": "2021-10-11T16:25:07", "id": 993 }, "geometry": { "type": "Point", "coordinates": [ 136.923227777777782, 35.552602777777778 ] } },
{ "type": "Feature", "properties": { "Name": "R0010030.JPG", "Date": "2020-04-15", "Time": "09:40:06", "North": "", "Azimuth": null, "Cam. Maker": "RICOH                ", "Cam. Model": "RICOH THETA SC     , ... ]", "Timestamp": "2020-04-15T09:40:06", "id": 994 }, "geometry": { "type": "Point", "coordinates": [ 136.920366666666666, 35.55125 ] } },
{ "type": "Feature", "properties": { "Name": "R0010756.JPG", "Date": "2021-10-11", "Time": "16:28:48", "North": "", "Azimuth": null, "Cam. Maker": "RICOH                ", "Cam. Model": "RICOH THETA SC     , ... ]", "Timestamp": "2021-10-11T16:28:48", "id": 995 }, "geometry": { "type": "Point", "coordinates": [ 136.922927777777772, 35.553008333333331 ] } },
{ "type": "Feature", "properties": { "Name": "R0011448.JPG", "Date": "2021-12-10", "Time": "11:21:24", "North": "", "Azimuth": null, "Cam. Maker": "RICOH                ", "Cam. Model": "RICOH THETA SC     , ... ]", "Timestamp": "2021-12-10T11:21:24", "id": 996 }, "geometry": { "type": "Point", "coordinates": [ 136.92205, 35.549533333333329 ] } },
{ "type": "Feature", "properties": { "Name": "R0011306.JPG", "Date": "2021-11-29", "Time": "11:06:59", "North": "", "Azimuth": null, "Cam. Maker": "RICOH                ", "Cam. Model": "RICOH THETA SC     , ... ]", "Timestamp": "2021-11-29T11:06:59", "id": 997 }, "geometry": { "type": "Point", "coordinates": [ 136.919311111111114, 35.550133333333328 ] } },
{ "type": "Feature", "properties": { "Name": "R0011312.JPG", "Date": "2021-11-29", "Time": "11:09:58", "North": "", "Azimuth": null, "Cam. Maker": "RICOH                ", "Cam. Model": "RICOH THETA SC     , ... ]", "Timestamp": "2021-11-29T11:09:58", "id": 998 }, "geometry": { "type": "Point", "coordinates": [ 136.919538888888866, 35.548961111111112 ] } },
{ "type": "Feature", "properties": { "Name": "R0010583.JPG", "Date": "2021-10-11", "Time": "15:18:58", "North": "", "Azimuth": null, "Cam. Maker": "RICOH                ", "Cam. Model": "RICOH THETA SC     , ... ]", "Timestamp": "2021-10-11T15:18:58", "id": 999 }, "geometry": { "type": "Point", "coordinates": [ 136.92498333333333, 35.549527777777776 ] } },
{ "type": "Feature", "properties": { "Name": "R0010597.JPG", "Date": "2021-10-11", "Time": "15:22:23", "North": "", "Azimuth": null, "Cam. Maker": "RICOH                ", "Cam. Model": "RICOH THETA SC     , ... ]", "Timestamp": "2021-10-11T15:22:23", "id": 1000 }, "geometry": { "type": "Point", "coordinates": [ 136.924333333333323, 35.5486 ] } },
{ "type": "Feature", "properties": { "Name": "R0010226.JPG", "Date": "2020-04-15", "Time": "10:57:19", "North": "", "Azimuth": null, "Cam. Maker": "RICOH                ", "Cam. Model": "RICOH THETA SC     , ... ]", "Timestamp": "2020-04-15T10:57:19", "id": 1001 }, "geometry": { "type": "Point", "coordinates": [ 136.921316666666655, 35.551133333333333 ] } },
{ "type": "Feature", "properties": { "Name": "R0011138.JPG", "Date": "2021-10-19", "Time": "11:30:32", "North": "", "Azimuth": null, "Cam. Maker": "RICOH                ", "Cam. Model": "RICOH THETA SC     , ... ]", "Timestamp": "2021-10-19T11:30:32", "id": 1002 }, "geometry": { "type": "Point", "coordinates": [ 136.922802777777775, 35.555811111111112 ] } },
{ "type": "Feature", "properties": { "Name": "R0010540.JPG", "Date": "2021-10-11", "Time": "15:03:34", "North": "", "Azimuth": null, "Cam. Maker": "RICOH                ", "Cam. Model": "RICOH THETA SC     , ... ]", "Timestamp": "2021-10-11T15:03:34", "id": 1003 }, "geometry": { "type": "Point", "coordinates": [ 136.925066666666652, 35.551216666666662 ] } },
{ "type": "Feature", "properties": { "Name": "R0010554.JPG", "Date": "2021-10-11", "Time": "15:11:30", "North": "", "Azimuth": null, "Cam. Maker": "RICOH                ", "Cam. Model": "RICOH THETA SC     , ... ]", "Timestamp": "2021-10-11T15:11:30", "id": 1004 }, "geometry": { "type": "Point", "coordinates": [ 136.925116666666668, 35.55145 ] } },
{ "type": "Feature", "properties": { "Name": "R0010232.JPG", "Date": "2020-04-15", "Time": "10:58:36", "North": "", "Azimuth": null, "Cam. Maker": "RICOH                ", "Cam. Model": "RICOH THETA SC     , ... ]", "Timestamp": "2020-04-15T10:58:36", "id": 1005 }, "geometry": { "type": "Point", "coordinates": [ 136.920966666666658, 35.551183333333334 ] } },
{ "type": "Feature", "properties": { "Name": "R0011104.JPG", "Date": "2021-10-19", "Time": "11:11:10", "North": "", "Azimuth": null, "Cam. Maker": "RICOH                ", "Cam. Model": "RICOH THETA SC     , ... ]", "Timestamp": "2021-10-19T11:11:10", "id": 1006 }, "geometry": { "type": "Point", "coordinates": [ 136.924622222222212, 35.554769444444439 ] } },
{ "type": "Feature", "properties": { "Name": "R0010568.JPG", "Date": "2021-10-11", "Time": "15:14:56", "North": "", "Azimuth": null, "Cam. Maker": "RICOH                ", "Cam. Model": "RICOH THETA SC     , ... ]", "Timestamp": "2021-10-11T15:14:56", "id": 1007 }, "geometry": { "type": "Point", "coordinates": [ 136.925275, 35.550455555555551 ] } },
{ "type": "Feature", "properties": { "Name": "R0011110.JPG", "Date": "2021-10-19", "Time": "11:12:24", "North": "", "Azimuth": null, "Cam. Maker": "RICOH                ", "Cam. Model": "RICOH THETA SC     , ... ]", "Timestamp": "2021-10-19T11:12:24", "id": 1008 }, "geometry": { "type": "Point", "coordinates": [ 136.924847222222212, 35.554547222222219 ] } },
{ "type": "Feature", "properties": { "Name": "R0010391.JPG", "Date": "2021-10-06", "Time": "10:03:18", "North": "", "Azimuth": null, "Cam. Maker": "RICOH                ", "Cam. Model": "RICOH THETA SC     , ... ]", "Timestamp": "2021-10-06T10:03:18", "id": 1009 }, "geometry": { "type": "Point", "coordinates": [ 136.9244, 35.552833333333332 ] } },
{ "type": "Feature", "properties": { "Name": "R0010385.JPG", "Date": "2021-10-06", "Time": "09:56:02", "North": "", "Azimuth": null, "Cam. Maker": "RICOH                ", "Cam. Model": "RICOH THETA SC     , ... ]", "Timestamp": "2021-10-06T09:56:02", "id": 1010 }, "geometry": { "type": "Point", "coordinates": [ 136.924263888888873, 35.553502777777773 ] } },
{ "type": "Feature", "properties": { "Name": "R0010352.JPG", "Date": "2020-04-15", "Time": "11:49:43", "North": "", "Azimuth": null, "Cam. Maker": "RICOH                ", "Cam. Model": "RICOH THETA SC     , ... ]", "Timestamp": "2020-04-15T11:49:43", "id": 1011 }, "geometry": { "type": "Point", "coordinates": [ 136.922716666666673, 35.54965 ] } },
{ "type": "Feature", "properties": { "Name": "R0010434.JPG", "Date": "2021-10-06", "Time": "12:36:19", "North": "", "Azimuth": null, "Cam. Maker": "RICOH                ", "Cam. Model": "RICOH THETA SC     , ... ]", "Timestamp": "2021-10-06T12:36:19", "id": 1012 }, "geometry": { "type": "Point", "coordinates": [ 136.92675, 35.550016666666664 ] } },
{ "type": "Feature", "properties": { "Name": "R0010420.JPG", "Date": "2021-10-06", "Time": "10:17:35", "North": "", "Azimuth": null, "Cam. Maker": "RICOH                ", "Cam. Model": "RICOH THETA SC     , ... ]", "Timestamp": "2021-10-06T10:17:35", "id": 1013 }, "geometry": { "type": "Point", "coordinates": [ 136.92683333333332, 35.551816666666667 ] } },
{ "type": "Feature", "properties": { "Name": "R0011058.JPG", "Date": "2021-10-19", "Time": "10:31:35", "North": "", "Azimuth": null, "Cam. Maker": "RICOH                ", "Cam. Model": "RICOH THETA SC     , ... ]", "Timestamp": "2021-10-19T10:31:35", "id": 1014 }, "geometry": { "type": "Point", "coordinates": [ 136.920083333333338, 35.552016666666667 ] } },
{ "type": "Feature", "properties": { "Name": "R0010346.JPG", "Date": "2020-04-15", "Time": "11:47:13", "North": "", "Azimuth": null, "Cam. Maker": "RICOH                ", "Cam. Model": "RICOH THETA SC     , ... ]", "Timestamp": "2020-04-15T11:47:13", "id": 1015 }, "geometry": { "type": "Point", "coordinates": [ 136.92295, 35.5494 ] } },
{ "type": "Feature", "properties": { "Name": "R0011070.JPG", "Date": "2021-10-19", "Time": "10:34:49", "North": "", "Azimuth": null, "Cam. Maker": "RICOH                ", "Cam. Model": "RICOH THETA SC     , ... ]", "Timestamp": "2021-10-19T10:34:49", "id": 1016 }, "geometry": { "type": "Point", "coordinates": [ 136.921066666666661, 35.553533333333327 ] } },
{ "type": "Feature", "properties": { "Name": "R0010408.JPG", "Date": "2021-10-06", "Time": "10:11:20", "North": "", "Azimuth": null, "Cam. Maker": "RICOH                ", "Cam. Model": "RICOH THETA SC     , ... ]", "Timestamp": "2021-10-06T10:11:20", "id": 1017 }, "geometry": { "type": "Point", "coordinates": [ 136.92638888888888, 35.55202222222222 ] } },
{ "type": "Feature", "properties": { "Name": "R0011064.JPG", "Date": "2021-10-19", "Time": "10:33:02", "North": "", "Azimuth": null, "Cam. Maker": "RICOH                ", "Cam. Model": "RICOH THETA SC     , ... ]", "Timestamp": "2021-10-19T10:33:02", "id": 1018 }, "geometry": { "type": "Point", "coordinates": [ 136.92031666666665, 35.552733333333329 ] } },
{ "type": "Feature", "properties": { "Name": "R0010193.JPG", "Date": "2020-04-15", "Time": "10:46:52", "North": "", "Azimuth": null, "Cam. Maker": "RICOH                ", "Cam. Model": "RICOH THETA SC     , ... ]", "Timestamp": "2020-04-15T10:46:52", "id": 1019 }, "geometry": { "type": "Point", "coordinates": [ 136.924133333333344, 35.550733333333334 ] } },
{ "type": "Feature", "properties": { "Name": "R0011299.JPG", "Date": "2021-11-29", "Time": "11:03:58", "North": "", "Azimuth": null, "Cam. Maker": "RICOH                ", "Cam. Model": "RICOH THETA SC     , ... ]", "Timestamp": "2021-11-29T11:03:58", "id": 1020 }, "geometry": { "type": "Point", "coordinates": [ 136.920066666666656, 35.549766666666663 ] } },
{ "type": "Feature", "properties": { "Name": "R0010187.JPG", "Date": "2020-04-15", "Time": "10:44:30", "North": "", "Azimuth": null, "Cam. Maker": "RICOH                ", "Cam. Model": "RICOH THETA SC     , ... ]", "Timestamp": "2020-04-15T10:44:30", "id": 1021 }, "geometry": { "type": "Point", "coordinates": [ 136.924516666666676, 35.55075 ] } },
{ "type": "Feature", "properties": { "Name": "R0010839.JPG", "Date": "2021-10-14", "Time": "14:46:10", "North": "", "Azimuth": null, "Cam. Maker": "RICOH                ", "Cam. Model": "RICOH THETA SC     , ... ]", "Timestamp": "2021-10-14T14:46:10", "id": 1022 }, "geometry": { "type": "Point", "coordinates": [ 136.921566666666649, 35.554216666666662 ] } },
{ "type": "Feature", "properties": { "Name": "R0010811.JPG", "Date": "2021-10-14", "Time": "14:31:35", "North": "", "Azimuth": null, "Cam. Maker": "RICOH                ", "Cam. Model": "RICOH THETA SC     , ... ]", "Timestamp": "2021-10-14T14:31:35", "id": 1023 }, "geometry": { "type": "Point", "coordinates": [ 136.922408333333323, 35.554733333333331 ] } },
{ "type": "Feature", "properties": { "Name": "R0010805.JPG", "Date": "2021-10-14", "Time": "14:30:15", "North": "", "Azimuth": null, "Cam. Maker": "RICOH                ", "Cam. Model": "RICOH THETA SC     , ... ]", "Timestamp": "2021-10-14T14:30:15", "id": 1024 }, "geometry": { "type": "Point", "coordinates": [ 136.922105555555532, 35.554872222222222 ] } },
{ "type": "Feature", "properties": { "Name": "R0010636.JPG", "Date": "2021-10-11", "Time": "15:41:51", "North": "", "Azimuth": null, "Cam. Maker": "RICOH                ", "Cam. Model": "RICOH THETA SC     , ... ]", "Timestamp": "2021-10-11T15:41:51", "id": 1025 }, "geometry": { "type": "Point", "coordinates": [ 136.924488888888874, 35.549536111111109 ] } },
{ "type": "Feature", "properties": { "Name": "R0010150.JPG", "Date": "2020-04-15", "Time": "10:33:34", "North": "", "Azimuth": null, "Cam. Maker": "RICOH                ", "Cam. Model": "RICOH THETA SC     , ... ]", "Timestamp": "2020-04-15T10:33:34", "id": 1026 }, "geometry": { "type": "Point", "coordinates": [ 136.924366666666657, 35.548916666666663 ] } },
{ "type": "Feature", "properties": { "Name": "R0010144.JPG", "Date": "2020-04-15", "Time": "10:31:16", "North": "", "Azimuth": null, "Cam. Maker": "RICOH                ", "Cam. Model": "RICOH THETA SC     , ... ]", "Timestamp": "2020-04-15T10:31:16", "id": 1027 }, "geometry": { "type": "Point", "coordinates": [ 136.924133333333344, 35.548766666666666 ] } },
{ "type": "Feature", "properties": { "Name": "R0010622.JPG", "Date": "2021-10-11", "Time": "15:37:46", "North": "", "Azimuth": null, "Cam. Maker": "RICOH                ", "Cam. Model": "RICOH THETA SC     , ... ]", "Timestamp": "2021-10-11T15:37:46", "id": 1028 }, "geometry": { "type": "Point", "coordinates": [ 136.925133333333321, 35.549183333333332 ] } },
{ "type": "Feature", "properties": { "Name": "R0011272.JPG", "Date": "2021-11-29", "Time": "10:35:01", "North": "", "Azimuth": null, "Cam. Maker": "RICOH                ", "Cam. Model": "RICOH THETA SC     , ... ]", "Timestamp": "2021-11-29T10:35:01", "id": 1029 }, "geometry": { "type": "Point", "coordinates": [ 136.9222, 35.55055 ] } },
{ "type": "Feature", "properties": { "Name": "R0010178.JPG", "Date": "2020-04-15", "Time": "10:42:23", "North": "", "Azimuth": null, "Cam. Maker": "RICOH                ", "Cam. Model": "RICOH THETA SC     , ... ]", "Timestamp": "2020-04-15T10:42:23", "id": 1030 }, "geometry": { "type": "Point", "coordinates": [ 136.92455, 35.55045 ] } },
{ "type": "Feature", "properties": { "Name": "R0010123.JPG", "Date": "2020-04-15", "Time": "10:24:35", "North": "", "Azimuth": null, "Cam. Maker": "RICOH                ", "Cam. Model": "RICOH THETA SC     , ... ]", "Timestamp": "2020-04-15T10:24:35", "id": 1031 }, "geometry": { "type": "Point", "coordinates": [ 136.923783333333347, 35.54795 ] } },
{ "type": "Feature", "properties": { "Name": "R0010645.JPG", "Date": "2021-10-11", "Time": "15:45:07", "North": "", "Azimuth": null, "Cam. Maker": "RICOH                ", "Cam. Model": "RICOH THETA SC     , ... ]", "Timestamp": "2021-10-11T15:45:07", "id": 1032 }, "geometry": { "type": "Point", "coordinates": [ 136.923833333333334, 35.549788888888884 ] } },
{ "type": "Feature", "properties": { "Name": "R0010651.JPG", "Date": "2021-10-11", "Time": "15:47:24", "North": "", "Azimuth": null, "Cam. Maker": "RICOH                ", "Cam. Model": "RICOH THETA SC     , ... ]", "Timestamp": "2021-10-11T15:47:24", "id": 1033 }, "geometry": { "type": "Point", "coordinates": [ 136.923566666666659, 35.549766666666663 ] } },
{ "type": "Feature", "properties": { "Name": "R0010889.JPG", "Date": "2021-10-14", "Time": "15:01:35", "North": "", "Azimuth": null, "Cam. Maker": "RICOH                ", "Cam. Model": "RICOH THETA SC     , ... ]", "Timestamp": "2021-10-14T15:01:35", "id": 1034 }, "geometry": { "type": "Point", "coordinates": [ 136.922369444444428, 35.553877777777778 ] } },
{ "type": "Feature", "properties": { "Name": "R0011229.JPG", "Date": "2021-11-25", "Time": "11:44:39", "North": "", "Azimuth": null, "Cam. Maker": "RICOH                ", "Cam. Model": "RICOH THETA SC     , ... ]", "Timestamp": "2021-11-25T11:44:39", "id": 1035 }, "geometry": { "type": "Point", "coordinates": [ 136.921297222222222, 35.54945 ] } },
{ "type": "Feature", "properties": { "Name": "R0010137.JPG", "Date": "2020-04-15", "Time": "10:27:54", "North": "", "Azimuth": null, "Cam. Maker": "RICOH                ", "Cam. Model": "RICOH THETA SC     , ... ]", "Timestamp": "2020-04-15T10:27:54", "id": 1036 }, "geometry": { "type": "Point", "coordinates": [ 136.924324982232321, 35.548579223435404 ] } },
{ "type": "Feature", "properties": { "Name": "R0011201.JPG", "Date": "2021-11-25", "Time": "11:31:37", "North": "", "Azimuth": null, "Cam. Maker": "RICOH                ", "Cam. Model": "RICOH THETA SC     , ... ]", "Timestamp": "2021-11-25T11:31:37", "id": 1037 }, "geometry": { "type": "Point", "coordinates": [ 136.922216666666657, 35.548883333333329 ] } },
{ "type": "Feature", "properties": { "Name": "R0010679.JPG", "Date": "2021-10-11", "Time": "16:09:54", "North": "", "Azimuth": null, "Cam. Maker": "RICOH                ", "Cam. Model": "RICOH THETA SC     , ... ]", "Timestamp": "2021-10-11T16:09:54", "id": 1038 }, "geometry": { "type": "Point", "coordinates": [ 136.924616666666651, 35.550363888888889 ] } },
{ "type": "Feature", "properties": { "Name": "R0011215.JPG", "Date": "2021-11-25", "Time": "11:35:06", "North": "", "Azimuth": null, "Cam. Maker": "RICOH                ", "Cam. Model": "RICOH THETA SC     , ... ]", "Timestamp": "2021-11-25T11:35:06", "id": 1039 }, "geometry": { "type": "Point", "coordinates": [ 136.92201666666665, 35.5495 ] } },
{ "type": "Feature", "properties": { "Name": "R0010686.JPG", "Date": "2021-10-11", "Time": "16:11:14", "North": "", "Azimuth": null, "Cam. Maker": "RICOH                ", "Cam. Model": "RICOH THETA SC     , ... ]", "Timestamp": "2021-10-11T16:11:14", "id": 1040 }, "geometry": { "type": "Point", "coordinates": [ 136.924961111111088, 35.550841666666663 ] } },
{ "type": "Feature", "properties": { "Name": "R0010692.JPG", "Date": "2021-10-11", "Time": "16:12:18", "North": "", "Azimuth": null, "Cam. Maker": "RICOH                ", "Cam. Model": "RICOH THETA SC     , ... ]", "Timestamp": "2021-10-11T16:12:18", "id": 1041 }, "geometry": { "type": "Point", "coordinates": [ 136.924588888888877, 35.55116944444444 ] } },
{ "type": "Feature", "properties": { "Name": "R0010862.JPG", "Date": "2021-10-14", "Time": "14:53:21", "North": "", "Azimuth": null, "Cam. Maker": "RICOH                ", "Cam. Model": "RICOH THETA SC     , ... ]", "Timestamp": "2021-10-14T14:53:21", "id": 1042 }, "geometry": { "type": "Point", "coordinates": [ 136.922472222222211, 35.55405833333333 ] } },
{ "type": "Feature", "properties": { "Name": "R0010876.JPG", "Date": "2021-10-14", "Time": "14:56:59", "North": "", "Azimuth": null, "Cam. Maker": "RICOH                ", "Cam. Model": "RICOH THETA SC     , ... ]", "Timestamp": "2021-10-14T14:56:59", "id": 1043 }, "geometry": { "type": "Point", "coordinates": [ 136.9224, 35.55495 ] } },
{ "type": "Feature", "properties": { "Name": "R0010447.JPG", "Date": "2021-10-06", "Time": "12:45:44", "North": "", "Azimuth": null, "Cam. Maker": "RICOH                ", "Cam. Model": "RICOH THETA SC     , ... ]", "Timestamp": "2021-10-06T12:45:44", "id": 1044 }, "geometry": { "type": "Point", "coordinates": [ 136.925961111111093, 35.549286111111108 ] } },
{ "type": "Feature", "properties": { "Name": "R0010321.JPG", "Date": "2020-04-15", "Time": "11:40:20", "North": "", "Azimuth": null, "Cam. Maker": "RICOH                ", "Cam. Model": "RICOH THETA SC     , ... ]", "Timestamp": "2020-04-15T11:40:20", "id": 1045 }, "geometry": { "type": "Point", "coordinates": [ 136.921716666666669, 35.54935 ] } },
{ "type": "Feature", "properties": { "Name": "R0010335.JPG", "Date": "2020-04-15", "Time": "11:44:14", "North": "", "Azimuth": null, "Cam. Maker": "RICOH                ", "Cam. Model": "RICOH THETA SC     , ... ]", "Timestamp": "2020-04-15T11:44:14", "id": 1046 }, "geometry": { "type": "Point", "coordinates": [ 136.92285, 35.549183333333332 ] } },
{ "type": "Feature", "properties": { "Name": "R0010453.JPG", "Date": "2021-10-06", "Time": "12:47:32", "North": "", "Azimuth": null, "Cam. Maker": "RICOH                ", "Cam. Model": "RICOH THETA SC     , ... ]", "Timestamp": "2021-10-06T12:47:32", "id": 1047 }, "geometry": { "type": "Point", "coordinates": [ 136.925533333333334, 35.548883333333329 ] } },
{ "type": "Feature", "properties": { "Name": "R0011003.JPG", "Date": "2021-10-19", "Time": "09:52:05", "North": "", "Azimuth": null, "Cam. Maker": "RICOH                ", "Cam. Model": "RICOH THETA SC     , ... ]", "Timestamp": "2021-10-19T09:52:05", "id": 1048 }, "geometry": { "type": "Point", "coordinates": [ 136.92083333333332, 35.553133333333328 ] } },
{ "type": "Feature", "properties": { "Name": "R0010309.JPG", "Date": "2020-04-15", "Time": "11:33:07", "North": "", "Azimuth": null, "Cam. Maker": "RICOH                ", "Cam. Model": "RICOH THETA SC     , ... ]", "Timestamp": "2020-04-15T11:33:07", "id": 1049 }, "geometry": { "type": "Point", "coordinates": [ 136.9214, 35.548666666666669 ] } },
{ "type": "Feature", "properties": { "Name": "R0011017.JPG", "Date": "2021-10-19", "Time": "09:55:06", "North": "", "Azimuth": null, "Cam. Maker": "RICOH                ", "Cam. Model": "RICOH THETA SC     , ... ]", "Timestamp": "2021-10-19T09:55:06", "id": 1050 }, "geometry": { "type": "Point", "coordinates": [ 136.921383333333324, 35.553233333333331 ] } },
{ "type": "Feature", "properties": { "Name": "R0010484.JPG", "Date": "2021-10-06", "Time": "13:00:37", "North": "", "Azimuth": null, "Cam. Maker": "RICOH                ", "Cam. Model": "RICOH THETA SC     , ... ]", "Timestamp": "2021-10-06T13:00:37", "id": 1051 }, "geometry": { "type": "Point", "coordinates": [ 136.923983333333325, 35.54735 ] } },
{ "type": "Feature", "properties": { "Name": "R0010490.JPG", "Date": "2021-10-06", "Time": "13:03:08", "North": "", "Azimuth": null, "Cam. Maker": "RICOH                ", "Cam. Model": "RICOH THETA SC     , ... ]", "Timestamp": "2021-10-06T13:03:08", "id": 1052 }, "geometry": { "type": "Point", "coordinates": [ 136.923527777777764, 35.547702777777779 ] } },
{ "type": "Feature", "properties": { "Name": "R0010533.JPG", "Date": "2021-10-11", "Time": "15:01:38", "North": "", "Azimuth": null, "Cam. Maker": "RICOH                ", "Cam. Model": "RICOH THETA SC     , ... ]", "Timestamp": "2021-10-11T15:01:38", "id": 1053 }, "geometry": { "type": "Point", "coordinates": [ 136.925533333333334, 35.5513 ] } },
{ "type": "Feature", "properties": { "Name": "R0010255.JPG", "Date": "2020-04-15", "Time": "11:04:38", "North": "", "Azimuth": null, "Cam. Maker": "RICOH                ", "Cam. Model": "RICOH THETA SC     , ... ]", "Timestamp": "2020-04-15T11:04:38", "id": 1054 }, "geometry": { "type": "Point", "coordinates": [ 136.921666666666653, 35.551083333333331 ] } },
{ "type": "Feature", "properties": { "Name": "R0010241.JPG", "Date": "2020-04-15", "Time": "11:00:06", "North": "", "Azimuth": null, "Cam. Maker": "RICOH                ", "Cam. Model": "RICOH THETA SC     , ... ]", "Timestamp": "2020-04-15T11:00:06", "id": 1055 }, "geometry": { "type": "Point", "coordinates": [ 136.921483333333327, 35.550683333333332 ] } },
{ "type": "Feature", "properties": { "Name": "R0010527.JPG", "Date": "2021-10-11", "Time": "15:00:02", "North": "", "Azimuth": null, "Cam. Maker": "RICOH                ", "Cam. Model": "RICOH THETA SC     , ... ]", "Timestamp": "2021-10-11T15:00:02", "id": 1056 }, "geometry": { "type": "Point", "coordinates": [ 136.925966666666653, 35.551433333333328 ] } },
{ "type": "Feature", "properties": { "Name": "R0011177.JPG", "Date": "2021-11-25", "Time": "10:07:44", "North": "", "Azimuth": null, "Cam. Maker": "RICOH                ", "Cam. Model": "RICOH THETA SC     , ... ]", "Timestamp": "2021-11-25T10:07:44", "id": 1057 }, "geometry": { "type": "Point", "coordinates": [ 136.922083333333319, 35.553683333333332 ] } },
{ "type": "Feature", "properties": { "Name": "R0010269.JPG", "Date": "2020-04-15", "Time": "11:18:16", "North": "", "Azimuth": null, "Cam. Maker": "RICOH                ", "Cam. Model": "RICOH THETA SC     , ... ]", "Timestamp": "2020-04-15T11:18:16", "id": 1058 }, "geometry": { "type": "Point", "coordinates": [ 136.92065, 35.55005 ] } },
{ "type": "Feature", "properties": { "Name": "R0011163.JPG", "Date": "2021-11-18", "Time": "14:34:54", "North": "", "Azimuth": null, "Cam. Maker": "RICOH                ", "Cam. Model": "RICOH THETA SC     , ... ]", "Timestamp": "2021-11-18T14:34:54", "id": 1059 }, "geometry": { "type": "Point", "coordinates": [ 136.923072222222203, 35.553738888888887 ] } },
{ "type": "Feature", "properties": { "Name": "R0010296.JPG", "Date": "2020-04-15", "Time": "11:28:27", "North": "", "Azimuth": null, "Cam. Maker": "RICOH                ", "Cam. Model": "RICOH THETA SC     , ... ]", "Timestamp": "2020-04-15T11:28:27", "id": 1060 }, "geometry": { "type": "Point", "coordinates": [ 136.921183333333346, 35.54905 ] } },
{ "type": "Feature", "properties": { "Name": "R0011188.JPG", "Date": "2021-11-25", "Time": "10:14:09", "North": "", "Azimuth": null, "Cam. Maker": "RICOH                ", "Cam. Model": "RICOH THETA SC     , ... ]", "Timestamp": "2021-11-25T10:14:09", "id": 1061 }, "geometry": { "type": "Point", "coordinates": [ 136.923011111111094, 35.5534 ] } },
{ "type": "Feature", "properties": { "Name": "R0010282.JPG", "Date": "2020-04-15", "Time": "11:22:48", "North": "", "Azimuth": null, "Cam. Maker": "RICOH                ", "Cam. Model": "RICOH THETA SC     , ... ]", "Timestamp": "2020-04-15T11:22:48", "id": 1062 }, "geometry": { "type": "Point", "coordinates": [ 136.920316666666679, 35.549916666666668 ] } },
{ "type": "Feature", "properties": { "Name": "R0010057.JPG", "Date": "2020-04-15", "Time": "09:50:34", "North": "", "Azimuth": null, "Cam. Maker": "RICOH                ", "Cam. Model": "RICOH THETA SC     , ... ]", "Timestamp": "2020-04-15T09:50:34", "id": 1063 }, "geometry": { "type": "Point", "coordinates": [ 136.9206, 35.550383333333336 ] } },
{ "type": "Feature", "properties": { "Name": "R0011349.JPG", "Date": "2021-11-29", "Time": "11:34:47", "North": "", "Azimuth": null, "Cam. Maker": "RICOH                ", "Cam. Model": "RICOH THETA SC     , ... ]", "Timestamp": "2021-11-29T11:34:47", "id": 1064 }, "geometry": { "type": "Point", "coordinates": [ 136.921483333333327, 35.547783333333328 ] } },
{ "type": "Feature", "properties": { "Name": "R0010731.JPG", "Date": "2021-10-11", "Time": "16:19:45", "North": "", "Azimuth": null, "Cam. Maker": "RICOH                ", "Cam. Model": "RICOH THETA SC     , ... ]", "Timestamp": "2021-10-11T16:19:45", "id": 1065 }, "geometry": { "type": "Point", "coordinates": [ 136.923383333333334, 35.553791666666662 ] } },
{ "type": "Feature", "properties": { "Name": "R0010725.JPG", "Date": "2021-10-11", "Time": "16:18:38", "North": "", "Azimuth": null, "Cam. Maker": "RICOH                ", "Cam. Model": "RICOH THETA SC     , ... ]", "Timestamp": "2021-10-11T16:18:38", "id": 1066 }, "geometry": { "type": "Point", "coordinates": [ 136.923447222222222, 35.553247222222218 ] } },
{ "type": "Feature", "properties": { "Name": "R0010043.JPG", "Date": "2020-04-15", "Time": "09:43:12", "North": "", "Azimuth": null, "Cam. Maker": "RICOH                ", "Cam. Model": "RICOH THETA SC     , ... ]", "Timestamp": "2020-04-15T09:43:12", "id": 1067 }, "geometry": { "type": "Point", "coordinates": [ 136.921183333333346, 35.55035 ] } },
{ "type": "Feature", "properties": { "Name": "R0011375.JPG", "Date": "2021-11-29", "Time": "11:42:58", "North": "", "Azimuth": null, "Cam. Maker": "RICOH                ", "Cam. Model": "RICOH THETA SC     , ... ]", "Timestamp": "2021-11-29T11:42:58", "id": 1068 }, "geometry": { "type": "Point", "coordinates": [ 136.9217, 35.54593333333333 ] } },
{ "type": "Feature", "properties": { "Name": "R0011413.JPG", "Date": "2021-11-29", "Time": "12:10:03", "North": "", "Azimuth": null, "Cam. Maker": "RICOH                ", "Cam. Model": "RICOH THETA SC     , ... ]", "Timestamp": "2021-11-29T12:10:03", "id": 1069 }, "geometry": { "type": "Point", "coordinates": [ 136.919444444444423, 35.548658333333329 ] } },
{ "type": "Feature", "properties": { "Name": "R0011407.JPG", "Date": "2021-11-29", "Time": "12:08:34", "North": "", "Azimuth": null, "Cam. Maker": "RICOH                ", "Cam. Model": "RICOH THETA SC     , ... ]", "Timestamp": "2021-11-29T12:08:34", "id": 1070 }, "geometry": { "type": "Point", "coordinates": [ 136.91972777777778, 35.547958333333334 ] } },
{ "type": "Feature", "properties": { "Name": "R0010719.JPG", "Date": "2021-10-11", "Time": "16:17:29", "North": "", "Azimuth": null, "Cam. Maker": "RICOH                ", "Cam. Model": "RICOH THETA SC     , ... ]", "Timestamp": "2021-10-11T16:17:29", "id": 1071 }, "geometry": { "type": "Point", "coordinates": [ 136.9236, 35.552630555555552 ] } },
{ "type": "Feature", "properties": { "Name": "R0011361.JPG", "Date": "2021-11-29", "Time": "11:38:16", "North": "", "Azimuth": null, "Cam. Maker": "RICOH                ", "Cam. Model": "RICOH THETA SC     , ... ]", "Timestamp": "2021-11-29T11:38:16", "id": 1072 }, "geometry": { "type": "Point", "coordinates": [ 136.920566666666645, 35.5472 ] } },
{ "type": "Feature", "properties": { "Name": "R0010094.JPG", "Date": "2020-04-15", "Time": "10:13:34", "North": "", "Azimuth": null, "Cam. Maker": "RICOH                ", "Cam. Model": "RICOH THETA SC     , ... ]", "Timestamp": "2020-04-15T10:13:34", "id": 1073 }, "geometry": { "type": "Point", "coordinates": [ 136.921066666666661, 35.54855 ] } },
{ "type": "Feature", "properties": { "Name": "R0010080.JPG", "Date": "2020-04-15", "Time": "10:02:31", "North": "", "Azimuth": null, "Cam. Maker": "RICOH                ", "Cam. Model": "RICOH THETA SC     , ... ]", "Timestamp": "2020-04-15T10:02:31", "id": 1074 }, "geometry": { "type": "Point", "coordinates": [ 136.9201, 35.549366666666664 ] } },
{ "type": "Feature", "properties": { "Name": "R0010916.JPG", "Date": "2021-10-14", "Time": "15:20:43", "North": "", "Azimuth": null, "Cam. Maker": "RICOH                ", "Cam. Model": "RICOH THETA SC     , ... ]", "Timestamp": "2021-10-14T15:20:43", "id": 1075 }, "geometry": { "type": "Point", "coordinates": [ 136.92219331480419, 35.552763713312409 ] } },
{ "type": "Feature", "properties": { "Name": "R0010902.JPG", "Date": "2021-10-14", "Time": "15:17:06", "North": "", "Azimuth": null, "Cam. Maker": "RICOH                ", "Cam. Model": "RICOH THETA SC     , ... ]", "Timestamp": "2021-10-14T15:17:06", "id": 1076 }, "geometry": { "type": "Point", "coordinates": [ 136.923583333333312, 35.552416666666666 ] } },
{ "type": "Feature", "properties": { "Name": "R0010903.JPG", "Date": "2021-10-14", "Time": "15:17:22", "North": "", "Azimuth": null, "Cam. Maker": "RICOH                ", "Cam. Model": "RICOH THETA SC     , ... ]", "Timestamp": "2021-10-14T15:17:22", "id": 1077 }, "geometry": { "type": "Point", "coordinates": [ 136.923683333333315, 35.552383333333331 ] } },
{ "type": "Feature", "properties": { "Name": "R0010917.JPG", "Date": "2021-10-14", "Time": "15:22:01", "North": "", "Azimuth": null, "Cam. Maker": "RICOH                ", "Cam. Model": "RICOH THETA SC     , ... ]", "Timestamp": "2021-10-14T15:22:01", "id": 1078 }, "geometry": { "type": "Point", "coordinates": [ 136.922201919572075, 35.552748016277675 ] } },
{ "type": "Feature", "properties": { "Name": "R0010081.JPG", "Date": "2020-04-15", "Time": "10:03:39", "North": "", "Azimuth": null, "Cam. Maker": "RICOH                ", "Cam. Model": "RICOH THETA SC     , ... ]", "Timestamp": "2020-04-15T10:03:39", "id": 1079 }, "geometry": { "type": "Point", "coordinates": [ 136.920133333333325, 35.54935 ] } },
{ "type": "Feature", "properties": { "Name": "R0010095.JPG", "Date": "2020-04-15", "Time": "10:13:48", "North": "", "Azimuth": null, "Cam. Maker": "RICOH                ", "Cam. Model": "RICOH THETA SC     , ... ]", "Timestamp": "2020-04-15T10:13:48", "id": 1080 }, "geometry": { "type": "Point", "coordinates": [ 136.92115, 35.5485 ] } },
{ "type": "Feature", "properties": { "Name": "R0010718.JPG", "Date": "2021-10-11", "Time": "16:17:19", "North": "", "Azimuth": null, "Cam. Maker": "RICOH                ", "Cam. Model": "RICOH THETA SC     , ... ]", "Timestamp": "2021-10-11T16:17:19", "id": 1081 }, "geometry": { "type": "Point", "coordinates": [ 136.92365, 35.5526 ] } },
{ "type": "Feature", "properties": { "Name": "R0011406.JPG", "Date": "2021-11-29", "Time": "12:08:19", "North": "", "Azimuth": null, "Cam. Maker": "RICOH                ", "Cam. Model": "RICOH THETA SC     , ... ]", "Timestamp": "2021-11-29T12:08:19", "id": 1082 }, "geometry": { "type": "Point", "coordinates": [ 136.919797222222201, 35.547844444444443 ] } },
{ "type": "Feature", "properties": { "Name": "R0011360.JPG", "Date": "2021-11-29", "Time": "11:38:02", "North": "", "Azimuth": null, "Cam. Maker": "RICOH                ", "Cam. Model": "RICOH THETA SC     , ... ]", "Timestamp": "2021-11-29T11:38:02", "id": 1083 }, "geometry": { "type": "Point", "coordinates": [ 136.92055, 35.547316666666667 ] } },
{ "type": "Feature", "properties": { "Name": "R0011374.JPG", "Date": "2021-11-29", "Time": "11:42:40", "North": "", "Azimuth": null, "Cam. Maker": "RICOH                ", "Cam. Model": "RICOH THETA SC     , ... ]", "Timestamp": "2021-11-29T11:42:40", "id": 1084 }, "geometry": { "type": "Point", "coordinates": [ 136.921533333333315, 35.54595 ] } },
{ "type": "Feature", "properties": { "Name": "R0011412.JPG", "Date": "2021-11-29", "Time": "12:09:48", "North": "", "Azimuth": null, "Cam. Maker": "RICOH                ", "Cam. Model": "RICOH THETA SC     , ... ]", "Timestamp": "2021-11-29T12:09:48", "id": 1085 }, "geometry": { "type": "Point", "coordinates": [ 136.919516666666652, 35.548583333333333 ] } },
{ "type": "Feature", "properties": { "Name": "R0010724.JPG", "Date": "2021-10-11", "Time": "16:18:27", "North": "", "Azimuth": null, "Cam. Maker": "RICOH                ", "Cam. Model": "RICOH THETA SC     , ... ]", "Timestamp": "2021-10-11T16:18:27", "id": 1086 }, "geometry": { "type": "Point", "coordinates": [ 136.923469444444436, 35.553141666666662 ] } },
{ "type": "Feature", "properties": { "Name": "R0010042.JPG", "Date": "2020-04-15", "Time": "09:42:51", "North": "", "Azimuth": null, "Cam. Maker": "RICOH                ", "Cam. Model": "RICOH THETA SC     , ... ]", "Timestamp": "2020-04-15T09:42:51", "id": 1087 }, "geometry": { "type": "Point", "coordinates": [ 136.92135, 35.550416666666663 ] } },
{ "type": "Feature", "properties": { "Name": "R0011348.JPG", "Date": "2021-11-29", "Time": "11:34:34", "North": "", "Azimuth": null, "Cam. Maker": "RICOH                ", "Cam. Model": "RICOH THETA SC     , ... ]", "Timestamp": "2021-11-29T11:34:34", "id": 1088 }, "geometry": { "type": "Point", "coordinates": [ 136.921466666666646, 35.5478 ] } },
{ "type": "Feature", "properties": { "Name": "R0010056.JPG", "Date": "2020-04-15", "Time": "09:48:02", "North": "", "Azimuth": null, "Cam. Maker": "RICOH                ", "Cam. Model": "RICOH THETA SC     , ... ]", "Timestamp": "2020-04-15T09:48:02", "id": 1089 }, "geometry": { "type": "Point", "coordinates": [ 136.91935, 35.55045 ] } },
{ "type": "Feature", "properties": { "Name": "R0010730.JPG", "Date": "2021-10-11", "Time": "16:19:35", "North": "", "Azimuth": null, "Cam. Maker": "RICOH                ", "Cam. Model": "RICOH THETA SC     , ... ]", "Timestamp": "2021-10-11T16:19:35", "id": 1090 }, "geometry": { "type": "Point", "coordinates": [ 136.923391666666646, 35.553713888888886 ] } },
{ "type": "Feature", "properties": { "Name": "R0010283.JPG", "Date": "2020-04-15", "Time": "11:23:11", "North": "", "Azimuth": null, "Cam. Maker": "RICOH                ", "Cam. Model": "RICOH THETA SC     , ... ]", "Timestamp": "2020-04-15T11:23:11", "id": 1091 }, "geometry": { "type": "Point", "coordinates": [ 136.920316666666679, 35.54985 ] } },
{ "type": "Feature", "properties": { "Name": "R0011189.JPG", "Date": "2021-11-25", "Time": "10:14:22", "North": "", "Azimuth": null, "Cam. Maker": "RICOH                ", "Cam. Model": "RICOH THETA SC     , ... ]", "Timestamp": "2021-11-25T10:14:22", "id": 1092 }, "geometry": { "type": "Point", "coordinates": [ 136.923013888888875, 35.553325 ] } },
{ "type": "Feature", "properties": { "Name": "R0010297.JPG", "Date": "2020-04-15", "Time": "11:28:41", "North": "", "Azimuth": null, "Cam. Maker": "RICOH                ", "Cam. Model": "RICOH THETA SC     , ... ]", "Timestamp": "2020-04-15T11:28:41", "id": 1093 }, "geometry": { "type": "Point", "coordinates": [ 136.921266666666668, 35.548983333333332 ] } },
{ "type": "Feature", "properties": { "Name": "R0011162.JPG", "Date": "2021-11-18", "Time": "14:34:42", "North": "", "Azimuth": null, "Cam. Maker": "RICOH                ", "Cam. Model": "RICOH THETA SC     , ... ]", "Timestamp": "2021-11-18T14:34:42", "id": 1094 }, "geometry": { "type": "Point", "coordinates": [ 136.923072222222203, 35.55383333333333 ] } },
{ "type": "Feature", "properties": { "Name": "R0010268.JPG", "Date": "2020-04-15", "Time": "11:17:41", "North": "", "Azimuth": null, "Cam. Maker": "RICOH                ", "Cam. Model": "RICOH THETA SC     , ... ]", "Timestamp": "2020-04-15T11:17:41", "id": 1095 }, "geometry": { "type": "Point", "coordinates": [ 136.920783333333333, 35.550066666666666 ] } },
{ "type": "Feature", "properties": { "Name": "R0011176.JPG", "Date": "2021-11-25", "Time": "10:07:31", "North": "", "Azimuth": null, "Cam. Maker": "RICOH                ", "Cam. Model": "RICOH THETA SC     , ... ]", "Timestamp": "2021-11-25T10:07:31", "id": 1096 }, "geometry": { "type": "Point", "coordinates": [ 136.922183333333322, 35.55375 ] } },
{ "type": "Feature", "properties": { "Name": "R0010240.JPG", "Date": "2020-04-15", "Time": "10:59:53", "North": "", "Azimuth": null, "Cam. Maker": "RICOH                ", "Cam. Model": "RICOH THETA SC     , ... ]", "Timestamp": "2020-04-15T10:59:53", "id": 1097 }, "geometry": { "type": "Point", "coordinates": [ 136.921483333333327, 35.55075 ] } },
{ "type": "Feature", "properties": { "Name": "R0010526.JPG", "Date": "2021-10-11", "Time": "14:59:49", "North": "", "Azimuth": null, "Cam. Maker": "RICOH                ", "Cam. Model": "RICOH THETA SC     , ... ]", "Timestamp": "2021-10-11T14:59:49", "id": 1098 }, "geometry": { "type": "Point", "coordinates": [ 136.925983333333335, 35.551383333333334 ] } },
{ "type": "Feature", "properties": { "Name": "R0010532.JPG", "Date": "2021-10-11", "Time": "15:01:22", "North": "", "Azimuth": null, "Cam. Maker": "RICOH                ", "Cam. Model": "RICOH THETA SC     , ... ]", "Timestamp": "2021-10-11T15:01:22", "id": 1099 }, "geometry": { "type": "Point", "coordinates": [ 136.925633333333337, 35.551333333333332 ] } },
{ "type": "Feature", "properties": { "Name": "R0010254.JPG", "Date": "2020-04-15", "Time": "11:04:20", "North": "", "Azimuth": null, "Cam. Maker": "RICOH                ", "Cam. Model": "RICOH THETA SC     , ... ]", "Timestamp": "2020-04-15T11:04:20", "id": 1100 }, "geometry": { "type": "Point", "coordinates": [ 136.9216, 35.55105 ] } },
{ "type": "Feature", "properties": { "Name": "R0010491.JPG", "Date": "2021-10-06", "Time": "13:03:34", "North": "", "Azimuth": null, "Cam. Maker": "RICOH                ", "Cam. Model": "RICOH THETA SC     , ... ]", "Timestamp": "2021-10-06T13:03:34", "id": 1101 }, "geometry": { "type": "Point", "coordinates": [ 136.923427777777761, 35.547766666666668 ] } },
{ "type": "Feature", "properties": { "Name": "R0010485.JPG", "Date": "2021-10-06", "Time": "13:01:04", "North": "", "Azimuth": null, "Cam. Maker": "RICOH                ", "Cam. Model": "RICOH THETA SC     , ... ]", "Timestamp": "2021-10-06T13:01:04", "id": 1102 }, "geometry": { "type": "Point", "coordinates": [ 136.923925, 35.547422222222224 ] } },
{ "type": "Feature", "properties": { "Name": "R0011016.JPG", "Date": "2021-10-19", "Time": "09:54:53", "North": "", "Azimuth": null, "Cam. Maker": "RICOH                ", "Cam. Model": "RICOH THETA SC     , ... ]", "Timestamp": "2021-10-19T09:54:53", "id": 1103 }, "geometry": { "type": "Point", "coordinates": [ 136.9214, 35.5533 ] } },
{ "type": "Feature", "properties": { "Name": "R0010308.JPG", "Date": "2020-04-15", "Time": "11:32:58", "North": "", "Azimuth": null, "Cam. Maker": "RICOH                ", "Cam. Model": "RICOH THETA SC     , ... ]", "Timestamp": "2020-04-15T11:32:58", "id": 1104 }, "geometry": { "type": "Point", "coordinates": [ 136.92145, 35.548683333333337 ] } },
{ "type": "Feature", "properties": { "Name": "R0011002.JPG", "Date": "2021-10-19", "Time": "09:51:47", "North": "", "Azimuth": null, "Cam. Maker": "RICOH                ", "Cam. Model": "RICOH THETA SC     , ... ]", "Timestamp": "2021-10-19T09:51:47", "id": 1105 }, "geometry": { "type": "Point", "coordinates": [ 136.920866666666655, 35.55325 ] } },
{ "type": "Feature", "properties": { "Name": "R0010334.JPG", "Date": "2020-04-15", "Time": "11:44:01", "North": "", "Azimuth": null, "Cam. Maker": "RICOH                ", "Cam. Model": "RICOH THETA SC     , ... ]", "Timestamp": "2020-04-15T11:44:01", "id": 1106 }, "geometry": { "type": "Point", "coordinates": [ 136.922783333333342, 35.549216666666666 ] } },
{ "type": "Feature", "properties": { "Name": "R0010452.JPG", "Date": "2021-10-06", "Time": "12:47:07", "North": "", "Azimuth": null, "Cam. Maker": "RICOH                ", "Cam. Model": "RICOH THETA SC     , ... ]", "Timestamp": "2021-10-06T12:47:07", "id": 1107 }, "geometry": { "type": "Point", "coordinates": [ 136.9256, 35.54895 ] } },
{ "type": "Feature", "properties": { "Name": "R0010446.JPG", "Date": "2021-10-06", "Time": "12:45:16", "North": "", "Azimuth": null, "Cam. Maker": "RICOH                ", "Cam. Model": "RICOH THETA SC     , ... ]", "Timestamp": "2021-10-06T12:45:16", "id": 1108 }, "geometry": { "type": "Point", "coordinates": [ 136.926041666666663, 35.549383333333331 ] } },
{ "type": "Feature", "properties": { "Name": "R0010320.JPG", "Date": "2020-04-15", "Time": "11:40:04", "North": "", "Azimuth": null, "Cam. Maker": "RICOH                ", "Cam. Model": "RICOH THETA SC     , ... ]", "Timestamp": "2020-04-15T11:40:04", "id": 1109 }, "geometry": { "type": "Point", "coordinates": [ 136.921666666666653, 35.549283333333335 ] } },
{ "type": "Feature", "properties": { "Name": "R0010877.JPG", "Date": "2021-10-14", "Time": "14:57:05", "North": "", "Azimuth": null, "Cam. Maker": "RICOH                ", "Cam. Model": "RICOH THETA SC     , ... ]", "Timestamp": "2021-10-14T14:57:05", "id": 1110 }, "geometry": { "type": "Point", "coordinates": [ 136.922333333333313, 35.554952777777778 ] } },
{ "type": "Feature", "properties": { "Name": "R0010863.JPG", "Date": "2021-10-14", "Time": "14:53:34", "North": "", "Azimuth": null, "Cam. Maker": "RICOH                ", "Cam. Model": "RICOH THETA SC     , ... ]", "Timestamp": "2021-10-14T14:53:34", "id": 1111 }, "geometry": { "type": "Point", "coordinates": [ 136.922522222222199, 35.554152777777773 ] } },
{ "type": "Feature", "properties": { "Name": "R0010693.JPG", "Date": "2021-10-11", "Time": "16:12:28", "North": "", "Azimuth": null, "Cam. Maker": "RICOH                ", "Cam. Model": "RICOH THETA SC     , ... ]", "Timestamp": "2021-10-11T16:12:28", "id": 1112 }, "geometry": { "type": "Point", "coordinates": [ 136.924505278683682, 35.551250993189257 ] } },
{ "type": "Feature", "properties": { "Name": "R0010687.JPG", "Date": "2021-10-11", "Time": "16:11:25", "North": "", "Azimuth": null, "Cam. Maker": "RICOH                ", "Cam. Model": "RICOH THETA SC     , ... ]", "Timestamp": "2021-10-11T16:11:25", "id": 1113 }, "geometry": { "type": "Point", "coordinates": [ 136.92490277777776, 35.550927777777773 ] } },
{ "type": "Feature", "properties": { "Name": "R0011214.JPG", "Date": "2021-11-25", "Time": "11:34:52", "North": "", "Azimuth": null, "Cam. Maker": "RICOH                ", "Cam. Model": "RICOH THETA SC     , ... ]", "Timestamp": "2021-11-25T11:34:52", "id": 1114 }, "geometry": { "type": "Point", "coordinates": [ 136.9221, 35.54945 ] } },
{ "type": "Feature", "properties": { "Name": "R0011200.JPG", "Date": "2021-11-25", "Time": "11:31:25", "North": "", "Azimuth": null, "Cam. Maker": "RICOH                ", "Cam. Model": "RICOH THETA SC     , ... ]", "Timestamp": "2021-11-25T11:31:25", "id": 1115 }, "geometry": { "type": "Point", "coordinates": [ 136.922202777777756, 35.548786111111106 ] } },
{ "type": "Feature", "properties": { "Name": "R0010678.JPG", "Date": "2021-10-11", "Time": "16:09:43", "North": "", "Azimuth": null, "Cam. Maker": "RICOH                ", "Cam. Model": "RICOH THETA SC     , ... ]", "Timestamp": "2021-10-11T16:09:43", "id": 1116 }, "geometry": { "type": "Point", "coordinates": [ 136.924661111111106, 35.55029722222222 ] } },
{ "type": "Feature", "properties": { "Name": "R0010888.JPG", "Date": "2021-10-14", "Time": "15:00:22", "North": "", "Azimuth": null, "Cam. Maker": "RICOH                ", "Cam. Model": "RICOH THETA SC     , ... ]", "Timestamp": "2021-10-14T15:00:22", "id": 1117 }, "geometry": { "type": "Point", "coordinates": [ 136.922702777777772, 35.55446111111111 ] } },
{ "type": "Feature", "properties": { "Name": "R0010650.JPG", "Date": "2021-10-11", "Time": "15:47:10", "North": "", "Azimuth": null, "Cam. Maker": "RICOH                ", "Cam. Model": "RICOH THETA SC     , ... ]", "Timestamp": "2021-10-11T15:47:10", "id": 1118 }, "geometry": { "type": "Point", "coordinates": [ 136.92355, 35.549816666666665 ] } },
{ "type": "Feature", "properties": { "Name": "R0010136.JPG", "Date": "2020-04-15", "Time": "10:27:40", "North": "", "Azimuth": null, "Cam. Maker": "RICOH                ", "Cam. Model": "RICOH THETA SC     , ... ]", "Timestamp": "2020-04-15T10:27:40", "id": 1119 }, "geometry": { "type": "Point", "coordinates": [ 136.92431666666667, 35.548533333333332 ] } },
{ "type": "Feature", "properties": { "Name": "R0011228.JPG", "Date": "2021-11-25", "Time": "11:44:21", "North": "", "Azimuth": null, "Cam. Maker": "RICOH                ", "Cam. Model": "RICOH THETA SC     , ... ]", "Timestamp": "2021-11-25T11:44:21", "id": 1120 }, "geometry": { "type": "Point", "coordinates": [ 136.921305555555534, 35.549408333333332 ] } },
{ "type": "Feature", "properties": { "Name": "R0010122.JPG", "Date": "2020-04-15", "Time": "10:24:20", "North": "", "Azimuth": null, "Cam. Maker": "RICOH                ", "Cam. Model": "RICOH THETA SC     , ... ]", "Timestamp": "2020-04-15T10:24:20", "id": 1121 }, "geometry": { "type": "Point", "coordinates": [ 136.923716666666678, 35.547983333333335 ] } },
{ "type": "Feature", "properties": { "Name": "R0010644.JPG", "Date": "2021-10-11", "Time": "15:44:02", "North": "", "Azimuth": null, "Cam. Maker": "RICOH                ", "Cam. Model": "RICOH THETA SC     , ... ]", "Timestamp": "2021-10-11T15:44:02", "id": 1122 }, "geometry": { "type": "Point", "coordinates": [ 136.923980555555545, 35.549727777777775 ] } },
{ "type": "Feature", "properties": { "Name": "R0010134.JPG", "Date": "2020-04-15", "Time": "10:27:18", "North": "", "Azimuth": null, "Cam. Maker": "RICOH                ", "Cam. Model": "RICOH THETA SC     , ... ]", "Timestamp": "2020-04-15T10:27:18", "id": 1123 }, "geometry": { "type": "Point", "coordinates": [ 136.92435, 35.548366666666666 ] } },
{ "type": "Feature", "properties": { "Name": "R0010652.JPG", "Date": "2021-10-11", "Time": "15:47:37", "North": "", "Azimuth": null, "Cam. Maker": "RICOH                ", "Cam. Model": "RICOH THETA SC     , ... ]", "Timestamp": "2021-10-11T15:47:37", "id": 1124 }, "geometry": { "type": "Point", "coordinates": [ 136.923533333333324, 35.549766666666663 ] } },
{ "type": "Feature", "properties": { "Name": "R0010646.JPG", "Date": "2021-10-11", "Time": "15:45:24", "North": "", "Azimuth": null, "Cam. Maker": "RICOH                ", "Cam. Model": "RICOH THETA SC     , ... ]", "Timestamp": "2021-10-11T15:45:24", "id": 1125 }, "geometry": { "type": "Point", "coordinates": [ 136.923744444444424, 35.549825 ] } },
{ "type": "Feature", "properties": { "Name": "R0010120.JPG", "Date": "2020-04-15", "Time": "10:23:47", "North": "", "Azimuth": null, "Cam. Maker": "RICOH                ", "Cam. Model": "RICOH THETA SC     , ... ]", "Timestamp": "2020-04-15T10:23:47", "id": 1126 }, "geometry": { "type": "Point", "coordinates": [ 136.9236, 35.548116666666665 ] } },
{ "type": "Feature", "properties": { "Name": "R0011216.JPG", "Date": "2021-11-25", "Time": "11:35:24", "North": "", "Azimuth": null, "Cam. Maker": "RICOH                ", "Cam. Model": "RICOH THETA SC     , ... ]", "Timestamp": "2021-11-25T11:35:24", "id": 1127 }, "geometry": { "type": "Point", "coordinates": [ 136.92195, 35.5495 ] } },
{ "type": "Feature", "properties": { "Name": "R0010108.JPG", "Date": "2020-04-15", "Time": "10:19:24", "North": "", "Azimuth": null, "Cam. Maker": "RICOH                ", "Cam. Model": "RICOH THETA SC     , ... ]", "Timestamp": "2020-04-15T10:19:24", "id": 1128 }, "geometry": { "type": "Point", "coordinates": [ 136.92253333333332, 35.54848333333333 ] } },
{ "type": "Feature", "properties": { "Name": "R0011202.JPG", "Date": "2021-11-25", "Time": "11:31:51", "North": "", "Azimuth": null, "Cam. Maker": "RICOH                ", "Cam. Model": "RICOH THETA SC     , ... ]", "Timestamp": "2021-11-25T11:31:51", "id": 1129 }, "geometry": { "type": "Point", "coordinates": [ 136.922216666666657, 35.548966666666665 ] } },
{ "type": "Feature", "properties": { "Name": "R0010849.JPG", "Date": "2021-10-14", "Time": "14:50:16", "North": "", "Azimuth": null, "Cam. Maker": "RICOH                ", "Cam. Model": "RICOH THETA SC     , ... ]", "Timestamp": "2021-10-14T14:50:16", "id": 1130 }, "geometry": { "type": "Point", "coordinates": [ 136.921913888888866, 35.553808333333329 ] } },
{ "type": "Feature", "properties": { "Name": "R0010691.JPG", "Date": "2021-10-11", "Time": "16:12:08", "North": "", "Azimuth": null, "Cam. Maker": "RICOH                ", "Cam. Model": "RICOH THETA SC     , ... ]", "Timestamp": "2021-10-11T16:12:08", "id": 1131 }, "geometry": { "type": "Point", "coordinates": [ 136.924625, 35.551127777777772 ] } },
{ "type": "Feature", "properties": { "Name": "R0010685.JPG", "Date": "2021-10-11", "Time": "16:11:01", "North": "", "Azimuth": null, "Cam. Maker": "RICOH                ", "Cam. Model": "RICOH THETA SC     , ... ]", "Timestamp": "2021-10-11T16:11:01", "id": 1132 }, "geometry": { "type": "Point", "coordinates": [ 136.92498888888889, 35.550766666666661 ] } },
{ "type": "Feature", "properties": { "Name": "R0010875.JPG", "Date": "2021-10-14", "Time": "14:56:41", "North": "", "Azimuth": null, "Cam. Maker": "RICOH                ", "Cam. Model": "RICOH THETA SC     , ... ]", "Timestamp": "2021-10-14T14:56:41", "id": 1133 }, "geometry": { "type": "Point", "coordinates": [ 136.922516666666667, 35.55495 ] } },
{ "type": "Feature", "properties": { "Name": "R0010861.JPG", "Date": "2021-10-14", "Time": "14:53:10", "North": "", "Azimuth": null, "Cam. Maker": "RICOH                ", "Cam. Model": "RICOH THETA SC     , ... ]", "Timestamp": "2021-10-14T14:53:10", "id": 1134 }, "geometry": { "type": "Point", "coordinates": [ 136.922433333333316, 35.554005555555555 ] } },
{ "type": "Feature", "properties": { "Name": "R0010450.JPG", "Date": "2021-10-06", "Time": "12:46:32", "North": "", "Azimuth": null, "Cam. Maker": "RICOH                ", "Cam. Model": "RICOH THETA SC     , ... ]", "Timestamp": "2021-10-06T12:46:32", "id": 1135 }, "geometry": { "type": "Point", "coordinates": [ 136.925766666666647, 35.549083333333328 ] } },
{ "type": "Feature", "properties": { "Name": "R0010336.JPG", "Date": "2020-04-15", "Time": "11:44:26", "North": "", "Azimuth": null, "Cam. Maker": "RICOH                ", "Cam. Model": "RICOH THETA SC     , ... ]", "Timestamp": "2020-04-15T11:44:26", "id": 1136 }, "geometry": { "type": "Point", "coordinates": [ 136.92291666666668, 35.5492 ] } },
{ "type": "Feature", "properties": { "Name": "R0011028.JPG", "Date": "2021-10-19", "Time": "09:59:57", "North": "", "Azimuth": null, "Cam. Maker": "RICOH                ", "Cam. Model": "RICOH THETA SC     , ... ]", "Timestamp": "2021-10-19T09:59:57", "id": 1137 }, "geometry": { "type": "Point", "coordinates": [ 136.9225, 35.551322222222218 ] } },
{ "type": "Feature", "properties": { "Name": "R0010322.JPG", "Date": "2020-04-15", "Time": "11:40:37", "North": "", "Azimuth": null, "Cam. Maker": "RICOH                ", "Cam. Model": "RICOH THETA SC     , ... ]", "Timestamp": "2020-04-15T11:40:37", "id": 1138 }, "geometry": { "type": "Point", "coordinates": [ 136.921783333333337, 35.549433333333333 ] } },
{ "type": "Feature", "properties": { "Name": "R0010444.JPG", "Date": "2021-10-06", "Time": "12:44:41", "North": "", "Azimuth": null, "Cam. Maker": "RICOH                ", "Cam. Model": "RICOH THETA SC     , ... ]", "Timestamp": "2021-10-06T12:44:41", "id": 1139 }, "geometry": { "type": "Point", "coordinates": [ 136.926216666666647, 35.549533333333329 ] } },
{ "type": "Feature", "properties": { "Name": "R0011014.JPG", "Date": "2021-10-19", "Time": "09:54:29", "North": "", "Azimuth": null, "Cam. Maker": "RICOH                ", "Cam. Model": "RICOH THETA SC     , ... ]", "Timestamp": "2021-10-19T09:54:29", "id": 1140 }, "geometry": { "type": "Point", "coordinates": [ 136.921338888888869, 35.553419444444444 ] } },
{ "type": "Feature", "properties": { "Name": "R0011000.JPG", "Date": "2021-10-14", "Time": "16:05:16", "North": "", "Azimuth": null, "Cam. Maker": "RICOH                ", "Cam. Model": "RICOH THETA SC     , ... ]", "Timestamp": "2021-10-14T16:05:16", "id": 1141 }, "geometry": { "type": "Point", "coordinates": [ 136.92265, 35.551277777777777 ] } },
{ "type": "Feature", "properties": { "Name": "R0010478.JPG", "Date": "2021-10-06", "Time": "12:57:53", "North": "", "Azimuth": null, "Cam. Maker": "RICOH                ", "Cam. Model": "RICOH THETA SC     , ... ]", "Timestamp": "2021-10-06T12:57:53", "id": 1142 }, "geometry": { "type": "Point", "coordinates": [ 136.9243, 35.54698333333333 ] } },
{ "type": "Feature", "properties": { "Name": "R0010493.JPG", "Date": "2021-10-06", "Time": "13:04:18", "North": "", "Azimuth": null, "Cam. Maker": "RICOH                ", "Cam. Model": "RICOH THETA SC     , ... ]", "Timestamp": "2021-10-06T13:04:18", "id": 1143 }, "geometry": { "type": "Point", "coordinates": [ 136.92327777777777, 35.547886111111112 ] } },
{ "type": "Feature", "properties": { "Name": "R0010487.JPG", "Date": "2021-10-06", "Time": "13:02:07", "North": "", "Azimuth": null, "Cam. Maker": "RICOH                ", "Cam. Model": "RICOH THETA SC     , ... ]", "Timestamp": "2021-10-06T13:02:07", "id": 1144 }, "geometry": { "type": "Point", "coordinates": [ 136.923758333333325, 35.547491666666666 ] } },
{ "type": "Feature", "properties": { "Name": "R0010524.JPG", "Date": "2021-10-11", "Time": "14:59:16", "North": "", "Azimuth": null, "Cam. Maker": "RICOH                ", "Cam. Model": "RICOH THETA SC     , ... ]", "Timestamp": "2021-10-11T14:59:16", "id": 1145 }, "geometry": { "type": "Point", "coordinates": [ 136.926066666666657, 35.551316666666665 ] } },
{ "type": "Feature", "properties": { "Name": "R0010242.JPG", "Date": "2020-04-15", "Time": "11:00:26", "North": "", "Azimuth": null, "Cam. Maker": "RICOH                ", "Cam. Model": "RICOH THETA SC     , ... ]", "Timestamp": "2020-04-15T11:00:26", "id": 1146 }, "geometry": { "type": "Point", "coordinates": [ 136.92143333333334, 35.550533333333334 ] } },
{ "type": "Feature", "properties": { "Name": "R0010256.JPG", "Date": "2020-04-15", "Time": "11:05:00", "North": "", "Azimuth": null, "Cam. Maker": "RICOH                ", "Cam. Model": "RICOH THETA SC     , ... ]", "Timestamp": "2020-04-15T11:05:00", "id": 1147 }, "geometry": { "type": "Point", "coordinates": [ 136.92175, 35.5511 ] } },
{ "type": "Feature", "properties": { "Name": "R0010530.JPG", "Date": "2021-10-11", "Time": "15:00:49", "North": "", "Azimuth": null, "Cam. Maker": "RICOH                ", "Cam. Model": "RICOH THETA SC     , ... ]", "Timestamp": "2021-10-11T15:00:49", "id": 1148 }, "geometry": { "type": "Point", "coordinates": [ 136.9258, 35.551433333333328 ] } },
{ "type": "Feature", "properties": { "Name": "R0010518.JPG", "Date": "2021-10-11", "Time": "14:57:44", "North": "", "Azimuth": null, "Cam. Maker": "RICOH                ", "Cam. Model": "RICOH THETA SC     , ... ]", "Timestamp": "2021-10-11T14:57:44", "id": 1149 }, "geometry": { "type": "Point", "coordinates": [ 136.92635, 35.551416666666661 ] } },
{ "type": "Feature", "properties": { "Name": "R0011160.JPG", "Date": "2021-11-18", "Time": "14:34:17", "North": "", "Azimuth": null, "Cam. Maker": "RICOH                ", "Cam. Model": "RICOH THETA SC     , ... ]", "Timestamp": "2021-11-18T14:34:17", "id": 1150 }, "geometry": { "type": "Point", "coordinates": [ 136.923066666666671, 35.554033333333329 ] } },
{ "type": "Feature", "properties": { "Name": "R0011174.JPG", "Date": "2021-11-25", "Time": "10:03:50", "North": "", "Azimuth": null, "Cam. Maker": "RICOH                ", "Cam. Model": "RICOH THETA SC     , ... ]", "Timestamp": "2021-11-25T10:03:50", "id": 1151 }, "geometry": { "type": "Point", "coordinates": [ 136.922666666666657, 35.554025 ] } },
{ "type": "Feature", "properties": { "Name": "R0010281.JPG", "Date": "2020-04-15", "Time": "11:22:34", "North": "", "Azimuth": null, "Cam. Maker": "RICOH                ", "Cam. Model": "RICOH THETA SC     , ... ]", "Timestamp": "2020-04-15T11:22:34", "id": 1152 }, "geometry": { "type": "Point", "coordinates": [ 136.920316666666679, 35.54996666666667 ] } },
{ "type": "Feature", "properties": { "Name": "R0010295.JPG", "Date": "2020-04-15", "Time": "11:28:07", "North": "", "Azimuth": null, "Cam. Maker": "RICOH                ", "Cam. Model": "RICOH THETA SC     , ... ]", "Timestamp": "2020-04-15T11:28:07", "id": 1153 }, "geometry": { "type": "Point", "coordinates": [ 136.921083333333343, 35.54911666666667 ] } },
{ "type": "Feature", "properties": { "Name": "R0010040.JPG", "Date": "2020-04-15", "Time": "09:42:10", "North": "", "Azimuth": null, "Cam. Maker": "RICOH                ", "Cam. Model": "RICOH THETA SC     , ... ]", "Timestamp": "2020-04-15T09:42:10", "id": 1154 }, "geometry": { "type": "Point", "coordinates": [ 136.921333333333337, 35.55065 ] } },
{ "type": "Feature", "properties": { "Name": "R0011438.JPG", "Date": "2021-11-29", "Time": "12:37:44", "North": "", "Azimuth": null, "Cam. Maker": "RICOH                ", "Cam. Model": "RICOH THETA SC     , ... ]", "Timestamp": "2021-11-29T12:37:44", "id": 1155 }, "geometry": { "type": "Point", "coordinates": [ 136.92295, 35.55425 ] } },
{ "type": "Feature", "properties": { "Name": "R0010726.JPG", "Date": "2021-10-11", "Time": "16:18:49", "North": "", "Azimuth": null, "Cam. Maker": "RICOH                ", "Cam. Model": "RICOH THETA SC     , ... ]", "Timestamp": "2021-10-11T16:18:49", "id": 1156 }, "geometry": { "type": "Point", "coordinates": [ 136.9234222222222, 35.553366666666662 ] } },
{ "type": "Feature", "properties": { "Name": "R0010732.JPG", "Date": "2021-10-11", "Time": "16:19:57", "North": "", "Azimuth": null, "Cam. Maker": "RICOH                ", "Cam. Model": "RICOH THETA SC     , ... ]", "Timestamp": "2021-10-11T16:19:57", "id": 1157 }, "geometry": { "type": "Point", "coordinates": [ 136.923377777777773, 35.553897222222218 ] } },
{ "type": "Feature", "properties": { "Name": "R0010054.JPG", "Date": "2020-04-15", "Time": "09:47:31", "North": "", "Azimuth": null, "Cam. Maker": "RICOH                ", "Cam. Model": "RICOH THETA SC     , ... ]", "Timestamp": "2020-04-15T09:47:31", "id": 1158 }, "geometry": { "type": "Point", "coordinates": [ 136.91955, 35.550266666666666 ] } },
{ "type": "Feature", "properties": { "Name": "R0011362.JPG", "Date": "2021-11-29", "Time": "11:38:32", "North": "", "Azimuth": null, "Cam. Maker": "RICOH                ", "Cam. Model": "RICOH THETA SC     , ... ]", "Timestamp": "2021-11-29T11:38:32", "id": 1159 }, "geometry": { "type": "Point", "coordinates": [ 136.92061666666666, 35.547083333333333 ] } },
{ "type": "Feature", "properties": { "Name": "R0011404.JPG", "Date": "2021-11-29", "Time": "12:07:44", "North": "", "Azimuth": null, "Cam. Maker": "RICOH                ", "Cam. Model": "RICOH THETA SC     , ... ]", "Timestamp": "2021-11-29T12:07:44", "id": 1160 }, "geometry": { "type": "Point", "coordinates": [ 136.919983333333334, 35.54763333333333 ] } },
{ "type": "Feature", "properties": { "Name": "R0011410.JPG", "Date": "2021-11-29", "Time": "12:09:21", "North": "", "Azimuth": null, "Cam. Maker": "RICOH                ", "Cam. Model": "RICOH THETA SC     , ... ]", "Timestamp": "2021-11-29T12:09:21", "id": 1161 }, "geometry": { "type": "Point", "coordinates": [ 136.919583333333321, 35.548366666666666 ] } },
{ "type": "Feature", "properties": { "Name": "R0010068.JPG", "Date": "2020-04-15", "Time": "09:54:49", "North": "", "Azimuth": null, "Cam. Maker": "RICOH                ", "Cam. Model": "RICOH THETA SC     , ... ]", "Timestamp": "2020-04-15T09:54:49", "id": 1162 }, "geometry": { "type": "Point", "coordinates": [ 136.920016666666669, 35.54995 ] } },
{ "type": "Feature", "properties": { "Name": "R0011376.JPG", "Date": "2021-11-29", "Time": "11:43:14", "North": "", "Azimuth": null, "Cam. Maker": "RICOH                ", "Cam. Model": "RICOH THETA SC     , ... ]", "Timestamp": "2021-11-29T11:43:14", "id": 1163 }, "geometry": { "type": "Point", "coordinates": [ 136.921816666666643, 35.54585 ] } },
{ "type": "Feature", "properties": { "Name": "R0010083.JPG", "Date": "2020-04-15", "Time": "10:04:44", "North": "", "Azimuth": null, "Cam. Maker": "RICOH                ", "Cam. Model": "RICOH THETA SC     , ... ]", "Timestamp": "2020-04-15T10:04:44", "id": 1164 }, "geometry": { "type": "Point", "coordinates": [ 136.920283333333344, 35.549233333333333 ] } },
{ "type": "Feature", "properties": { "Name": "R0010929.JPG", "Date": "2021-10-14", "Time": "15:24:47", "North": "", "Azimuth": null, "Cam. Maker": "RICOH                ", "Cam. Model": "RICOH THETA SC     , ... ]", "Timestamp": "2021-10-14T15:24:47", "id": 1165 }, "geometry": { "type": "Point", "coordinates": [ 136.922475, 35.55205 ] } },
{ "type": "Feature", "properties": { "Name": "R0011389.JPG", "Date": "2021-11-29", "Time": "11:47:00", "North": "", "Azimuth": null, "Cam. Maker": "RICOH                ", "Cam. Model": "RICOH THETA SC     , ... ]", "Timestamp": "2021-11-29T11:47:00", "id": 1166 }, "geometry": { "type": "Point", "coordinates": [ 136.922, 35.544333333333334 ] } },
{ "type": "Feature", "properties": { "Name": "R0010097.JPG", "Date": "2020-04-15", "Time": "10:14:27", "North": "", "Azimuth": null, "Cam. Maker": "RICOH                ", "Cam. Model": "RICOH THETA SC     , ... ]", "Timestamp": "2020-04-15T10:14:27", "id": 1167 }, "geometry": { "type": "Point", "coordinates": [ 136.921383333333324, 35.548416666666668 ] } },
{ "type": "Feature", "properties": { "Name": "R0010901.JPG", "Date": "2021-10-14", "Time": "15:16:54", "North": "", "Azimuth": null, "Cam. Maker": "RICOH                ", "Cam. Model": "RICOH THETA SC     , ... ]", "Timestamp": "2021-10-14T15:16:54", "id": 1168 }, "geometry": { "type": "Point", "coordinates": [ 136.92355, 35.552433333333333 ] } },
{ "type": "Feature", "properties": { "Name": "R0010915.JPG", "Date": "2021-10-14", "Time": "15:20:32", "North": "", "Azimuth": null, "Cam. Maker": "RICOH                ", "Cam. Model": "RICOH THETA SC     , ... ]", "Timestamp": "2021-10-14T15:20:32", "id": 1169 }, "geometry": { "type": "Point", "coordinates": [ 136.92231754262508, 35.552745320088938 ] } },
{ "type": "Feature", "properties": { "Name": "R0010914.JPG", "Date": "2021-10-14", "Time": "15:20:16", "North": "", "Azimuth": null, "Cam. Maker": "RICOH                ", "Cam. Model": "RICOH THETA SC     , ... ]", "Timestamp": "2021-10-14T15:20:16", "id": 1170 }, "geometry": { "type": "Point", "coordinates": [ 136.9225, 35.552547222222216 ] } },
{ "type": "Feature", "properties": { "Name": "R0010900.JPG", "Date": "2021-10-14", "Time": "15:04:07", "North": "", "Azimuth": null, "Cam. Maker": "RICOH                ", "Cam. Model": "RICOH THETA SC     , ... ]", "Timestamp": "2021-10-14T15:04:07", "id": 1171 }, "geometry": { "type": "Point", "coordinates": [ 136.922827777777769, 35.553091666666667 ] } },
{ "type": "Feature", "properties": { "Name": "R0010928.JPG", "Date": "2021-10-14", "Time": "15:24:33", "North": "", "Azimuth": null, "Cam. Maker": "RICOH                ", "Cam. Model": "RICOH THETA SC     , ... ]", "Timestamp": "2021-10-14T15:24:33", "id": 1172 }, "geometry": { "type": "Point", "coordinates": [ 136.92235, 35.5521 ] } },
{ "type": "Feature", "properties": { "Name": "R0010096.JPG", "Date": "2020-04-15", "Time": "10:14:06", "North": "", "Azimuth": null, "Cam. Maker": "RICOH                ", "Cam. Model": "RICOH THETA SC     , ... ]", "Timestamp": "2020-04-15T10:14:06", "id": 1173 }, "geometry": { "type": "Point", "coordinates": [ 136.92125, 35.54845 ] } },
{ "type": "Feature", "properties": { "Name": "R0011388.JPG", "Date": "2021-11-29", "Time": "11:46:45", "North": "", "Azimuth": null, "Cam. Maker": "RICOH                ", "Cam. Model": "RICOH THETA SC     , ... ]", "Timestamp": "2021-11-29T11:46:45", "id": 1174 }, "geometry": { "type": "Point", "coordinates": [ 136.921972222222223, 35.544444444444444 ] } },
{ "type": "Feature", "properties": { "Name": "R0010082.JPG", "Date": "2020-04-15", "Time": "10:04:26", "North": "", "Azimuth": null, "Cam. Maker": "RICOH                ", "Cam. Model": "RICOH THETA SC     , ... ]", "Timestamp": "2020-04-15T10:04:26", "id": 1175 }, "geometry": { "type": "Point", "coordinates": [ 136.92025, 35.5493 ] } },
{ "type": "Feature", "properties": { "Name": "R0011411.JPG", "Date": "2021-11-29", "Time": "12:09:35", "North": "", "Azimuth": null, "Cam. Maker": "RICOH                ", "Cam. Model": "RICOH THETA SC     , ... ]", "Timestamp": "2021-11-29T12:09:35", "id": 1176 }, "geometry": { "type": "Point", "coordinates": [ 136.91955, 35.54848333333333 ] } },
{ "type": "Feature", "properties": { "Name": "R0011377.JPG", "Date": "2021-11-29", "Time": "11:43:30", "North": "", "Azimuth": null, "Cam. Maker": "RICOH                ", "Cam. Model": "RICOH THETA SC     , ... ]", "Timestamp": "2021-11-29T11:43:30", "id": 1177 }, "geometry": { "type": "Point", "coordinates": [ 136.921833333333325, 35.545716666666664 ] } },
{ "type": "Feature", "properties": { "Name": "R0010069.JPG", "Date": "2020-04-15", "Time": "09:55:06", "North": "", "Azimuth": null, "Cam. Maker": "RICOH                ", "Cam. Model": "RICOH THETA SC     , ... ]", "Timestamp": "2020-04-15T09:55:06", "id": 1178 }, "geometry": { "type": "Point", "coordinates": [ 136.9199, 35.549883333333334 ] } },
{ "type": "Feature", "properties": { "Name": "R0011363.JPG", "Date": "2021-11-29", "Time": "11:38:48", "North": "", "Azimuth": null, "Cam. Maker": "RICOH                ", "Cam. Model": "RICOH THETA SC     , ... ]", "Timestamp": "2021-11-29T11:38:48", "id": 1179 }, "geometry": { "type": "Point", "coordinates": [ 136.9207, 35.54698333333333 ] } },
{ "type": "Feature", "properties": { "Name": "R0011405.JPG", "Date": "2021-11-29", "Time": "12:07:59", "North": "", "Azimuth": null, "Cam. Maker": "RICOH                ", "Cam. Model": "RICOH THETA SC     , ... ]", "Timestamp": "2021-11-29T12:07:59", "id": 1180 }, "geometry": { "type": "Point", "coordinates": [ 136.919883333333331, 35.547716666666666 ] } },
{ "type": "Feature", "properties": { "Name": "R0010733.JPG", "Date": "2021-10-11", "Time": "16:20:07", "North": "", "Azimuth": null, "Cam. Maker": "RICOH                ", "Cam. Model": "RICOH THETA SC     , ... ]", "Timestamp": "2021-10-11T16:20:07", "id": 1181 }, "geometry": { "type": "Point", "coordinates": [ 136.923386111111114, 35.553994444444442 ] } },
{ "type": "Feature", "properties": { "Name": "R0010055.JPG", "Date": "2020-04-15", "Time": "09:47:51", "North": "", "Azimuth": null, "Cam. Maker": "RICOH                ", "Cam. Model": "RICOH THETA SC     , ... ]", "Timestamp": "2020-04-15T09:47:51", "id": 1182 }, "geometry": { "type": "Point", "coordinates": [ 136.919416666666677, 35.5504 ] } },
{ "type": "Feature", "properties": { "Name": "R0010041.JPG", "Date": "2020-04-15", "Time": "09:42:31", "North": "", "Azimuth": null, "Cam. Maker": "RICOH                ", "Cam. Model": "RICOH THETA SC     , ... ]", "Timestamp": "2020-04-15T09:42:31", "id": 1183 }, "geometry": { "type": "Point", "coordinates": [ 136.921408192808173, 35.550495056423152 ] } },
{ "type": "Feature", "properties": { "Name": "R0010727.JPG", "Date": "2021-10-11", "Time": "16:19:01", "North": "", "Azimuth": null, "Cam. Maker": "RICOH                ", "Cam. Model": "RICOH THETA SC     , ... ]", "Timestamp": "2021-10-11T16:19:01", "id": 1184 }, "geometry": { "type": "Point", "coordinates": [ 136.923413888888888, 35.553458333333332 ] } },
{ "type": "Feature", "properties": { "Name": "R0011439.JPG", "Date": "2021-11-29", "Time": "12:38:14", "North": "", "Azimuth": null, "Cam. Maker": "RICOH                ", "Cam. Model": "RICOH THETA SC     , ... ]", "Timestamp": "2021-11-29T12:38:14", "id": 1185 }, "geometry": { "type": "Point", "coordinates": [ 136.922916666666652, 35.5543 ] } },
{ "type": "Feature", "properties": { "Name": "R0010294.JPG", "Date": "2020-04-15", "Time": "11:27:45", "North": "", "Azimuth": null, "Cam. Maker": "RICOH                ", "Cam. Model": "RICOH THETA SC     , ... ]", "Timestamp": "2020-04-15T11:27:45", "id": 1186 }, "geometry": { "type": "Point", "coordinates": [ 136.921016666666674, 35.549183333333332 ] } },
{ "type": "Feature", "properties": { "Name": "R0010280.JPG", "Date": "2020-04-15", "Time": "11:22:17", "North": "", "Azimuth": null, "Cam. Maker": "RICOH                ", "Cam. Model": "RICOH THETA SC     , ... ]", "Timestamp": "2020-04-15T11:22:17", "id": 1187 }, "geometry": { "type": "Point", "coordinates": [ 136.920316666666679, 35.550033333333332 ] } },
{ "type": "Feature", "properties": { "Name": "R0011175.JPG", "Date": "2021-11-25", "Time": "10:07:16", "North": "", "Azimuth": null, "Cam. Maker": "RICOH                ", "Cam. Model": "RICOH THETA SC     , ... ]", "Timestamp": "2021-11-25T10:07:16", "id": 1188 }, "geometry": { "type": "Point", "coordinates": [ 136.922225, 35.553802777777776 ] } },
{ "type": "Feature", "properties": { "Name": "R0010519.JPG", "Date": "2021-10-11", "Time": "14:58:02", "North": "", "Azimuth": null, "Cam. Maker": "RICOH                ", "Cam. Model": "RICOH THETA SC     , ... ]", "Timestamp": "2021-10-11T14:58:02", "id": 1189 }, "geometry": { "type": "Point", "coordinates": [ 136.926316666666651, 35.55148333333333 ] } },
{ "type": "Feature", "properties": { "Name": "R0011161.JPG", "Date": "2021-11-18", "Time": "14:34:30", "North": "", "Azimuth": null, "Cam. Maker": "RICOH                ", "Cam. Model": "RICOH THETA SC     , ... ]", "Timestamp": "2021-11-18T14:34:30", "id": 1190 }, "geometry": { "type": "Point", "coordinates": [ 136.923066666666671, 35.553933333333333 ] } },
{ "type": "Feature", "properties": { "Name": "R0010257.JPG", "Date": "2020-04-15", "Time": "11:05:15", "North": "", "Azimuth": null, "Cam. Maker": "RICOH                ", "Cam. Model": "RICOH THETA SC     , ... ]", "Timestamp": "2020-04-15T11:05:15", "id": 1191 }, "geometry": { "type": "Point", "coordinates": [ 136.92175, 35.5511 ] } },
{ "type": "Feature", "properties": { "Name": "R0010531.JPG", "Date": "2021-10-11", "Time": "15:01:03", "North": "", "Azimuth": null, "Cam. Maker": "RICOH                ", "Cam. Model": "RICOH THETA SC     , ... ]", "Timestamp": "2021-10-11T15:01:03", "id": 1192 }, "geometry": { "type": "Point", "coordinates": [ 136.925733333333312, 35.551383333333334 ] } },
{ "type": "Feature", "properties": { "Name": "R0010525.JPG", "Date": "2021-10-11", "Time": "14:59:30", "North": "", "Azimuth": null, "Cam. Maker": "RICOH                ", "Cam. Model": "RICOH THETA SC     , ... ]", "Timestamp": "2021-10-11T14:59:30", "id": 1193 }, "geometry": { "type": "Point", "coordinates": [ 136.926033333333322, 35.55128333333333 ] } },
{ "type": "Feature", "properties": { "Name": "R0010243.JPG", "Date": "2020-04-15", "Time": "11:00:51", "North": "", "Azimuth": null, "Cam. Maker": "RICOH                ", "Cam. Model": "RICOH THETA SC     , ... ]", "Timestamp": "2020-04-15T11:00:51", "id": 1194 }, "geometry": { "type": "Point", "coordinates": [ 136.921516666666662, 35.550483333333332 ] } },
{ "type": "Feature", "properties": { "Name": "R0010486.JPG", "Date": "2021-10-06", "Time": "13:01:34", "North": "", "Azimuth": null, "Cam. Maker": "RICOH                ", "Cam. Model": "RICOH THETA SC     , ... ]", "Timestamp": "2021-10-06T13:01:34", "id": 1195 }, "geometry": { "type": "Point", "coordinates": [ 136.923833333333334, 35.547466666666665 ] } },
{ "type": "Feature", "properties": { "Name": "R0010492.JPG", "Date": "2021-10-06", "Time": "13:03:55", "North": "", "Azimuth": null, "Cam. Maker": "RICOH                ", "Cam. Model": "RICOH THETA SC     , ... ]", "Timestamp": "2021-10-06T13:03:55", "id": 1196 }, "geometry": { "type": "Point", "coordinates": [ 136.923375, 35.547819444444443 ] } },
{ "type": "Feature", "properties": { "Name": "R0011001.JPG", "Date": "2021-10-19", "Time": "09:51:45", "North": "", "Azimuth": null, "Cam. Maker": "RICOH                ", "Cam. Model": "RICOH THETA SC     , ... ]", "Timestamp": "2021-10-19T09:51:45", "id": 1197 }, "geometry": { "type": "Point", "coordinates": [ 136.920866666666655, 35.55325 ] } },
{ "type": "Feature", "properties": { "Name": "R0010479.JPG", "Date": "2021-10-06", "Time": "12:58:08", "North": "", "Azimuth": null, "Cam. Maker": "RICOH                ", "Cam. Model": "RICOH THETA SC     , ... ]", "Timestamp": "2021-10-06T12:58:08", "id": 1198 }, "geometry": { "type": "Point", "coordinates": [ 136.924216666666666, 35.54705 ] } },
{ "type": "Feature", "properties": { "Name": "R0011015.JPG", "Date": "2021-10-19", "Time": "09:54:42", "North": "", "Azimuth": null, "Cam. Maker": "RICOH                ", "Cam. Model": "RICOH THETA SC     , ... ]", "Timestamp": "2021-10-19T09:54:42", "id": 1199 }, "geometry": { "type": "Point", "coordinates": [ 136.9214, 35.553366666666662 ] } },
{ "type": "Feature", "properties": { "Name": "R0010323.JPG", "Date": "2020-04-15", "Time": "11:40:53", "North": "", "Azimuth": null, "Cam. Maker": "RICOH                ", "Cam. Model": "RICOH THETA SC     , ... ]", "Timestamp": "2020-04-15T11:40:53", "id": 1200 }, "geometry": { "type": "Point", "coordinates": [ 136.921883333333341, 35.5495 ] } },
{ "type": "Feature", "properties": { "Name": "R0010445.JPG", "Date": "2021-10-06", "Time": "12:45:00", "North": "", "Azimuth": null, "Cam. Maker": "RICOH                ", "Cam. Model": "RICOH THETA SC     , ... ]", "Timestamp": "2021-10-06T12:45:00", "id": 1201 }, "geometry": { "type": "Point", "coordinates": [ 136.926116666666644, 35.549466666666667 ] } },
{ "type": "Feature", "properties": { "Name": "R0010451.JPG", "Date": "2021-10-06", "Time": "12:46:50", "North": "", "Azimuth": null, "Cam. Maker": "RICOH                ", "Cam. Model": "RICOH THETA SC     , ... ]", "Timestamp": "2021-10-06T12:46:50", "id": 1202 }, "geometry": { "type": "Point", "coordinates": [ 136.925683333333325, 35.549016666666667 ] } },
{ "type": "Feature", "properties": { "Name": "R0011029.JPG", "Date": "2021-10-19", "Time": "10:00:09", "North": "", "Azimuth": null, "Cam. Maker": "RICOH                ", "Cam. Model": "RICOH THETA SC     , ... ]", "Timestamp": "2021-10-19T10:00:09", "id": 1203 }, "geometry": { "type": "Point", "coordinates": [ 136.922644444444444, 35.55128333333333 ] } },
{ "type": "Feature", "properties": { "Name": "R0010337.JPG", "Date": "2020-04-15", "Time": "11:44:37", "North": "", "Azimuth": null, "Cam. Maker": "RICOH                ", "Cam. Model": "RICOH THETA SC     , ... ]", "Timestamp": "2020-04-15T11:44:37", "id": 1204 }, "geometry": { "type": "Point", "coordinates": [ 136.92298333333332, 35.549183333333332 ] } },
{ "type": "Feature", "properties": { "Name": "R0010860.JPG", "Date": "2021-10-14", "Time": "14:52:56", "North": "", "Azimuth": null, "Cam. Maker": "RICOH                ", "Cam. Model": "RICOH THETA SC     , ... ]", "Timestamp": "2021-10-14T14:52:56", "id": 1205 }, "geometry": { "type": "Point", "coordinates": [ 136.922383333333329, 35.553933333333333 ] } },
{ "type": "Feature", "properties": { "Name": "konaranomiti.JPG", "Date": "2021-11-29", "Time": "10:20:15", "North": "", "Azimuth": null, "Cam. Maker": "RICOH                ", "Cam. Model": "RICOH THETA SC     , ... ]", "Timestamp": "2021-11-29T10:20:15", "id": 1206 }, "geometry": { "type": "Point", "coordinates": [ 136.919216666666671, 35.554494444444444 ] } },
{ "type": "Feature", "properties": { "Name": "R0010874.JPG", "Date": "2021-10-14", "Time": "14:56:28", "North": "", "Azimuth": null, "Cam. Maker": "RICOH                ", "Cam. Model": "RICOH THETA SC     , ... ]", "Timestamp": "2021-10-14T14:56:28", "id": 1207 }, "geometry": { "type": "Point", "coordinates": [ 136.92265, 35.55495 ] } },
{ "type": "Feature", "properties": { "Name": "R0010684.JPG", "Date": "2021-10-11", "Time": "16:10:49", "North": "", "Azimuth": null, "Cam. Maker": "RICOH                ", "Cam. Model": "RICOH THETA SC     , ... ]", "Timestamp": "2021-10-11T16:10:49", "id": 1208 }, "geometry": { "type": "Point", "coordinates": [ 136.924963888888868, 35.550672222222218 ] } },
{ "type": "Feature", "properties": { "Name": "R0010690.JPG", "Date": "2021-10-11", "Time": "16:11:58", "North": "", "Azimuth": null, "Cam. Maker": "RICOH                ", "Cam. Model": "RICOH THETA SC     , ... ]", "Timestamp": "2021-10-11T16:11:58", "id": 1209 }, "geometry": { "type": "Point", "coordinates": [ 136.924691666666661, 35.55106111111111 ] } },
{ "type": "Feature", "properties": { "Name": "R0010848.JPG", "Date": "2021-10-14", "Time": "14:50:04", "North": "", "Azimuth": null, "Cam. Maker": "RICOH                ", "Cam. Model": "RICOH THETA SC     , ... ]", "Timestamp": "2021-10-14T14:50:04", "id": 1210 }, "geometry": { "type": "Point", "coordinates": [ 136.921875, 35.55383333333333 ] } },
{ "type": "Feature", "properties": { "Name": "R0011203.JPG", "Date": "2021-11-25", "Time": "11:32:04", "North": "", "Azimuth": null, "Cam. Maker": "RICOH                ", "Cam. Model": "RICOH THETA SC     , ... ]", "Timestamp": "2021-11-25T11:32:04", "id": 1211 }, "geometry": { "type": "Point", "coordinates": [ 136.9222, 35.549038888888887 ] } },
{ "type": "Feature", "properties": { "Name": "R0010109.JPG", "Date": "2020-04-15", "Time": "10:19:48", "North": "", "Azimuth": null, "Cam. Maker": "RICOH                ", "Cam. Model": "RICOH THETA SC     , ... ]", "Timestamp": "2020-04-15T10:19:48", "id": 1212 }, "geometry": { "type": "Point", "coordinates": [ 136.9226, 35.54845 ] } },
{ "type": "Feature", "properties": { "Name": "R0011217.JPG", "Date": "2021-11-25", "Time": "11:35:40", "North": "", "Azimuth": null, "Cam. Maker": "RICOH                ", "Cam. Model": "RICOH THETA SC     , ... ]", "Timestamp": "2021-11-25T11:35:40", "id": 1213 }, "geometry": { "type": "Point", "coordinates": [ 136.9219, 35.549516666666662 ] } },
{ "type": "Feature", "properties": { "Name": "R0010647.JPG", "Date": "2021-10-11", "Time": "15:46:21", "North": "", "Azimuth": null, "Cam. Maker": "RICOH                ", "Cam. Model": "RICOH THETA SC     , ... ]", "Timestamp": "2021-10-11T15:46:21", "id": 1214 }, "geometry": { "type": "Point", "coordinates": [ 136.923691666666656, 35.549861111111106 ] } },
{ "type": "Feature", "properties": { "Name": "R0010121.JPG", "Date": "2020-04-15", "Time": "10:24:02", "North": "", "Azimuth": null, "Cam. Maker": "RICOH                ", "Cam. Model": "RICOH THETA SC     , ... ]", "Timestamp": "2020-04-15T10:24:02", "id": 1215 }, "geometry": { "type": "Point", "coordinates": [ 136.92365, 35.54805 ] } },
{ "type": "Feature", "properties": { "Name": "R0010135.JPG", "Date": "2020-04-15", "Time": "10:27:28", "North": "", "Azimuth": null, "Cam. Maker": "RICOH                ", "Cam. Model": "RICOH THETA SC     , ... ]", "Timestamp": "2020-04-15T10:27:28", "id": 1216 }, "geometry": { "type": "Point", "coordinates": [ 136.924333333333323, 35.548433333333335 ] } },
{ "type": "Feature", "properties": { "Name": "R0010653.JPG", "Date": "2021-10-11", "Time": "15:47:53", "North": "", "Azimuth": null, "Cam. Maker": "RICOH                ", "Cam. Model": "RICOH THETA SC     , ... ]", "Timestamp": "2021-10-11T15:47:53", "id": 1217 }, "geometry": { "type": "Point", "coordinates": [ 136.923533333333324, 35.549733333333329 ] } },
{ "type": "Feature", "properties": { "Name": "R0011213.JPG", "Date": "2021-11-25", "Time": "11:34:36", "North": "", "Azimuth": null, "Cam. Maker": "RICOH                ", "Cam. Model": "RICOH THETA SC     , ... ]", "Timestamp": "2021-11-25T11:34:36", "id": 1218 }, "geometry": { "type": "Point", "coordinates": [ 136.922133333333335, 35.549416666666666 ] } },
{ "type": "Feature", "properties": { "Name": "R0011207.JPG", "Date": "2021-11-25", "Time": "11:33:10", "North": "", "Azimuth": null, "Cam. Maker": "RICOH                ", "Cam. Model": "RICOH THETA SC     , ... ]", "Timestamp": "2021-11-25T11:33:10", "id": 1219 }, "geometry": { "type": "Point", "coordinates": [ 136.92225, 35.549166666666665 ] } },
{ "type": "Feature", "properties": { "Name": "R0010119.JPG", "Date": "2020-04-15", "Time": "10:23:33", "North": "", "Azimuth": null, "Cam. Maker": "RICOH                ", "Cam. Model": "RICOH THETA SC     , ... ]", "Timestamp": "2020-04-15T10:23:33", "id": 1220 }, "geometry": { "type": "Point", "coordinates": [ 136.923533333333324, 35.54815 ] } },
{ "type": "Feature", "properties": { "Name": "R0010657.JPG", "Date": "2021-10-11", "Time": "15:49:43", "North": "", "Azimuth": null, "Cam. Maker": "RICOH                ", "Cam. Model": "RICOH THETA SC     , ... ]", "Timestamp": "2021-10-11T15:49:43", "id": 1221 }, "geometry": { "type": "Point", "coordinates": [ 136.923333333333318, 35.549866666666667 ] } },
{ "type": "Feature", "properties": { "Name": "R0010131.JPG", "Date": "2020-04-15", "Time": "10:26:39", "North": "", "Azimuth": null, "Cam. Maker": "RICOH                ", "Cam. Model": "RICOH THETA SC     , ... ]", "Timestamp": "2020-04-15T10:26:39", "id": 1222 }, "geometry": { "type": "Point", "coordinates": [ 136.924433333333326, 35.54815 ] } },
{ "type": "Feature", "properties": { "Name": "R0010125.JPG", "Date": "2020-04-15", "Time": "10:25:08", "North": "", "Azimuth": null, "Cam. Maker": "RICOH                ", "Cam. Model": "RICOH THETA SC     , ... ]", "Timestamp": "2020-04-15T10:25:08", "id": 1223 }, "geometry": { "type": "Point", "coordinates": [ 136.924, 35.547966666666667 ] } },
{ "type": "Feature", "properties": { "Name": "R0010643.JPG", "Date": "2021-10-11", "Time": "15:43:47", "North": "", "Azimuth": null, "Cam. Maker": "RICOH                ", "Cam. Model": "RICOH THETA SC     , ... ]", "Timestamp": "2021-10-11T15:43:47", "id": 1224 }, "geometry": { "type": "Point", "coordinates": [ 136.92402222222222, 35.549705555555555 ] } },
{ "type": "Feature", "properties": { "Name": "R0010870.JPG", "Date": "2021-10-14", "Time": "14:55:19", "North": "", "Azimuth": null, "Cam. Maker": "RICOH                ", "Cam. Model": "RICOH THETA SC     , ... ]", "Timestamp": "2021-10-14T14:55:19", "id": 1225 }, "geometry": { "type": "Point", "coordinates": [ 136.92285, 35.554663888888889 ] } },
{ "type": "Feature", "properties": { "Name": "R0010864.JPG", "Date": "2021-10-14", "Time": "14:53:47", "North": "", "Azimuth": null, "Cam. Maker": "RICOH                ", "Cam. Model": "RICOH THETA SC     , ... ]", "Timestamp": "2021-10-14T14:53:47", "id": 1226 }, "geometry": { "type": "Point", "coordinates": [ 136.922577777777775, 35.554213888888889 ] } },
{ "type": "Feature", "properties": { "Name": "R0010694.JPG", "Date": "2021-10-11", "Time": "16:12:37", "North": "", "Azimuth": null, "Cam. Maker": "RICOH                ", "Cam. Model": "RICOH THETA SC     , ... ]", "Timestamp": "2021-10-11T16:12:37", "id": 1227 }, "geometry": { "type": "Point", "coordinates": [ 136.924525773540353, 35.551283647467159 ] } },
{ "type": "Feature", "properties": { "Name": "R0010858.JPG", "Date": "2021-10-14", "Time": "14:52:18", "North": "", "Azimuth": null, "Cam. Maker": "RICOH                ", "Cam. Model": "RICOH THETA SC     , ... ]", "Timestamp": "2021-10-14T14:52:18", "id": 1228 }, "geometry": { "type": "Point", "coordinates": [ 136.9223111111111, 35.553863888888884 ] } },
{ "type": "Feature", "properties": { "Name": "R0010680.JPG", "Date": "2021-10-11", "Time": "16:10:05", "North": "", "Azimuth": null, "Cam. Maker": "RICOH                ", "Cam. Model": "RICOH THETA SC     , ... ]", "Timestamp": "2021-10-11T16:10:05", "id": 1229 }, "geometry": { "type": "Point", "coordinates": [ 136.924658333333326, 35.550438888888884 ] } },
{ "type": "Feature", "properties": { "Name": "R0011011.JPG", "Date": "2021-10-19", "Time": "09:53:46", "North": "", "Azimuth": null, "Cam. Maker": "RICOH                ", "Cam. Model": "RICOH THETA SC     , ... ]", "Timestamp": "2021-10-19T09:53:46", "id": 1230 }, "geometry": { "type": "Point", "coordinates": [ 136.921030555555546, 35.55320833333333 ] } },
{ "type": "Feature", "properties": { "Name": "R0010469.JPG", "Date": "2021-10-06", "Time": "12:54:11", "North": "", "Azimuth": null, "Cam. Maker": "RICOH                ", "Cam. Model": "RICOH THETA SC     , ... ]", "Timestamp": "2021-10-06T12:54:11", "id": 1231 }, "geometry": { "type": "Point", "coordinates": [ 136.92495, 35.54763333333333 ] } },
{ "type": "Feature", "properties": { "Name": "R0011005.JPG", "Date": "2021-10-19", "Time": "09:52:29", "North": "", "Azimuth": null, "Cam. Maker": "RICOH                ", "Cam. Model": "RICOH THETA SC     , ... ]", "Timestamp": "2021-10-19T09:52:29", "id": 1232 }, "geometry": { "type": "Point", "coordinates": [ 136.920761111111091, 35.552922222222222 ] } },
{ "type": "Feature", "properties": { "Name": "R0010333.JPG", "Date": "2020-04-15", "Time": "11:43:36", "North": "", "Azimuth": null, "Cam. Maker": "RICOH                ", "Cam. Model": "RICOH THETA SC     , ... ]", "Timestamp": "2020-04-15T11:43:36", "id": 1233 }, "geometry": { "type": "Point", "coordinates": [ 136.922733333333326, 35.5493 ] } },
{ "type": "Feature", "properties": { "Name": "R0010455.JPG", "Date": "2021-10-06", "Time": "12:48:11", "North": "", "Azimuth": null, "Cam. Maker": "RICOH                ", "Cam. Model": "RICOH THETA SC     , ... ]", "Timestamp": "2021-10-06T12:48:11", "id": 1234 }, "geometry": { "type": "Point", "coordinates": [ 136.9255, 35.54881944444444 ] } },
{ "type": "Feature", "properties": { "Name": "R0010441.JPG", "Date": "2021-10-06", "Time": "12:40:53", "North": "", "Azimuth": null, "Cam. Maker": "RICOH                ", "Cam. Model": "RICOH THETA SC     , ... ]", "Timestamp": "2021-10-06T12:40:53", "id": 1235 }, "geometry": { "type": "Point", "coordinates": [ 136.926486111111103, 35.549663888888887 ] } },
{ "type": "Feature", "properties": { "Name": "R0010327.JPG", "Date": "2020-04-15", "Time": "11:41:58", "North": "", "Azimuth": null, "Cam. Maker": "RICOH                ", "Cam. Model": "RICOH THETA SC     , ... ]", "Timestamp": "2020-04-15T11:41:58", "id": 1236 }, "geometry": { "type": "Point", "coordinates": [ 136.92225, 35.549583333333331 ] } },
{ "type": "Feature", "properties": { "Name": "R0011039.JPG", "Date": "2021-10-19", "Time": "10:08:20", "North": "", "Azimuth": null, "Cam. Maker": "RICOH                ", "Cam. Model": "RICOH THETA SC     , ... ]", "Timestamp": "2021-10-19T10:08:20", "id": 1237 }, "geometry": { "type": "Point", "coordinates": [ 136.921366666666671, 35.552566666666664 ] } },
{ "type": "Feature", "properties": { "Name": "R0010496.JPG", "Date": "2021-10-06", "Time": "13:06:18", "North": "", "Azimuth": null, "Cam. Maker": "RICOH                ", "Cam. Model": "RICOH THETA SC     , ... ]", "Timestamp": "2021-10-06T13:06:18", "id": 1238 }, "geometry": { "type": "Point", "coordinates": [ 136.922966666666667, 35.548133333333332 ] } },
{ "type": "Feature", "properties": { "Name": "R0010482.JPG", "Date": "2021-10-06", "Time": "12:59:34", "North": "", "Azimuth": null, "Cam. Maker": "RICOH                ", "Cam. Model": "RICOH THETA SC     , ... ]", "Timestamp": "2021-10-06T12:59:34", "id": 1239 }, "geometry": { "type": "Point", "coordinates": [ 136.924083333333328, 35.547255555555552 ] } },
{ "type": "Feature", "properties": { "Name": "R0011165.JPG", "Date": "2021-11-18", "Time": "14:35:21", "North": "", "Azimuth": null, "Cam. Maker": "RICOH                ", "Cam. Model": "RICOH THETA SC     , ... ]", "Timestamp": "2021-11-18T14:35:21", "id": 1240 }, "geometry": { "type": "Point", "coordinates": [ 136.923019444444435, 35.553563888888888 ] } },
{ "type": "Feature", "properties": { "Name": "R0011171.JPG", "Date": "2021-11-25", "Time": "09:54:45", "North": "", "Azimuth": null, "Cam. Maker": "RICOH                ", "Cam. Model": "RICOH THETA SC     , ... ]", "Timestamp": "2021-11-25T09:54:45", "id": 1241 }, "geometry": { "type": "Point", "coordinates": [ 136.922122222222214, 35.55609444444444 ] } },
{ "type": "Feature", "properties": { "Name": "R0011159.JPG", "Date": "2021-11-18", "Time": "14:34:05", "North": "", "Azimuth": null, "Cam. Maker": "RICOH                ", "Cam. Model": "RICOH THETA SC     , ... ]", "Timestamp": "2021-11-18T14:34:05", "id": 1242 }, "geometry": { "type": "Point", "coordinates": [ 136.92306111111111, 35.554116666666665 ] } },
{ "type": "Feature", "properties": { "Name": "R0010247.JPG", "Date": "2020-04-15", "Time": "11:02:11", "North": "", "Azimuth": null, "Cam. Maker": "RICOH                ", "Cam. Model": "RICOH THETA SC     , ... ]", "Timestamp": "2020-04-15T11:02:11", "id": 1243 }, "geometry": { "type": "Point", "coordinates": [ 136.921766666666656, 35.550683333333332 ] } },
{ "type": "Feature", "properties": { "Name": "R0010521.JPG", "Date": "2021-10-11", "Time": "14:58:32", "North": "", "Azimuth": null, "Cam. Maker": "RICOH                ", "Cam. Model": "RICOH THETA SC     , ... ]", "Timestamp": "2021-10-11T14:58:32", "id": 1244 }, "geometry": { "type": "Point", "coordinates": [ 136.92625, 35.55148333333333 ] } },
{ "type": "Feature", "properties": { "Name": "R0010535.JPG", "Date": "2021-10-11", "Time": "15:02:14", "North": "", "Azimuth": null, "Cam. Maker": "RICOH                ", "Cam. Model": "RICOH THETA SC     , ... ]", "Timestamp": "2021-10-11T15:02:14", "id": 1245 }, "geometry": { "type": "Point", "coordinates": [ 136.925333333333327, 35.5513 ] } },
{ "type": "Feature", "properties": { "Name": "R0010253.JPG", "Date": "2020-04-15", "Time": "11:04:02", "North": "", "Azimuth": null, "Cam. Maker": "RICOH                ", "Cam. Model": "RICOH THETA SC     , ... ]", "Timestamp": "2020-04-15T11:04:02", "id": 1246 }, "geometry": { "type": "Point", "coordinates": [ 136.92155, 35.551016666666669 ] } },
{ "type": "Feature", "properties": { "Name": "R0010284.JPG", "Date": "2020-04-15", "Time": "11:23:43", "North": "", "Azimuth": null, "Cam. Maker": "RICOH                ", "Cam. Model": "RICOH THETA SC     , ... ]", "Timestamp": "2020-04-15T11:23:43", "id": 1247 }, "geometry": { "type": "Point", "coordinates": [ 136.920333333333332, 35.549816666666665 ] } },
{ "type": "Feature", "properties": { "Name": "R0010290.JPG", "Date": "2020-04-15", "Time": "11:25:51", "North": "", "Azimuth": null, "Cam. Maker": "RICOH                ", "Cam. Model": "RICOH THETA SC     , ... ]", "Timestamp": "2020-04-15T11:25:51", "id": 1248 }, "geometry": { "type": "Point", "coordinates": [ 136.9208, 35.549466666666667 ] } },
{ "type": "Feature", "properties": { "Name": "R0011401.JPG", "Date": "2021-11-29", "Time": "12:06:58", "North": "", "Azimuth": null, "Cam. Maker": "RICOH                ", "Cam. Model": "RICOH THETA SC     , ... ]", "Timestamp": "2021-11-29T12:06:58", "id": 1249 }, "geometry": { "type": "Point", "coordinates": [ 136.920433333333335, 35.54765 ] } },
{ "type": "Feature", "properties": { "Name": "R0010079.JPG", "Date": "2020-04-15", "Time": "10:01:02", "North": "", "Azimuth": null, "Cam. Maker": "RICOH                ", "Cam. Model": "RICOH THETA SC     , ... ]", "Timestamp": "2020-04-15T10:01:02", "id": 1250 }, "geometry": { "type": "Point", "coordinates": [ 136.920016666666669, 35.549416666666666 ] } },
{ "type": "Feature", "properties": { "Name": "R0011367.JPG", "Date": "2021-11-29", "Time": "11:40:49", "North": "", "Azimuth": null, "Cam. Maker": "RICOH                ", "Cam. Model": "RICOH THETA SC     , ... ]", "Timestamp": "2021-11-29T11:40:49", "id": 1251 }, "geometry": { "type": "Point", "coordinates": [ 136.921016666666645, 35.546566666666664 ] } },
{ "type": "Feature", "properties": { "Name": "R0011373.JPG", "Date": "2021-11-29", "Time": "11:42:23", "North": "", "Azimuth": null, "Cam. Maker": "RICOH                ", "Cam. Model": "RICOH THETA SC     , ... ]", "Timestamp": "2021-11-29T11:42:23", "id": 1252 }, "geometry": { "type": "Point", "coordinates": [ 136.921366666666671, 35.545966666666665 ] } },
{ "type": "Feature", "properties": { "Name": "R0011415.JPG", "Date": "2021-11-29", "Time": "12:10:52", "North": "", "Azimuth": null, "Cam. Maker": "RICOH                ", "Cam. Model": "RICOH THETA SC     , ... ]", "Timestamp": "2021-11-29T12:10:52", "id": 1253 }, "geometry": { "type": "Point", "coordinates": [ 136.919333333333327, 35.548783333333333 ] } },
{ "type": "Feature", "properties": { "Name": "R0010723.JPG", "Date": "2021-10-11", "Time": "16:18:15", "North": "", "Azimuth": null, "Cam. Maker": "RICOH                ", "Cam. Model": "RICOH THETA SC     , ... ]", "Timestamp": "2021-10-11T16:18:15", "id": 1254 }, "geometry": { "type": "Point", "coordinates": [ 136.9235, 35.553036111111105 ] } },
{ "type": "Feature", "properties": { "Name": "R0010045.JPG", "Date": "2020-04-15", "Time": "09:43:55", "North": "", "Azimuth": null, "Cam. Maker": "RICOH                ", "Cam. Model": "RICOH THETA SC     , ... ]", "Timestamp": "2020-04-15T09:43:55", "id": 1255 }, "geometry": { "type": "Point", "coordinates": [ 136.920783333333333, 35.550366666666669 ] } },
{ "type": "Feature", "properties": { "Name": "R0010051.JPG", "Date": "2020-04-15", "Time": "09:46:26", "North": "", "Azimuth": null, "Cam. Maker": "RICOH                ", "Cam. Model": "RICOH THETA SC     , ... ]", "Timestamp": "2020-04-15T09:46:26", "id": 1256 }, "geometry": { "type": "Point", "coordinates": [ 136.919866666666678, 35.550366666666669 ] } },
{ "type": "Feature", "properties": { "Name": "R0011429.JPG", "Date": "2021-11-29", "Time": "12:32:59", "North": "", "Azimuth": null, "Cam. Maker": "RICOH                ", "Cam. Model": "RICOH THETA SC     , ... ]", "Timestamp": "2021-11-29T12:32:59", "id": 1257 }, "geometry": { "type": "Point", "coordinates": [ 136.922633333333323, 35.5538 ] } },
{ "type": "Feature", "properties": { "Name": "R0010737.JPG", "Date": "2021-10-11", "Time": "16:24:08", "North": "", "Azimuth": null, "Cam. Maker": "RICOH                ", "Cam. Model": "RICOH THETA SC     , ... ]", "Timestamp": "2021-10-11T16:24:08", "id": 1258 }, "geometry": { "type": "Point", "coordinates": [ 136.923561111111098, 35.552572222222217 ] } },
{ "type": "Feature", "properties": { "Name": "R0010904.JPG", "Date": "2021-10-14", "Time": "15:17:34", "North": "", "Azimuth": null, "Cam. Maker": "RICOH                ", "Cam. Model": "RICOH THETA SC     , ... ]", "Timestamp": "2021-10-14T15:17:34", "id": 1259 }, "geometry": { "type": "Point", "coordinates": [ 136.923633333333328, 35.552366666666664 ] } },
{ "type": "Feature", "properties": { "Name": "R0010910.JPG", "Date": "2021-10-14", "Time": "15:19:11", "North": "", "Azimuth": null, "Cam. Maker": "RICOH                ", "Cam. Model": "RICOH THETA SC     , ... ]", "Timestamp": "2021-10-14T15:19:11", "id": 1260 }, "geometry": { "type": "Point", "coordinates": [ 136.922908333333311, 35.552505555555555 ] } },
{ "type": "Feature", "properties": { "Name": "R0010938.JPG", "Date": "2021-10-14", "Time": "15:33:15", "North": "", "Azimuth": null, "Cam. Maker": "RICOH                ", "Cam. Model": "RICOH THETA SC     , ... ]", "Timestamp": "2021-10-14T15:33:15", "id": 1261 }, "geometry": { "type": "Point", "coordinates": [ 136.923266666666649, 35.55185 ] } },
{ "type": "Feature", "properties": { "Name": "R0011398.JPG", "Date": "2021-11-29", "Time": "11:49:26", "North": "", "Azimuth": null, "Cam. Maker": "RICOH                ", "Cam. Model": "RICOH THETA SC     , ... ]", "Timestamp": "2021-11-29T11:49:26", "id": 1262 }, "geometry": { "type": "Point", "coordinates": [ 136.922966666666667, 35.5435 ] } },
{ "type": "Feature", "properties": { "Name": "R0010086.JPG", "Date": "2020-04-15", "Time": "10:05:47", "North": "", "Azimuth": null, "Cam. Maker": "RICOH                ", "Cam. Model": "RICOH THETA SC     , ... ]", "Timestamp": "2020-04-15T10:05:47", "id": 1263 }, "geometry": { "type": "Point", "coordinates": [ 136.920516666666657, 35.54905 ] } },
{ "type": "Feature", "properties": { "Name": "R0010092.JPG", "Date": "2020-04-15", "Time": "10:12:58", "North": "", "Azimuth": null, "Cam. Maker": "RICOH                ", "Cam. Model": "RICOH THETA SC     , ... ]", "Timestamp": "2020-04-15T10:12:58", "id": 1264 }, "geometry": { "type": "Point", "coordinates": [ 136.92091666666667, 35.548716666666664 ] } },
{ "type": "Feature", "properties": { "Name": "R0010093.JPG", "Date": "2020-04-15", "Time": "10:13:14", "North": "", "Azimuth": null, "Cam. Maker": "RICOH                ", "Cam. Model": "RICOH THETA SC     , ... ]", "Timestamp": "2020-04-15T10:13:14", "id": 1265 }, "geometry": { "type": "Point", "coordinates": [ 136.920966666666658, 35.548633333333335 ] } },
{ "type": "Feature", "properties": { "Name": "R0010939.JPG", "Date": "2021-10-14", "Time": "15:33:30", "North": "", "Azimuth": null, "Cam. Maker": "RICOH                ", "Cam. Model": "RICOH THETA SC     , ... ]", "Timestamp": "2021-10-14T15:33:30", "id": 1266 }, "geometry": { "type": "Point", "coordinates": [ 136.923333333333318, 35.551816666666667 ] } },
{ "type": "Feature", "properties": { "Name": "R0010087.JPG", "Date": "2020-04-15", "Time": "10:06:25", "North": "", "Azimuth": null, "Cam. Maker": "RICOH                ", "Cam. Model": "RICOH THETA SC     , ... ]", "Timestamp": "2020-04-15T10:06:25", "id": 1267 }, "geometry": { "type": "Point", "coordinates": [ 136.92065, 35.548966666666665 ] } },
{ "type": "Feature", "properties": { "Name": "R0011399.JPG", "Date": "2021-11-29", "Time": "11:49:42", "North": "", "Azimuth": null, "Cam. Maker": "RICOH                ", "Cam. Model": "RICOH THETA SC     , ... ]", "Timestamp": "2021-11-29T11:49:42", "id": 1268 }, "geometry": { "type": "Point", "coordinates": [ 136.9231, 35.543416666666666 ] } },
{ "type": "Feature", "properties": { "Name": "R0010911.JPG", "Date": "2021-10-14", "Time": "15:19:26", "North": "", "Azimuth": null, "Cam. Maker": "RICOH                ", "Cam. Model": "RICOH THETA SC     , ... ]", "Timestamp": "2021-10-14T15:19:26", "id": 1269 }, "geometry": { "type": "Point", "coordinates": [ 136.922802777777775, 35.552522222222223 ] } },
{ "type": "Feature", "properties": { "Name": "R0010905.JPG", "Date": "2021-10-14", "Time": "15:17:51", "North": "", "Azimuth": null, "Cam. Maker": "RICOH                ", "Cam. Model": "RICOH THETA SC     , ... ]", "Timestamp": "2021-10-14T15:17:51", "id": 1270 }, "geometry": { "type": "Point", "coordinates": [ 136.923522222222203, 35.552369444444444 ] } },
{ "type": "Feature", "properties": { "Name": "R0010050.JPG", "Date": "2020-04-15", "Time": "09:46:10", "North": "", "Azimuth": null, "Cam. Maker": "RICOH                ", "Cam. Model": "RICOH THETA SC     , ... ]", "Timestamp": "2020-04-15T09:46:10", "id": 1271 }, "geometry": { "type": "Point", "coordinates": [ 136.9199, 35.5505 ] } },
{ "type": "Feature", "properties": { "Name": "R0010736.JPG", "Date": "2021-10-11", "Time": "16:23:57", "North": "", "Azimuth": null, "Cam. Maker": "RICOH                ", "Cam. Model": "RICOH THETA SC     , ... ]", "Timestamp": "2021-10-11T16:23:57", "id": 1272 }, "geometry": { "type": "Point", "coordinates": [ 136.923566666666659, 35.552666666666667 ] } },
{ "type": "Feature", "properties": { "Name": "R0011428.JPG", "Date": "2021-11-29", "Time": "12:32:33", "North": "", "Azimuth": null, "Cam. Maker": "RICOH                ", "Cam. Model": "RICOH THETA SC     , ... ]", "Timestamp": "2021-11-29T12:32:33", "id": 1273 }, "geometry": { "type": "Point", "coordinates": [ 136.92255, 35.553866666666664 ] } },
{ "type": "Feature", "properties": { "Name": "R0010722.JPG", "Date": "2021-10-11", "Time": "16:18:03", "North": "", "Azimuth": null, "Cam. Maker": "RICOH                ", "Cam. Model": "RICOH THETA SC     , ... ]", "Timestamp": "2021-10-11T16:18:03", "id": 1274 }, "geometry": { "type": "Point", "coordinates": [ 136.923527777777764, 35.552927777777775 ] } },
{ "type": "Feature", "properties": { "Name": "R0010044.JPG", "Date": "2020-04-15", "Time": "09:43:33", "North": "", "Azimuth": null, "Cam. Maker": "RICOH                ", "Cam. Model": "RICOH THETA SC     , ... ]", "Timestamp": "2020-04-15T09:43:33", "id": 1275 }, "geometry": { "type": "Point", "coordinates": [ 136.920983333333339, 35.550366666666669 ] } },
{ "type": "Feature", "properties": { "Name": "R0011372.JPG", "Date": "2021-11-29", "Time": "11:42:07", "North": "", "Azimuth": null, "Cam. Maker": "RICOH                ", "Cam. Model": "RICOH THETA SC     , ... ]", "Timestamp": "2021-11-29T11:42:07", "id": 1276 }, "geometry": { "type": "Point", "coordinates": [ 136.921216666666652, 35.546016666666667 ] } },
{ "type": "Feature", "properties": { "Name": "R0011414.JPG", "Date": "2021-11-29", "Time": "12:10:23", "North": "", "Azimuth": null, "Cam. Maker": "RICOH                ", "Cam. Model": "RICOH THETA SC     , ... ]", "Timestamp": "2021-11-29T12:10:23", "id": 1277 }, "geometry": { "type": "Point", "coordinates": [ 136.919425, 35.548605555555554 ] } },
{ "type": "Feature", "properties": { "Name": "R0011400.JPG", "Date": "2021-11-29", "Time": "11:49:59", "North": "", "Azimuth": null, "Cam. Maker": "RICOH                ", "Cam. Model": "RICOH THETA SC     , ... ]", "Timestamp": "2021-11-29T11:49:59", "id": 1278 }, "geometry": { "type": "Point", "coordinates": [ 136.923183333333327, 35.543333333333329 ] } },
{ "type": "Feature", "properties": { "Name": "R0011366.JPG", "Date": "2021-11-29", "Time": "11:39:42", "North": "", "Azimuth": null, "Cam. Maker": "RICOH                ", "Cam. Model": "RICOH THETA SC     , ... ]", "Timestamp": "2021-11-29T11:39:42", "id": 1279 }, "geometry": { "type": "Point", "coordinates": [ 136.921063888888881, 35.546802777777778 ] } },
{ "type": "Feature", "properties": { "Name": "R0010078.JPG", "Date": "2020-04-15", "Time": "10:00:30", "North": "", "Azimuth": null, "Cam. Maker": "RICOH                ", "Cam. Model": "RICOH THETA SC     , ... ]", "Timestamp": "2020-04-15T10:00:30", "id": 1280 }, "geometry": { "type": "Point", "coordinates": [ 136.91995, 35.54945 ] } },
{ "type": "Feature", "properties": { "Name": "R0010291.JPG", "Date": "2020-04-15", "Time": "11:26:15", "North": "", "Azimuth": null, "Cam. Maker": "RICOH                ", "Cam. Model": "RICOH THETA SC     , ... ]", "Timestamp": "2020-04-15T11:26:15", "id": 1281 }, "geometry": { "type": "Point", "coordinates": [ 136.920883333333336, 35.5494 ] } },
{ "type": "Feature", "properties": { "Name": "R0010285.JPG", "Date": "2020-04-15", "Time": "11:24:04", "North": "", "Azimuth": null, "Cam. Maker": "RICOH                ", "Cam. Model": "RICOH THETA SC     , ... ]", "Timestamp": "2020-04-15T11:24:04", "id": 1282 }, "geometry": { "type": "Point", "coordinates": [ 136.920416666666654, 35.54975 ] } },
{ "type": "Feature", "properties": { "Name": "R0010534.JPG", "Date": "2021-10-11", "Time": "15:01:52", "North": "", "Azimuth": null, "Cam. Maker": "RICOH                ", "Cam. Model": "RICOH THETA SC     , ... ]", "Timestamp": "2021-10-11T15:01:52", "id": 1283 }, "geometry": { "type": "Point", "coordinates": [ 136.925433333333331, 35.55128333333333 ] } },
{ "type": "Feature", "properties": { "Name": "R0010252.JPG", "Date": "2020-04-15", "Time": "11:03:47", "North": "", "Azimuth": null, "Cam. Maker": "RICOH                ", "Cam. Model": "RICOH THETA SC     , ... ]", "Timestamp": "2020-04-15T11:03:47", "id": 1284 }, "geometry": { "type": "Point", "coordinates": [ 136.921583333333331, 35.55095 ] } },
{ "type": "Feature", "properties": { "Name": "R0010246.JPG", "Date": "2020-04-15", "Time": "11:01:30", "North": "", "Azimuth": null, "Cam. Maker": "RICOH                ", "Cam. Model": "RICOH THETA SC     , ... ]", "Timestamp": "2020-04-15T11:01:30", "id": 1285 }, "geometry": { "type": "Point", "coordinates": [ 136.921733333333322, 35.55065 ] } },
{ "type": "Feature", "properties": { "Name": "R0011158.JPG", "Date": "2021-11-18", "Time": "14:33:53", "North": "", "Azimuth": null, "Cam. Maker": "RICOH                ", "Cam. Model": "RICOH THETA SC     , ... ]", "Timestamp": "2021-11-18T14:33:53", "id": 1286 }, "geometry": { "type": "Point", "coordinates": [ 136.923066666666671, 35.554216666666662 ] } },
{ "type": "Feature", "properties": { "Name": "R0010520.JPG", "Date": "2021-10-11", "Time": "14:58:16", "North": "", "Azimuth": null, "Cam. Maker": "RICOH                ", "Cam. Model": "RICOH THETA SC     , ... ]", "Timestamp": "2021-10-11T14:58:16", "id": 1287 }, "geometry": { "type": "Point", "coordinates": [ 136.9263, 35.55155 ] } },
{ "type": "Feature", "properties": { "Name": "R0010508.JPG", "Date": "2021-10-11", "Time": "14:46:15", "North": "", "Azimuth": null, "Cam. Maker": "RICOH                ", "Cam. Model": "RICOH THETA SC     , ... ]", "Timestamp": "2021-10-11T14:46:15", "id": 1288 }, "geometry": { "type": "Point", "coordinates": [ 136.927266666666668, 35.549597222222218 ] } },
{ "type": "Feature", "properties": { "Name": "R0011164.JPG", "Date": "2021-11-18", "Time": "14:35:07", "North": "", "Azimuth": null, "Cam. Maker": "RICOH                ", "Cam. Model": "RICOH THETA SC     , ... ]", "Timestamp": "2021-11-18T14:35:07", "id": 1289 }, "geometry": { "type": "Point", "coordinates": [ 136.923033333333336, 35.55363333333333 ] } },
{ "type": "Feature", "properties": { "Name": "R0010483.JPG", "Date": "2021-10-06", "Time": "13:00:05", "North": "", "Azimuth": null, "Cam. Maker": "RICOH                ", "Cam. Model": "RICOH THETA SC     , ... ]", "Timestamp": "2021-10-06T13:00:05", "id": 1290 }, "geometry": { "type": "Point", "coordinates": [ 136.92405, 35.547316666666667 ] } },
{ "type": "Feature", "properties": { "Name": "R0010497.JPG", "Date": "2021-10-06", "Time": "13:06:36", "North": "", "Azimuth": null, "Cam. Maker": "RICOH                ", "Cam. Model": "RICOH THETA SC     , ... ]", "Timestamp": "2021-10-06T13:06:36", "id": 1291 }, "geometry": { "type": "Point", "coordinates": [ 136.922891666666658, 35.548230555555556 ] } },
{ "type": "Feature", "properties": { "Name": "R0010440.JPG", "Date": "2021-10-06", "Time": "12:40:38", "North": "", "Azimuth": null, "Cam. Maker": "RICOH                ", "Cam. Model": "RICOH THETA SC     , ... ]", "Timestamp": "2021-10-06T12:40:38", "id": 1292 }, "geometry": { "type": "Point", "coordinates": [ 136.92655, 35.549683333333334 ] } },
{ "type": "Feature", "properties": { "Name": "R0011038.JPG", "Date": "2021-10-19", "Time": "10:08:04", "North": "", "Azimuth": null, "Cam. Maker": "RICOH                ", "Cam. Model": "RICOH THETA SC     , ... ]", "Timestamp": "2021-10-19T10:08:04", "id": 1293 }, "geometry": { "type": "Point", "coordinates": [ 136.921402777777757, 35.552511111111109 ] } },
{ "type": "Feature", "properties": { "Name": "R0010326.JPG", "Date": "2020-04-15", "Time": "11:41:45", "North": "", "Azimuth": null, "Cam. Maker": "RICOH                ", "Cam. Model": "RICOH THETA SC     , ... ]", "Timestamp": "2020-04-15T11:41:45", "id": 1294 }, "geometry": { "type": "Point", "coordinates": [ 136.922166666666669, 35.549583333333331 ] } },
{ "type": "Feature", "properties": { "Name": "R0010332.JPG", "Date": "2020-04-15", "Time": "11:43:13", "North": "", "Azimuth": null, "Cam. Maker": "RICOH                ", "Cam. Model": "RICOH THETA SC     , ... ]", "Timestamp": "2020-04-15T11:43:13", "id": 1295 }, "geometry": { "type": "Point", "coordinates": [ 136.922633333333323, 35.549366666666664 ] } },
{ "type": "Feature", "properties": { "Name": "R0010454.JPG", "Date": "2021-10-06", "Time": "12:47:52", "North": "", "Azimuth": null, "Cam. Maker": "RICOH                ", "Cam. Model": "RICOH THETA SC     , ... ]", "Timestamp": "2021-10-06T12:47:52", "id": 1296 }, "geometry": { "type": "Point", "coordinates": [ 136.925527777777774, 35.54885 ] } },
{ "type": "Feature", "properties": { "Name": "R0011004.JPG", "Date": "2021-10-19", "Time": "09:52:16", "North": "", "Azimuth": null, "Cam. Maker": "RICOH                ", "Cam. Model": "RICOH THETA SC     , ... ]", "Timestamp": "2021-10-19T09:52:16", "id": 1297 }, "geometry": { "type": "Point", "coordinates": [ 136.920816666666667, 35.553016666666664 ] } },
{ "type": "Feature", "properties": { "Name": "R0011010.JPG", "Date": "2021-10-19", "Time": "09:53:32", "North": "", "Azimuth": null, "Cam. Maker": "RICOH                ", "Cam. Model": "RICOH THETA SC     , ... ]", "Timestamp": "2021-10-19T09:53:32", "id": 1298 }, "geometry": { "type": "Point", "coordinates": [ 136.920938888888884, 35.553122222222221 ] } },
{ "type": "Feature", "properties": { "Name": "R0010468.JPG", "Date": "2021-10-06", "Time": "12:53:56", "North": "", "Azimuth": null, "Cam. Maker": "RICOH                ", "Cam. Model": "RICOH THETA SC     , ... ]", "Timestamp": "2021-10-06T12:53:56", "id": 1299 }, "geometry": { "type": "Point", "coordinates": [ 136.92498333333333, 35.5477 ] } },
{ "type": "Feature", "properties": { "Name": "R0010681.JPG", "Date": "2021-10-11", "Time": "16:10:16", "North": "", "Azimuth": null, "Cam. Maker": "RICOH                ", "Cam. Model": "RICOH THETA SC     , ... ]", "Timestamp": "2021-10-11T16:10:16", "id": 1300 }, "geometry": { "type": "Point", "coordinates": [ 136.92475, 35.550483333333332 ] } },
{ "type": "Feature", "properties": { "Name": "R0010859.JPG", "Date": "2021-10-14", "Time": "14:52:44", "North": "", "Azimuth": null, "Cam. Maker": "RICOH                ", "Cam. Model": "RICOH THETA SC     , ... ]", "Timestamp": "2021-10-14T14:52:44", "id": 1301 }, "geometry": { "type": "Point", "coordinates": [ 136.922338888888873, 35.553886111111112 ] } },
{ "type": "Feature", "properties": { "Name": "R0010695.JPG", "Date": "2021-10-11", "Time": "16:12:46", "North": "", "Azimuth": null, "Cam. Maker": "RICOH                ", "Cam. Model": "RICOH THETA SC     , ... ]", "Timestamp": "2021-10-11T16:12:46", "id": 1302 }, "geometry": { "type": "Point", "coordinates": [ 136.924566666666664, 35.551325 ] } },
{ "type": "Feature", "properties": { "Name": "R0010865.JPG", "Date": "2021-10-14", "Time": "14:54:01", "North": "", "Azimuth": null, "Cam. Maker": "RICOH                ", "Cam. Model": "RICOH THETA SC     , ... ]", "Timestamp": "2021-10-14T14:54:01", "id": 1303 }, "geometry": { "type": "Point", "coordinates": [ 136.92261666666667, 35.5543 ] } },
{ "type": "Feature", "properties": { "Name": "R0010871.JPG", "Date": "2021-10-14", "Time": "14:55:34", "North": "", "Azimuth": null, "Cam. Maker": "RICOH                ", "Cam. Model": "RICOH THETA SC     , ... ]", "Timestamp": "2021-10-14T14:55:34", "id": 1304 }, "geometry": { "type": "Point", "coordinates": [ 136.922858333333323, 35.554786111111106 ] } },
{ "type": "Feature", "properties": { "Name": "R0010124.JPG", "Date": "2020-04-15", "Time": "10:24:50", "North": "", "Azimuth": null, "Cam. Maker": "RICOH                ", "Cam. Model": "RICOH THETA SC     , ... ]", "Timestamp": "2020-04-15T10:24:50", "id": 1305 }, "geometry": { "type": "Point", "coordinates": [ 136.923883333333322, 35.547983333333335 ] } },
{ "type": "Feature", "properties": { "Name": "R0010642.JPG", "Date": "2021-10-11", "Time": "15:43:35", "North": "", "Azimuth": null, "Cam. Maker": "RICOH                ", "Cam. Model": "RICOH THETA SC     , ... ]", "Timestamp": "2021-10-11T15:43:35", "id": 1306 }, "geometry": { "type": "Point", "coordinates": [ 136.924069444444427, 35.549683333333334 ] } },
{ "type": "Feature", "properties": { "Name": "R0010656.JPG", "Date": "2021-10-11", "Time": "15:49:17", "North": "", "Azimuth": null, "Cam. Maker": "RICOH                ", "Cam. Model": "RICOH THETA SC     , ... ]", "Timestamp": "2021-10-11T15:49:17", "id": 1307 }, "geometry": { "type": "Point", "coordinates": [ 136.923366666666652, 35.549816666666665 ] } },
{ "type": "Feature", "properties": { "Name": "R0010130.JPG", "Date": "2020-04-15", "Time": "10:26:22", "North": "", "Azimuth": null, "Cam. Maker": "RICOH                ", "Cam. Model": "RICOH THETA SC     , ... ]", "Timestamp": "2020-04-15T10:26:22", "id": 1308 }, "geometry": { "type": "Point", "coordinates": [ 136.924383333333338, 35.548083333333331 ] } },
{ "type": "Feature", "properties": { "Name": "R0010118.JPG", "Date": "2020-04-15", "Time": "10:23:21", "North": "", "Azimuth": null, "Cam. Maker": "RICOH                ", "Cam. Model": "RICOH THETA SC     , ... ]", "Timestamp": "2020-04-15T10:23:21", "id": 1309 }, "geometry": { "type": "Point", "coordinates": [ 136.92345, 35.548133333333332 ] } },
{ "type": "Feature", "properties": { "Name": "R0011206.JPG", "Date": "2021-11-25", "Time": "11:32:52", "North": "", "Azimuth": null, "Cam. Maker": "RICOH                ", "Cam. Model": "RICOH THETA SC     , ... ]", "Timestamp": "2021-11-25T11:32:52", "id": 1310 }, "geometry": { "type": "Point", "coordinates": [ 136.922216666666657, 35.54915 ] } },
{ "type": "Feature", "properties": { "Name": "R0011212.JPG", "Date": "2021-11-25", "Time": "11:34:22", "North": "", "Azimuth": null, "Cam. Maker": "RICOH                ", "Cam. Model": "RICOH THETA SC     , ... ]", "Timestamp": "2021-11-25T11:34:22", "id": 1311 }, "geometry": { "type": "Point", "coordinates": [ 136.922183333333322, 35.549366666666664 ] } },
{ "type": "Feature", "properties": { "Name": "R0011204.JPG", "Date": "2021-11-25", "Time": "11:32:19", "North": "", "Azimuth": null, "Cam. Maker": "RICOH                ", "Cam. Model": "RICOH THETA SC     , ... ]", "Timestamp": "2021-11-25T11:32:19", "id": 1312 }, "geometry": { "type": "Point", "coordinates": [ 136.922161111111109, 35.549102777777776 ] } },
{ "type": "Feature", "properties": { "Name": "R0011210.JPG", "Date": "2021-11-25", "Time": "11:33:48", "North": "", "Azimuth": null, "Cam. Maker": "RICOH                ", "Cam. Model": "RICOH THETA SC     , ... ]", "Timestamp": "2021-11-25T11:33:48", "id": 1313 }, "geometry": { "type": "Point", "coordinates": [ 136.922216666666657, 35.54925 ] } },
{ "type": "Feature", "properties": { "Name": "R0010668.JPG", "Date": "2021-10-11", "Time": "15:53:03", "North": "", "Azimuth": null, "Cam. Maker": "RICOH                ", "Cam. Model": "RICOH THETA SC     , ... ]", "Timestamp": "2021-10-11T15:53:03", "id": 1314 }, "geometry": { "type": "Point", "coordinates": [ 136.92305277777777, 35.550141666666661 ] } },
{ "type": "Feature", "properties": { "Name": "R0010640.JPG", "Date": "2021-10-11", "Time": "15:43:07", "North": "", "Azimuth": null, "Cam. Maker": "RICOH                ", "Cam. Model": "RICOH THETA SC     , ... ]", "Timestamp": "2021-10-11T15:43:07", "id": 1315 }, "geometry": { "type": "Point", "coordinates": [ 136.924186111111112, 35.549636111111113 ] } },
{ "type": "Feature", "properties": { "Name": "R0010898.JPG", "Date": "2021-10-14", "Time": "15:03:39", "North": "", "Azimuth": null, "Cam. Maker": "RICOH                ", "Cam. Model": "RICOH THETA SC     , ... ]", "Timestamp": "2021-10-14T15:03:39", "id": 1316 }, "geometry": { "type": "Point", "coordinates": [ 136.922733333333326, 35.553263888888885 ] } },
{ "type": "Feature", "properties": { "Name": "R0011238.JPG", "Date": "2021-11-25", "Time": "11:47:23", "North": "", "Azimuth": null, "Cam. Maker": "RICOH                ", "Cam. Model": "RICOH THETA SC     , ... ]", "Timestamp": "2021-11-25T11:47:23", "id": 1317 }, "geometry": { "type": "Point", "coordinates": [ 136.921083333333314, 35.549997222222217 ] } },
{ "type": "Feature", "properties": { "Name": "R0010126.JPG", "Date": "2020-04-15", "Time": "10:25:26", "North": "", "Azimuth": null, "Cam. Maker": "RICOH                ", "Cam. Model": "RICOH THETA SC     , ... ]", "Timestamp": "2020-04-15T10:25:26", "id": 1318 }, "geometry": { "type": "Point", "coordinates": [ 136.9241, 35.547933333333333 ] } },
{ "type": "Feature", "properties": { "Name": "R0010132.JPG", "Date": "2020-04-15", "Time": "10:26:52", "North": "", "Azimuth": null, "Cam. Maker": "RICOH                ", "Cam. Model": "RICOH THETA SC     , ... ]", "Timestamp": "2020-04-15T10:26:52", "id": 1319 }, "geometry": { "type": "Point", "coordinates": [ 136.924433333333326, 35.548216666666669 ] } },
{ "type": "Feature", "properties": { "Name": "R0010654.JPG", "Date": "2021-10-11", "Time": "15:48:14", "North": "", "Azimuth": null, "Cam. Maker": "RICOH                ", "Cam. Model": "RICOH THETA SC     , ... ]", "Timestamp": "2021-10-11T15:48:14", "id": 1320 }, "geometry": { "type": "Point", "coordinates": [ 136.923483333333337, 35.549733333333329 ] } },
{ "type": "Feature", "properties": { "Name": "R0010867.JPG", "Date": "2021-10-14", "Time": "14:54:36", "North": "", "Azimuth": null, "Cam. Maker": "RICOH                ", "Cam. Model": "RICOH THETA SC     , ... ]", "Timestamp": "2021-10-14T14:54:36", "id": 1321 }, "geometry": { "type": "Point", "coordinates": [ 136.922686111111091, 35.554433333333328 ] } },
{ "type": "Feature", "properties": { "Name": "R0010873.JPG", "Date": "2021-10-14", "Time": "14:56:12", "North": "", "Azimuth": null, "Cam. Maker": "RICOH                ", "Cam. Model": "RICOH THETA SC     , ... ]", "Timestamp": "2021-10-14T14:56:12", "id": 1322 }, "geometry": { "type": "Point", "coordinates": [ 136.922744444444447, 35.554955555555551 ] } },
{ "type": "Feature", "properties": { "Name": "R0010683.JPG", "Date": "2021-10-11", "Time": "16:10:38", "North": "", "Azimuth": null, "Cam. Maker": "RICOH                ", "Cam. Model": "RICOH THETA SC     , ... ]", "Timestamp": "2021-10-11T16:10:38", "id": 1323 }, "geometry": { "type": "Point", "coordinates": [ 136.924913888888881, 35.5506 ] } },
{ "type": "Feature", "properties": { "Name": "R0010697.JPG", "Date": "2021-10-11", "Time": "16:13:08", "North": "", "Azimuth": null, "Cam. Maker": "RICOH                ", "Cam. Model": "RICOH THETA SC     , ... ]", "Timestamp": "2021-10-11T16:13:08", "id": 1324 }, "geometry": { "type": "Point", "coordinates": [ 136.924566666666664, 35.551433333333328 ] } },
{ "type": "Feature", "properties": { "Name": "R0010318.JPG", "Date": "2020-04-15", "Time": "11:39:37", "North": "", "Azimuth": null, "Cam. Maker": "RICOH                ", "Cam. Model": "RICOH THETA SC     , ... ]", "Timestamp": "2020-04-15T11:39:37", "id": 1325 }, "geometry": { "type": "Point", "coordinates": [ 136.921566666666678, 35.54913333333333 ] } },
{ "type": "Feature", "properties": { "Name": "R0011006.JPG", "Date": "2021-10-19", "Time": "09:52:44", "North": "", "Azimuth": null, "Cam. Maker": "RICOH                ", "Cam. Model": "RICOH THETA SC     , ... ]", "Timestamp": "2021-10-19T09:52:44", "id": 1326 }, "geometry": { "type": "Point", "coordinates": [ 136.920747222222218, 35.552897222222221 ] } },
{ "type": "Feature", "properties": { "Name": "R0011012.JPG", "Date": "2021-10-19", "Time": "09:54:02", "North": "", "Azimuth": null, "Cam. Maker": "RICOH                ", "Cam. Model": "RICOH THETA SC     , ... ]", "Timestamp": "2021-10-19T09:54:02", "id": 1327 }, "geometry": { "type": "Point", "coordinates": [ 136.92115, 35.553269444444439 ] } },
{ "type": "Feature", "properties": { "Name": "R0010324.JPG", "Date": "2020-04-15", "Time": "11:41:11", "North": "", "Azimuth": null, "Cam. Maker": "RICOH                ", "Cam. Model": "RICOH THETA SC     , ... ]", "Timestamp": "2020-04-15T11:41:11", "id": 1328 }, "geometry": { "type": "Point", "coordinates": [ 136.921966666666663, 35.549566666666664 ] } },
{ "type": "Feature", "properties": { "Name": "R0010442.JPG", "Date": "2021-10-06", "Time": "12:43:44", "North": "", "Azimuth": null, "Cam. Maker": "RICOH                ", "Cam. Model": "RICOH THETA SC     , ... ]", "Timestamp": "2021-10-06T12:43:44", "id": 1329 }, "geometry": { "type": "Point", "coordinates": [ 136.926416666666654, 35.549636111111113 ] } },
{ "type": "Feature", "properties": { "Name": "R0010456.JPG", "Date": "2021-10-06", "Time": "12:49:36", "North": "", "Azimuth": null, "Cam. Maker": "RICOH                ", "Cam. Model": "RICOH THETA SC     , ... ]", "Timestamp": "2021-10-06T12:49:36", "id": 1330 }, "geometry": { "type": "Point", "coordinates": [ 136.925533333333334, 35.548766666666666 ] } },
{ "type": "Feature", "properties": { "Name": "R0010330.JPG", "Date": "2020-04-15", "Time": "11:42:42", "North": "", "Azimuth": null, "Cam. Maker": "RICOH                ", "Cam. Model": "RICOH THETA SC     , ... ]", "Timestamp": "2020-04-15T11:42:42", "id": 1331 }, "geometry": { "type": "Point", "coordinates": [ 136.922516666666667, 35.5495 ] } },
{ "type": "Feature", "properties": { "Name": "R0010481.JPG", "Date": "2021-10-06", "Time": "12:59:13", "North": "", "Azimuth": null, "Cam. Maker": "RICOH                ", "Cam. Model": "RICOH THETA SC     , ... ]", "Timestamp": "2021-10-06T12:59:13", "id": 1332 }, "geometry": { "type": "Point", "coordinates": [ 136.924133333333316, 35.547216666666664 ] } },
{ "type": "Feature", "properties": { "Name": "R0010495.JPG", "Date": "2021-10-06", "Time": "13:05:57", "North": "", "Azimuth": null, "Cam. Maker": "RICOH                ", "Cam. Model": "RICOH THETA SC     , ... ]", "Timestamp": "2021-10-06T13:05:57", "id": 1333 }, "geometry": { "type": "Point", "coordinates": [ 136.923016666666655, 35.548033333333329 ] } },
{ "type": "Feature", "properties": { "Name": "R0011166.JPG", "Date": "2021-11-18", "Time": "14:35:34", "North": "", "Azimuth": null, "Cam. Maker": "RICOH                ", "Cam. Model": "RICOH THETA SC     , ... ]", "Timestamp": "2021-11-18T14:35:34", "id": 1334 }, "geometry": { "type": "Point", "coordinates": [ 136.923016666666655, 35.553466666666665 ] } },
{ "type": "Feature", "properties": { "Name": "R0010278.JPG", "Date": "2020-04-15", "Time": "11:21:08", "North": "", "Azimuth": null, "Cam. Maker": "RICOH                ", "Cam. Model": "RICOH THETA SC     , ... ]", "Timestamp": "2020-04-15T11:21:08", "id": 1335 }, "geometry": { "type": "Point", "coordinates": [ 136.9201, 35.55 ] } },
{ "type": "Feature", "properties": { "Name": "R0010250.JPG", "Date": "2020-04-15", "Time": "11:03:21", "North": "", "Azimuth": null, "Cam. Maker": "RICOH                ", "Cam. Model": "RICOH THETA SC     , ... ]", "Timestamp": "2020-04-15T11:03:21", "id": 1336 }, "geometry": { "type": "Point", "coordinates": [ 136.9217, 35.550866666666664 ] } },
{ "type": "Feature", "properties": { "Name": "R0010536.JPG", "Date": "2021-10-11", "Time": "15:02:31", "North": "", "Azimuth": null, "Cam. Maker": "RICOH                ", "Cam. Model": "RICOH THETA SC     , ... ]", "Timestamp": "2021-10-11T15:02:31", "id": 1337 }, "geometry": { "type": "Point", "coordinates": [ 136.925233333333324, 35.55125 ] } },
{ "type": "Feature", "properties": { "Name": "R0010522.JPG", "Date": "2021-10-11", "Time": "14:58:47", "North": "", "Azimuth": null, "Cam. Maker": "RICOH                ", "Cam. Model": "RICOH THETA SC     , ... ]", "Timestamp": "2021-10-11T14:58:47", "id": 1338 }, "geometry": { "type": "Point", "coordinates": [ 136.926183333333313, 35.551433333333328 ] } },
{ "type": "Feature", "properties": { "Name": "R0010244.JPG", "Date": "2020-04-15", "Time": "11:01:05", "North": "", "Azimuth": null, "Cam. Maker": "RICOH                ", "Cam. Model": "RICOH THETA SC     , ... ]", "Timestamp": "2020-04-15T11:01:05", "id": 1339 }, "geometry": { "type": "Point", "coordinates": [ 136.9216, 35.550516666666667 ] } },
{ "type": "Feature", "properties": { "Name": "R0010293.JPG", "Date": "2020-04-15", "Time": "11:27:25", "North": "", "Azimuth": null, "Cam. Maker": "RICOH                ", "Cam. Model": "RICOH THETA SC     , ... ]", "Timestamp": "2020-04-15T11:27:25", "id": 1340 }, "geometry": { "type": "Point", "coordinates": [ 136.920983333333339, 35.549266666666668 ] } },
{ "type": "Feature", "properties": { "Name": "R0010287.JPG", "Date": "2020-04-15", "Time": "11:24:39", "North": "", "Azimuth": null, "Cam. Maker": "RICOH                ", "Cam. Model": "RICOH THETA SC     , ... ]", "Timestamp": "2020-04-15T11:24:39", "id": 1341 }, "geometry": { "type": "Point", "coordinates": [ 136.92055, 35.54965 ] } },
{ "type": "Feature", "properties": { "Name": "R0011199.JPG", "Date": "2021-11-25", "Time": "11:31:13", "North": "", "Azimuth": null, "Cam. Maker": "RICOH                ", "Cam. Model": "RICOH THETA SC     , ... ]", "Timestamp": "2021-11-25T11:31:13", "id": 1342 }, "geometry": { "type": "Point", "coordinates": [ 136.922202777777756, 35.548719444444444 ] } },
{ "type": "Feature", "properties": { "Name": "R0011416.JPG", "Date": "2021-11-29", "Time": "12:11:08", "North": "", "Azimuth": null, "Cam. Maker": "RICOH                ", "Cam. Model": "RICOH THETA SC     , ... ]", "Timestamp": "2021-11-29T12:11:08", "id": 1343 }, "geometry": { "type": "Point", "coordinates": [ 136.9192, 35.548916666666663 ] } },
{ "type": "Feature", "properties": { "Name": "R0010708.JPG", "Date": "2021-10-11", "Time": "16:15:14", "North": "", "Azimuth": null, "Cam. Maker": "RICOH                ", "Cam. Model": "RICOH THETA SC     , ... ]", "Timestamp": "2021-10-11T16:15:14", "id": 1344 }, "geometry": { "type": "Point", "coordinates": [ 136.924313888888889, 35.552158333333331 ] } },
{ "type": "Feature", "properties": { "Name": "R0011370.JPG", "Date": "2021-11-29", "Time": "11:41:34", "North": "", "Azimuth": null, "Cam. Maker": "RICOH                ", "Cam. Model": "RICOH THETA SC     , ... ]", "Timestamp": "2021-11-29T11:41:34", "id": 1345 }, "geometry": { "type": "Point", "coordinates": [ 136.920983333333311, 35.546216666666666 ] } },
{ "type": "Feature", "properties": { "Name": "R0011364.JPG", "Date": "2021-11-29", "Time": "11:39:04", "North": "", "Azimuth": null, "Cam. Maker": "RICOH                ", "Cam. Model": "RICOH THETA SC     , ... ]", "Timestamp": "2021-11-29T11:39:04", "id": 1346 }, "geometry": { "type": "Point", "coordinates": [ 136.92083333333332, 35.546916666666668 ] } },
{ "type": "Feature", "properties": { "Name": "R0011402.JPG", "Date": "2021-11-29", "Time": "12:07:13", "North": "", "Azimuth": null, "Cam. Maker": "RICOH                ", "Cam. Model": "RICOH THETA SC     , ... ]", "Timestamp": "2021-11-29T12:07:13", "id": 1347 }, "geometry": { "type": "Point", "coordinates": [ 136.9203, 35.54765 ] } },
{ "type": "Feature", "properties": { "Name": "R0010734.JPG", "Date": "2021-10-11", "Time": "16:20:18", "North": "", "Azimuth": null, "Cam. Maker": "RICOH                ", "Cam. Model": "RICOH THETA SC     , ... ]", "Timestamp": "2021-10-11T16:20:18", "id": 1348 }, "geometry": { "type": "Point", "coordinates": [ 136.923402777777767, 35.554077777777778 ] } },
{ "type": "Feature", "properties": { "Name": "R0010052.JPG", "Date": "2020-04-15", "Time": "09:46:45", "North": "", "Azimuth": null, "Cam. Maker": "RICOH                ", "Cam. Model": "RICOH THETA SC     , ... ]", "Timestamp": "2020-04-15T09:46:45", "id": 1349 }, "geometry": { "type": "Point", "coordinates": [ 136.919833333333344, 35.5502 ] } },
{ "type": "Feature", "properties": { "Name": "R0010046.JPG", "Date": "2020-04-15", "Time": "09:44:52", "North": "", "Azimuth": null, "Cam. Maker": "RICOH                ", "Cam. Model": "RICOH THETA SC     , ... ]", "Timestamp": "2020-04-15T09:44:52", "id": 1350 }, "geometry": { "type": "Point", "coordinates": [ 136.920533333333339, 35.5504 ] } },
{ "type": "Feature", "properties": { "Name": "R0011358.JPG", "Date": "2021-11-29", "Time": "11:37:32", "North": "", "Azimuth": null, "Cam. Maker": "RICOH                ", "Cam. Model": "RICOH THETA SC     , ... ]", "Timestamp": "2021-11-29T11:37:32", "id": 1351 }, "geometry": { "type": "Point", "coordinates": [ 136.920666666666648, 35.547533333333334 ] } },
{ "type": "Feature", "properties": { "Name": "R0010720.JPG", "Date": "2021-10-11", "Time": "16:17:39", "North": "", "Azimuth": null, "Cam. Maker": "RICOH                ", "Cam. Model": "RICOH THETA SC     , ... ]", "Timestamp": "2021-10-11T16:17:39", "id": 1352 }, "geometry": { "type": "Point", "coordinates": [ 136.923552777777758, 35.552736111111109 ] } },
{ "type": "Feature", "properties": { "Name": "R0010913.JPG", "Date": "2021-10-14", "Time": "15:19:59", "North": "", "Azimuth": null, "Cam. Maker": "RICOH                ", "Cam. Model": "RICOH THETA SC     , ... ]", "Timestamp": "2021-10-14T15:19:59", "id": 1353 }, "geometry": { "type": "Point", "coordinates": [ 136.922572222222215, 35.552508333333328 ] } },
{ "type": "Feature", "properties": { "Name": "R0010907.JPG", "Date": "2021-10-14", "Time": "15:18:25", "North": "", "Azimuth": null, "Cam. Maker": "RICOH                ", "Cam. Model": "RICOH THETA SC     , ... ]", "Timestamp": "2021-10-14T15:18:25", "id": 1354 }, "geometry": { "type": "Point", "coordinates": [ 136.92328333333333, 35.552427777777773 ] } },
{ "type": "Feature", "properties": { "Name": "R0010091.JPG", "Date": "2020-04-15", "Time": "10:12:44", "North": "", "Azimuth": null, "Cam. Maker": "RICOH                ", "Cam. Model": "RICOH THETA SC     , ... ]", "Timestamp": "2020-04-15T10:12:44", "id": 1355 }, "geometry": { "type": "Point", "coordinates": [ 136.920834992430997, 35.548824776786979 ] } },
{ "type": "Feature", "properties": { "Name": "R0010085.JPG", "Date": "2020-04-15", "Time": "10:05:15", "North": "", "Azimuth": null, "Cam. Maker": "RICOH                ", "Cam. Model": "RICOH THETA SC     , ... ]", "Timestamp": "2020-04-15T10:05:15", "id": 1356 }, "geometry": { "type": "Point", "coordinates": [ 136.920366666666666, 35.54915 ] } },
{ "type": "Feature", "properties": { "Name": "R0010084.JPG", "Date": "2020-04-15", "Time": "10:05:01", "North": "", "Azimuth": null, "Cam. Maker": "RICOH                ", "Cam. Model": "RICOH THETA SC     , ... ]", "Timestamp": "2020-04-15T10:05:01", "id": 1357 }, "geometry": { "type": "Point", "coordinates": [ 136.920333333333332, 35.549183333333332 ] } },
{ "type": "Feature", "properties": { "Name": "R0010090.JPG", "Date": "2020-04-15", "Time": "10:11:58", "North": "", "Azimuth": null, "Cam. Maker": "RICOH                ", "Cam. Model": "RICOH THETA SC     , ... ]", "Timestamp": "2020-04-15T10:11:58", "id": 1358 }, "geometry": { "type": "Point", "coordinates": [ 136.920818675610917, 35.54884867303852 ] } },
{ "type": "Feature", "properties": { "Name": "R0010906.JPG", "Date": "2021-10-14", "Time": "15:18:08", "North": "", "Azimuth": null, "Cam. Maker": "RICOH                ", "Cam. Model": "RICOH THETA SC     , ... ]", "Timestamp": "2021-10-14T15:18:08", "id": 1359 }, "geometry": { "type": "Point", "coordinates": [ 136.923433333333321, 35.552413888888886 ] } },
{ "type": "Feature", "properties": { "Name": "R0010912.JPG", "Date": "2021-10-14", "Time": "15:19:44", "North": "", "Azimuth": null, "Cam. Maker": "RICOH                ", "Cam. Model": "RICOH THETA SC     , ... ]", "Timestamp": "2021-10-14T15:19:44", "id": 1360 }, "geometry": { "type": "Point", "coordinates": [ 136.922663888888877, 35.5525 ] } },
{ "type": "Feature", "properties": { "Name": "R0011359.JPG", "Date": "2021-11-29", "Time": "11:37:45", "North": "", "Azimuth": null, "Cam. Maker": "RICOH                ", "Cam. Model": "RICOH THETA SC     , ... ]", "Timestamp": "2021-11-29T11:37:45", "id": 1361 }, "geometry": { "type": "Point", "coordinates": [ 136.92061666666666, 35.547433333333331 ] } },
{ "type": "Feature", "properties": { "Name": "R0010047.JPG", "Date": "2020-04-15", "Time": "09:45:25", "North": "", "Azimuth": null, "Cam. Maker": "RICOH                ", "Cam. Model": "RICOH THETA SC     , ... ]", "Timestamp": "2020-04-15T09:45:25", "id": 1362 }, "geometry": { "type": "Point", "coordinates": [ 136.92035, 35.550433333333331 ] } },
{ "type": "Feature", "properties": { "Name": "R0010721.JPG", "Date": "2021-10-11", "Time": "16:17:52", "North": "", "Azimuth": null, "Cam. Maker": "RICOH                ", "Cam. Model": "RICOH THETA SC     , ... ]", "Timestamp": "2021-10-11T16:17:52", "id": 1363 }, "geometry": { "type": "Point", "coordinates": [ 136.923552777777758, 35.552816666666665 ] } },
{ "type": "Feature", "properties": { "Name": "R0010735.JPG", "Date": "2021-10-11", "Time": "16:20:32", "North": "", "Azimuth": null, "Cam. Maker": "RICOH                ", "Cam. Model": "RICOH THETA SC     , ... ]", "Timestamp": "2021-10-11T16:20:32", "id": 1364 }, "geometry": { "type": "Point", "coordinates": [ 136.923433333333321, 35.55426111111111 ] } },
{ "type": "Feature", "properties": { "Name": "R0010053.JPG", "Date": "2020-04-15", "Time": "09:47:16", "North": "", "Azimuth": null, "Cam. Maker": "RICOH                ", "Cam. Model": "RICOH THETA SC     , ... ]", "Timestamp": "2020-04-15T09:47:16", "id": 1365 }, "geometry": { "type": "Point", "coordinates": [ 136.91965, 35.550183333333337 ] } },
{ "type": "Feature", "properties": { "Name": "R0011365.JPG", "Date": "2021-11-29", "Time": "11:39:19", "North": "", "Azimuth": null, "Cam. Maker": "RICOH                ", "Cam. Model": "RICOH THETA SC     , ... ]", "Timestamp": "2021-11-29T11:39:19", "id": 1366 }, "geometry": { "type": "Point", "coordinates": [ 136.92095, 35.546852777777779 ] } },
{ "type": "Feature", "properties": { "Name": "R0011403.JPG", "Date": "2021-11-29", "Time": "12:07:29", "North": "", "Azimuth": null, "Cam. Maker": "RICOH                ", "Cam. Model": "RICOH THETA SC     , ... ]", "Timestamp": "2021-11-29T12:07:29", "id": 1367 }, "geometry": { "type": "Point", "coordinates": [ 136.92015, 35.54763333333333 ] } },
{ "type": "Feature", "properties": { "Name": "R0010709.JPG", "Date": "2021-10-11", "Time": "16:15:23", "North": "", "Azimuth": null, "Cam. Maker": "RICOH                ", "Cam. Model": "RICOH THETA SC     , ... ]", "Timestamp": "2021-10-11T16:15:23", "id": 1368 }, "geometry": { "type": "Point", "coordinates": [ 136.92431666666667, 35.552208333333333 ] } },
{ "type": "Feature", "properties": { "Name": "R0011417.JPG", "Date": "2021-11-29", "Time": "12:11:26", "North": "", "Azimuth": null, "Cam. Maker": "RICOH                ", "Cam. Model": "RICOH THETA SC     , ... ]", "Timestamp": "2021-11-29T12:11:26", "id": 1369 }, "geometry": { "type": "Point", "coordinates": [ 136.919116666666667, 35.549066666666661 ] } },
{ "type": "Feature", "properties": { "Name": "R0011371.JPG", "Date": "2021-11-29", "Time": "11:41:49", "North": "", "Azimuth": null, "Cam. Maker": "RICOH                ", "Cam. Model": "RICOH THETA SC     , ... ]", "Timestamp": "2021-11-29T11:41:49", "id": 1370 }, "geometry": { "type": "Point", "coordinates": [ 136.921033333333327, 35.5461 ] } },
{ "type": "Feature", "properties": { "Name": "R0011198.JPG", "Date": "2021-11-25", "Time": "11:31:00", "North": "", "Azimuth": null, "Cam. Maker": "RICOH                ", "Cam. Model": "RICOH THETA SC     , ... ]", "Timestamp": "2021-11-25T11:31:00", "id": 1371 }, "geometry": { "type": "Point", "coordinates": [ 136.922197222222223, 35.548683333333329 ] } },
{ "type": "Feature", "properties": { "Name": "R0010286.JPG", "Date": "2020-04-15", "Time": "11:24:22", "North": "", "Azimuth": null, "Cam. Maker": "RICOH                ", "Cam. Model": "RICOH THETA SC     , ... ]", "Timestamp": "2020-04-15T11:24:22", "id": 1372 }, "geometry": { "type": "Point", "coordinates": [ 136.9205, 35.5497 ] } },
{ "type": "Feature", "properties": { "Name": "R0010292.JPG", "Date": "2020-04-15", "Time": "11:26:35", "North": "", "Azimuth": null, "Cam. Maker": "RICOH                ", "Cam. Model": "RICOH THETA SC     , ... ]", "Timestamp": "2020-04-15T11:26:35", "id": 1373 }, "geometry": { "type": "Point", "coordinates": [ 136.92095, 35.54931666666667 ] } },
{ "type": "Feature", "properties": { "Name": "R0010523.JPG", "Date": "2021-10-11", "Time": "14:59:03", "North": "", "Azimuth": null, "Cam. Maker": "RICOH                ", "Cam. Model": "RICOH THETA SC     , ... ]", "Timestamp": "2021-10-11T14:59:03", "id": 1374 }, "geometry": { "type": "Point", "coordinates": [ 136.9261, 35.55135 ] } },
{ "type": "Feature", "properties": { "Name": "R0010245.JPG", "Date": "2020-04-15", "Time": "11:01:19", "North": "", "Azimuth": null, "Cam. Maker": "RICOH                ", "Cam. Model": "RICOH THETA SC     , ... ]", "Timestamp": "2020-04-15T11:01:19", "id": 1375 }, "geometry": { "type": "Point", "coordinates": [ 136.921683333333334, 35.550583333333336 ] } },
{ "type": "Feature", "properties": { "Name": "R0010251.JPG", "Date": "2020-04-15", "Time": "11:03:34", "North": "", "Azimuth": null, "Cam. Maker": "RICOH                ", "Cam. Model": "RICOH THETA SC     , ... ]", "Timestamp": "2020-04-15T11:03:34", "id": 1376 }, "geometry": { "type": "Point", "coordinates": [ 136.921633333333347, 35.5509 ] } },
{ "type": "Feature", "properties": { "Name": "R0010537.JPG", "Date": "2021-10-11", "Time": "15:02:41", "North": "", "Azimuth": null, "Cam. Maker": "RICOH                ", "Cam. Model": "RICOH THETA SC     , ... ]", "Timestamp": "2021-10-11T15:02:41", "id": 1377 }, "geometry": { "type": "Point", "coordinates": [ 136.9252, 35.551233333333329 ] } },
{ "type": "Feature", "properties": { "Name": "R0010279.JPG", "Date": "2020-04-15", "Time": "11:21:59", "North": "", "Azimuth": null, "Cam. Maker": "RICOH                ", "Cam. Model": "RICOH THETA SC     , ... ]", "Timestamp": "2020-04-15T11:21:59", "id": 1378 }, "geometry": { "type": "Point", "coordinates": [ 136.9203, 35.5501 ] } },
{ "type": "Feature", "properties": { "Name": "R0011173.JPG", "Date": "2021-11-25", "Time": "09:57:38", "North": "", "Azimuth": null, "Cam. Maker": "RICOH                ", "Cam. Model": "RICOH THETA SC     , ... ]", "Timestamp": "2021-11-25T09:57:38", "id": 1379 }, "geometry": { "type": "Point", "coordinates": [ 136.922686111111091, 35.555691666666661 ] } },
{ "type": "Feature", "properties": { "Name": "R0010494.JPG", "Date": "2021-10-06", "Time": "13:05:34", "North": "", "Azimuth": null, "Cam. Maker": "RICOH                ", "Cam. Model": "RICOH THETA SC     , ... ]", "Timestamp": "2021-10-06T13:05:34", "id": 1380 }, "geometry": { "type": "Point", "coordinates": [ 136.923172222222206, 35.547941666666667 ] } },
{ "type": "Feature", "properties": { "Name": "R0010480.JPG", "Date": "2021-10-06", "Time": "12:58:52", "North": "", "Azimuth": null, "Cam. Maker": "RICOH                ", "Cam. Model": "RICOH THETA SC     , ... ]", "Timestamp": "2021-10-06T12:58:52", "id": 1381 }, "geometry": { "type": "Point", "coordinates": [ 136.92415, 35.547116666666668 ] } },
{ "type": "Feature", "properties": { "Name": "R0010457.JPG", "Date": "2021-10-06", "Time": "12:49:59", "North": "", "Azimuth": null, "Cam. Maker": "RICOH                ", "Cam. Model": "RICOH THETA SC     , ... ]", "Timestamp": "2021-10-06T12:49:59", "id": 1382 }, "geometry": { "type": "Point", "coordinates": [ 136.925458333333324, 35.548725 ] } },
{ "type": "Feature", "properties": { "Name": "R0010331.JPG", "Date": "2020-04-15", "Time": "11:43:00", "North": "", "Azimuth": null, "Cam. Maker": "RICOH                ", "Cam. Model": "RICOH THETA SC     , ... ]", "Timestamp": "2020-04-15T11:43:00", "id": 1383 }, "geometry": { "type": "Point", "coordinates": [ 136.922583333333336, 35.549433333333333 ] } },
{ "type": "Feature", "properties": { "Name": "R0010325.JPG", "Date": "2020-04-15", "Time": "11:41:31", "North": "", "Azimuth": null, "Cam. Maker": "RICOH                ", "Cam. Model": "RICOH THETA SC     , ... ]", "Timestamp": "2020-04-15T11:41:31", "id": 1384 }, "geometry": { "type": "Point", "coordinates": [ 136.922083333333347, 35.5496 ] } },
{ "type": "Feature", "properties": { "Name": "R0010443.JPG", "Date": "2021-10-06", "Time": "12:44:22", "North": "", "Azimuth": null, "Cam. Maker": "RICOH                ", "Cam. Model": "RICOH THETA SC     , ... ]", "Timestamp": "2021-10-06T12:44:22", "id": 1385 }, "geometry": { "type": "Point", "coordinates": [ 136.926316666666651, 35.549583333333331 ] } },
{ "type": "Feature", "properties": { "Name": "R0011013.JPG", "Date": "2021-10-19", "Time": "09:54:17", "North": "", "Azimuth": null, "Cam. Maker": "RICOH                ", "Cam. Model": "RICOH THETA SC     , ... ]", "Timestamp": "2021-10-19T09:54:17", "id": 1386 }, "geometry": { "type": "Point", "coordinates": [ 136.92125, 35.553336111111108 ] } },
{ "type": "Feature", "properties": { "Name": "R0011007.JPG", "Date": "2021-10-19", "Time": "09:52:57", "North": "", "Azimuth": null, "Cam. Maker": "RICOH                ", "Cam. Model": "RICOH THETA SC     , ... ]", "Timestamp": "2021-10-19T09:52:57", "id": 1387 }, "geometry": { "type": "Point", "coordinates": [ 136.920886111111088, 35.552877777777773 ] } },
{ "type": "Feature", "properties": { "Name": "R0010319.JPG", "Date": "2020-04-15", "Time": "11:39:48", "North": "", "Azimuth": null, "Cam. Maker": "RICOH                ", "Cam. Model": "RICOH THETA SC     , ... ]", "Timestamp": "2020-04-15T11:39:48", "id": 1388 }, "geometry": { "type": "Point", "coordinates": [ 136.9216, 35.5492 ] } },
{ "type": "Feature", "properties": { "Name": "R0010696.JPG", "Date": "2021-10-11", "Time": "16:12:57", "North": "", "Azimuth": null, "Cam. Maker": "RICOH                ", "Cam. Model": "RICOH THETA SC     , ... ]", "Timestamp": "2021-10-11T16:12:57", "id": 1389 }, "geometry": { "type": "Point", "coordinates": [ 136.924594444444438, 35.551380555555554 ] } },
{ "type": "Feature", "properties": { "Name": "R0010682.JPG", "Date": "2021-10-11", "Time": "16:10:27", "North": "", "Azimuth": null, "Cam. Maker": "RICOH                ", "Cam. Model": "RICOH THETA SC     , ... ]", "Timestamp": "2021-10-11T16:10:27", "id": 1390 }, "geometry": { "type": "Point", "coordinates": [ 136.924822222222218, 35.550538888888887 ] } },
{ "type": "Feature", "properties": { "Name": "R0010872.JPG", "Date": "2021-10-14", "Time": "14:55:43", "North": "", "Azimuth": null, "Cam. Maker": "RICOH                ", "Cam. Model": "RICOH THETA SC     , ... ]", "Timestamp": "2021-10-14T14:55:43", "id": 1391 }, "geometry": { "type": "Point", "coordinates": [ 136.922863888888884, 35.554894444444443 ] } },
{ "type": "Feature", "properties": { "Name": "R0010866.JPG", "Date": "2021-10-14", "Time": "14:54:23", "North": "", "Azimuth": null, "Cam. Maker": "RICOH                ", "Cam. Model": "RICOH THETA SC     , ... ]", "Timestamp": "2021-10-14T14:54:23", "id": 1392 }, "geometry": { "type": "Point", "coordinates": [ 136.922655555555536, 35.554380555555554 ] } },
{ "type": "Feature", "properties": { "Name": "R0010133.JPG", "Date": "2020-04-15", "Time": "10:27:05", "North": "", "Azimuth": null, "Cam. Maker": "RICOH                ", "Cam. Model": "RICOH THETA SC     , ... ]", "Timestamp": "2020-04-15T10:27:05", "id": 1393 }, "geometry": { "type": "Point", "coordinates": [ 136.9244, 35.54828333333333 ] } },
{ "type": "Feature", "properties": { "Name": "R0010655.JPG", "Date": "2021-10-11", "Time": "15:48:41", "North": "", "Azimuth": null, "Cam. Maker": "RICOH                ", "Cam. Model": "RICOH THETA SC     , ... ]", "Timestamp": "2021-10-11T15:48:41", "id": 1394 }, "geometry": { "type": "Point", "coordinates": [ 136.923416666666668, 35.549766666666663 ] } },
{ "type": "Feature", "properties": { "Name": "R0010899.JPG", "Date": "2021-10-14", "Time": "15:03:53", "North": "", "Azimuth": null, "Cam. Maker": "RICOH                ", "Cam. Model": "RICOH THETA SC     , ... ]", "Timestamp": "2021-10-14T15:03:53", "id": 1395 }, "geometry": { "type": "Point", "coordinates": [ 136.922786111111094, 35.553177777777776 ] } },
{ "type": "Feature", "properties": { "Name": "R0010641.JPG", "Date": "2021-10-11", "Time": "15:43:18", "North": "", "Azimuth": null, "Cam. Maker": "RICOH                ", "Cam. Model": "RICOH THETA SC     , ... ]", "Timestamp": "2021-10-11T15:43:18", "id": 1396 }, "geometry": { "type": "Point", "coordinates": [ 136.924136111111096, 35.549661111111106 ] } },
{ "type": "Feature", "properties": { "Name": "R0010127.JPG", "Date": "2020-04-15", "Time": "10:25:40", "North": "", "Azimuth": null, "Cam. Maker": "RICOH                ", "Cam. Model": "RICOH THETA SC     , ... ]", "Timestamp": "2020-04-15T10:25:40", "id": 1397 }, "geometry": { "type": "Point", "coordinates": [ 136.924183333333332, 35.54795 ] } },
{ "type": "Feature", "properties": { "Name": "R0011239.JPG", "Date": "2021-11-25", "Time": "11:48:13", "North": "", "Azimuth": null, "Cam. Maker": "RICOH                ", "Cam. Model": "RICOH THETA SC     , ... ]", "Timestamp": "2021-11-25T11:48:13", "id": 1398 }, "geometry": { "type": "Point", "coordinates": [ 136.921027777777766, 35.550080555555553 ] } },
{ "type": "Feature", "properties": { "Name": "R0011211.JPG", "Date": "2021-11-25", "Time": "11:34:10", "North": "", "Azimuth": null, "Cam. Maker": "RICOH                ", "Cam. Model": "RICOH THETA SC     , ... ]", "Timestamp": "2021-11-25T11:34:10", "id": 1399 }, "geometry": { "type": "Point", "coordinates": [ 136.9222, 35.549316666666662 ] } },
{ "type": "Feature", "properties": { "Name": "R0010669.JPG", "Date": "2021-10-11", "Time": "15:53:18", "North": "", "Azimuth": null, "Cam. Maker": "RICOH                ", "Cam. Model": "RICOH THETA SC     , ... ]", "Timestamp": "2021-10-11T15:53:18", "id": 1400 }, "geometry": { "type": "Point", "coordinates": [ 136.922958333333327, 35.550155555555556 ] } },
{ "type": "Feature", "properties": { "Name": "R0011205.JPG", "Date": "2021-11-25", "Time": "11:32:33", "North": "", "Azimuth": null, "Cam. Maker": "RICOH                ", "Cam. Model": "RICOH THETA SC     , ... ]", "Timestamp": "2021-11-25T11:32:33", "id": 1401 }, "geometry": { "type": "Point", "coordinates": [ 136.922166666666669, 35.54915 ] } }
]
}
